temperature,vibration_level,power_consumption,pressure,material_flow_rate,cycle_time,machine_type,machine_M001,machine_M002,machine_M003,machine_M004,error_rate,downtime,maintenance_flag,efficiency_score,production_status,timestamp
71.3154179104207,2.154465078822912,15.759164162127222,5.769405395041382,17.11210668111877,122.75406417591752,Drill,True,False,False,False,0.7573741760390094,37,0,5.762582396099063,0,2025-03-10 08:02:00
86.82031656468818,7.222654796660699,20.040572090281454,4.965513160797019,20.700636415990363,121.52850595374888,Drill,False,False,False,True,1.0,0,1,0.0,0,2025-03-10 08:05:00
75.94855178118006,2.1461915711134987,16.348334453523904,4.820436645074797,19.880226269768308,117.6753849281764,Drill,False,False,True,False,0.7695828713795183,38,0,4.041712862048172,0,2025-03-10 08:12:00
74.00092337684245,2.1045785359582942,18.51350159732357,4.354100055083467,19.33823496380936,119.08879087910732,Drill,True,False,False,False,0.8251678623416966,41,0,0.0,0,2025-03-10 08:15:00
72.33160342274765,1.682467809907504,15.300148724277454,4.77020531783349,22.363580675560648,114.77906410567988,Drill,False,False,False,True,0.691209273695863,34,0,13.879072630413702,0,2025-03-10 08:24:00
73.08953465627802,1.2505816947521182,17.089602190367682,5.348681034239525,20.02818576696191,124.2396437667764,Drill,False,True,False,False,0.6039930926402988,0,0,39.600690735970126,0,2025-03-10 08:25:00
77.95362106650347,1.4151314846736898,16.53303586664344,4.915102276064028,18.85957334206761,126.1436402761446,Drill,False,False,False,True,0.6288824210866978,31,0,21.61175789133022,0,2025-03-10 08:29:00
77.95362106650347,1.8947451709770575,17.398348087935403,5.013109455022312,22.593951299067136,125.08532771985077,Drill,True,False,False,False,0.7668181181217903,38,0,4.318188187820965,0,2025-03-10 08:30:00
74.48525192085923,2.105111064915901,15.047474911996442,5.132346811362541,17.866912254248103,122.77689828074884,Drill,True,False,False,False,0.758565578971683,0,0,24.1434421028317,0,2025-03-10 08:38:00
78.48467751304933,1.8551517227579244,17.80647979362622,4.867254055271208,21.30435877798013,115.81906442730838,Drill,False,False,True,False,0.7582821277371508,0,0,24.17178722628492,0,2025-03-10 08:41:00
75.67570919416039,1.8315326761008124,18.89965442745302,5.0672922164734775,22.351687264693496,109.5341098880442,Drill,False,False,False,True,0.7942457491923895,0,0,20.57542508076105,0,2025-03-10 08:45:00
77.9732425619111,1.4189741892492609,17.265592131576504,5.444364457893773,18.322652090965956,118.11005127007392,Drill,False,False,False,True,0.6654802546047086,0,0,33.45197453952913,0,2025-03-10 08:56:00
78.6968743153186,2.3449016056636243,16.62692249369246,4.7640338415000265,20.649776100907317,115.74995872619807,Drill,False,False,True,False,0.8215588325496752,0,0,17.84411674503248,0,2025-03-10 09:04:00
74.22861642775632,2.348851573260496,16.565636198555058,4.597873949601106,19.210413702333984,112.76621446835767,Drill,False,True,False,False,0.8464614667343824,42,0,0.0,0,2025-03-10 09:15:00
69.47369036270106,1.8259951002038943,13.93529247140323,4.710732624468243,20.10713124887164,118.32613337647588,Drill,False,False,False,True,0.6935681178761071,34,0,13.64318821238929,0,2025-03-10 09:16:00
72.70936851102478,2.12530422567182,15.737865528994824,5.698596252637849,18.0350351684375,118.59987883539117,Drill,False,False,False,True,0.7827386684084081,39,0,2.2261331591591897,0,2025-03-10 09:19:00
74.5954227630228,2.1542187657274328,18.961217186694693,5.280729216217337,16.51186976879048,119.25785299467908,Drill,True,False,False,False,0.8498125133694429,0,0,15.018748663055716,0,2025-03-10 09:27:00
69.1693807798989,2.226969402473942,17.08028147536972,4.809949888622159,21.541938503386696,122.92906491777327,Drill,False,True,False,False,0.8361032855005558,41,0,0.0,0,2025-03-10 09:29:00
75.74878328249207,1.5215732125510004,20.16629042532147,5.722166738567912,18.306403367251548,118.98515828426058,Drill,False,False,False,True,0.7276718776586537,0,0,27.232812234134627,0,2025-03-10 09:37:00
75.71160702514344,1.9791403141273192,19.65280663466105,5.810726846416957,18.92800382473851,116.52085026803864,Drill,True,False,False,False,0.8118267864009914,40,0,0.0,0,2025-03-10 10:01:00
73.27778554700767,1.823266360165662,21.824010938105395,4.88726206024116,18.6309818589562,122.7835898831671,Drill,True,False,False,False,0.8138001868272886,40,0,0.0,0,2025-03-10 10:04:00
77.8854692908165,2.10321617646904,20.00447233340585,4.956588862974061,20.4188601518315,121.50965842559351,Drill,False,False,False,True,0.8637554527667243,0,0,13.624454723327574,0,2025-03-10 10:09:00
77.82109567584918,1.8536883881153767,15.369117385900308,4.296716449337826,20.948874199463297,122.38648004404712,Drill,True,False,False,False,0.6966033242157907,0,0,30.33966757842093,0,2025-03-10 10:12:00
76.07262222510006,2.354038452122458,15.491678026008792,5.57367081460813,19.63600030785932,113.65038456336228,Drill,True,False,False,False,0.8306299748249439,0,0,16.937002517505604,0,2025-03-10 10:16:00
67.96415039584984,1.5836394348632594,15.19526143315235,4.679910905840038,20.81488544746141,116.93373092674965,Drill,False,False,True,False,0.6482064595725623,32,0,19.179354042743768,0,2025-03-10 10:18:00
74.8797977310092,2.229158105490027,22.182188545464957,4.778922818486601,17.288615526227815,118.30545727162084,Drill,True,False,False,False,0.9101910673975864,45,0,0.0,0,2025-03-10 10:19:00
75.55877472489732,2.1502494773012635,19.89177631310928,4.749690782507289,19.79751465803441,128.0903424058302,Drill,False,False,False,True,0.8551762428000539,42,0,0.0,0,2025-03-10 10:24:00
75.88678242111877,1.736457859597382,20.147243887815144,5.091969738167175,18.92354129358419,129.96691750291208,Drill,False,False,True,False,0.7650461311865464,0,0,23.495386881345357,0,2025-03-10 10:25:00
71.65709818382727,2.1752942499305927,19.553863384709658,4.500174035230398,20.11083040418683,121.27664085872522,Drill,False,True,False,False,0.827165178994491,0,0,17.2834821005509,0,2025-03-10 10:37:00
73.79684821551679,1.9698572838284885,21.21583012223832,5.573453443527151,23.65981170047825,115.75816731788454,Drill,True,False,False,False,0.8289882016014647,0,0,17.10117983985353,0,2025-03-10 10:38:00
74.87996119889529,1.982782789099537,20.70690729524241,4.25613478378008,20.451863720137084,117.08328533560756,Drill,False,False,False,True,0.819940957560214,0,0,18.005904243978605,0,2025-03-10 10:39:00
73.96559027516764,2.123165025598285,20.693143325220596,4.726075156104441,19.08321724662457,120.51482621232306,Drill,False,False,True,False,0.840198340701747,0,0,15.98016592982529,0,2025-03-10 10:40:00
79.6847714525379,1.930679156762696,20.887340638332475,4.96229237169404,18.751415832545835,116.86749891978336,Drill,True,False,False,False,0.8199484149205047,0,0,18.00515850794953,0,2025-03-10 10:41:00
72.12806392511703,2.10804925518373,16.292134183079888,5.636318296868501,19.142145725285115,114.41429119397694,Drill,False,True,False,False,0.7914145680741692,0,0,20.858543192583085,0,2025-03-10 10:49:00
70.68439267307828,1.838706272666055,20.5809214827527,5.048253904357382,19.038332518770847,121.30812631790386,Drill,False,False,False,True,0.8017146339626549,40,0,0.0,0,2025-03-10 10:50:00
77.80137129209054,2.196621148955071,18.110398485060177,5.417610051776952,22.488304541682997,121.23058853188292,Drill,True,False,False,False,0.848252221109644,0,0,15.174777889035596,0,2025-03-10 10:51:00
71.78963337385836,2.2375577931164203,20.27476219525783,4.403159193141854,23.026663719762595,116.62215735704392,Drill,False,False,True,False,0.8847812676921041,44,0,0.0,0,2025-03-10 10:56:00
74.3801470127693,2.435635309754768,15.686117205541056,4.80791422634704,18.76255897011314,115.7303554271432,Drill,True,False,False,False,0.8475009137751234,0,0,15.249908622487666,0,2025-03-10 11:00:00
72.36960680711675,1.8246634124448688,16.03535145544645,5.156982407388208,15.509440096009063,117.4230310094229,Drill,True,False,False,False,0.7273392378863749,0,0,27.26607621136252,0,2025-03-10 11:05:00
73.84059516882436,1.9335390207248784,20.44787268847578,4.5162258684163765,19.2635765754022,115.77018483685374,Drill,False,False,True,False,0.8429660381779095,0,0,15.703396182209048,0,2025-03-10 11:07:00
74.69646946910805,1.6469113661690096,14.8571600033234,5.497130757330731,22.077306640691067,111.29117943808347,Drill,False,False,True,False,0.6547141944436106,0,0,34.52858055563894,0,2025-03-10 11:08:00
75.33668815725879,1.9982135872361813,18.921594487231932,5.070229633970329,18.195992738342014,118.69216388386732,Drill,False,False,True,False,0.8100347450358809,0,0,18.996525496411905,0,2025-03-10 11:14:00
75.46593366867607,1.943521599474108,19.59595050916381,5.73921607670834,18.762354050081715,117.86082892141064,Drill,False,True,False,False,0.7887212050000681,39,0,1.6278794999931847,0,2025-03-10 11:16:00
77.50570214072489,6.119177111891682,28.57605651235481,4.951591587596174,20.11682859047101,117.79837157661903,Drill,True,False,False,False,1.0,50,1,0.0,0,2025-03-10 11:18:00
75.47161939154476,2.0588722822000163,18.79798431500339,4.592079466522162,17.8249754657487,116.1868854178224,Drill,True,False,False,False,0.8082496724882141,0,0,19.17503275117859,0,2025-03-10 11:23:00
80.07202995428223,2.3873821517047635,17.945231359192512,5.476211857487071,17.88379657236356,116.45906919320208,Drill,True,False,False,False,0.8809294893196857,44,0,0.0,0,2025-03-10 11:29:00
71.70968161972394,2.126534022275261,21.90621439654515,4.919725912649868,20.53500141087477,118.58961471561824,Drill,False,False,True,False,0.8852139822562805,0,0,11.478601774371953,0,2025-03-10 11:30:00
75.58576599292063,2.281243247752077,19.195075411789457,5.792988180067571,19.573234543491168,122.87280858768358,Drill,False,False,True,False,0.8462232708911073,0,0,15.377672910889274,0,2025-03-10 11:33:00
75.95516122735279,2.490519918358256,16.577393546101042,5.381504102324541,16.214813956231296,125.62207074985444,Drill,False,False,True,False,0.8586116852640571,42,0,0.0,0,2025-03-10 11:34:00
70.64055768636794,1.896450588365061,17.23122524681416,4.524423552778661,20.116045595426144,119.74143444345977,Drill,False,False,False,True,0.7716678424719907,0,0,22.833215752800925,0,2025-03-10 11:38:00
72.95981189434572,2.146776360522898,17.588466012645657,5.176704259859791,21.333895137138462,115.6361946460573,Drill,False,False,True,False,0.7945534013975691,0,0,20.544659860243087,0,2025-03-10 11:39:00
70.51980322900192,1.748332197792279,13.838518949218043,4.939219550611206,22.5684570311564,125.66048440417345,Drill,False,False,True,False,0.6639225272071565,0,0,33.607747279284354,0,2025-03-10 11:41:00
71.67904210139157,2.016759181953349,19.46379613846876,5.328057437649224,20.67702132179695,116.66108802855857,Drill,True,False,False,False,0.8003962548660934,0,0,19.96037451339066,0,2025-03-10 11:46:00
76.889111723583,2.1275963924990333,19.7305795122705,4.178605380537644,19.388615983010457,119.1039867284043,Drill,False,False,True,False,0.8514043529654828,0,0,14.859564703451724,0,2025-03-10 12:01:00
75.53076960281379,1.1503022225047577,15.185825610431966,4.865688552903832,20.31908918178768,123.78321232553468,Drill,True,False,False,False,0.5409329824326106,0,0,45.90670175673894,0,2025-03-10 12:11:00
79.6370488807193,2.4167073088888285,17.40440768755208,5.556257438379983,21.736279408714932,121.7601930647906,Drill,False,False,True,False,0.8535054317631947,42,0,0.0,0,2025-03-10 12:15:00
80.12287125435665,2.484890012816575,17.224740334673506,5.041352798484838,20.736911031089424,116.5797698481048,Drill,False,True,False,False,0.8444725095715483,42,0,0.0,0,2025-03-10 12:17:00
71.25273204000621,1.582179358349901,14.13007176551906,4.605423800360302,18.30861357318685,120.02542698064116,Drill,False,False,False,True,0.6356933832343749,0,0,36.43066167656252,0,2025-03-10 12:18:00
76.92128823004738,2.187984091178921,18.3267207098316,4.775564347607601,18.23878644127833,119.44799418049206,Drill,True,False,False,False,0.8537101721713953,42,0,0.0,0,2025-03-10 12:23:00
76.82259858482554,1.9054110034141627,21.50638960413117,4.35589475248328,19.60708249036347,116.73701045334256,Drill,False,False,True,False,0.8366547811187696,0,0,16.33452188812305,0,2025-03-10 12:28:00
73.62454293289147,2.0738250845949224,16.31901402898662,4.567192885983226,22.602144189685365,122.91702457899096,Drill,False,True,False,False,0.7562311910914787,0,0,24.37688089085212,0,2025-03-10 12:30:00
72.69189461090424,2.215525227041492,20.684360262489708,5.459794945604148,22.506893690455453,122.6952074837638,Drill,True,False,False,False,0.8666190875282801,43,0,0.0,0,2025-03-10 12:36:00
71.822180620783,2.195691845483069,17.851309340482953,5.350642351936871,21.61308583162462,116.04688004363524,Drill,False,True,False,False,0.8236516717509684,0,0,17.634832824903157,0,2025-03-10 12:42:00
74.51871683551828,1.93060971712109,11.557967288028571,4.120999597895188,19.1344933404092,122.52046915971972,Drill,True,False,False,False,0.6584349150102068,32,0,18.15650849897932,0,2025-03-10 12:52:00
75.05616481259457,1.790151433949707,14.63825908152376,4.8481502013292666,20.328806281450383,125.93525575333192,Drill,False,False,False,True,0.6670090761669474,0,0,33.299092383305265,0,2025-03-10 12:55:00
73.80670002258869,1.714980950760162,12.696343873910102,5.173705459968828,19.49446043797793,122.77483582499306,Drill,False,False,False,True,0.6317103221066218,31,0,21.328967789337817,0,2025-03-10 12:59:00
73.56018128319172,1.975185492831052,19.373135493506357,5.051170880949832,21.05718416365848,118.40791573140848,Drill,False,False,True,False,0.7865069762030147,0,0,21.34930237969853,0,2025-03-10 13:02:00
77.8165298521162,1.940541297086084,13.857245641323686,5.162739054055913,20.682313700995763,112.45695272810146,Drill,False,True,False,False,0.6894004939223627,34,0,14.059950607763724,0,2025-03-10 13:07:00
74.40922859680322,2.03789425984496,16.291013074523892,5.410824170749207,22.51463512676611,112.55031897679888,Drill,False,False,False,True,0.7348674284328721,0,0,26.513257156712783,0,2025-03-10 13:10:00
75.95763877637607,1.9614021660943832,17.768005855356932,4.728037641301268,22.33744243515867,112.27772545458222,Drill,True,False,False,False,0.7592554721417616,0,0,24.07445278582384,0,2025-03-10 13:17:00
72.95025216572603,2.4220804237675253,21.79577458531741,5.073985034936834,21.185586614803203,122.60088210800136,Drill,False,False,True,False,0.9314362180154814,46,0,0.0,0,2025-03-10 13:18:00
71.65769678036742,1.8547644516245547,17.772374923172485,5.960633464412141,20.78076874494242,119.9420510784059,Drill,False,True,False,False,0.7634928596613734,0,0,23.65071403386267,0,2025-03-10 13:19:00
75.08330983214226,2.286580771162161,20.170444527323266,4.654724115133269,21.85391480334216,122.83028729416034,Drill,False,False,False,True,0.8638179538651534,43,0,0.0,0,2025-03-10 13:20:00
75.27209033711873,1.8174947705961988,17.032682725124864,5.8017693214700685,20.88220692701399,115.9103135478676,Drill,False,False,False,True,0.738833038345929,36,0,8.116696165407106,0,2025-03-10 13:22:00
77.72385287104838,1.9757247987011932,18.086061946642563,4.913269179911143,20.69558458633567,114.25708342380632,Drill,True,False,False,False,0.796249957708829,0,0,20.375004229117096,0,2025-03-10 13:36:00
75.80396192916193,2.14202222471374,19.98238222585333,5.607368812260872,20.753862161557155,114.0643483385834,Drill,False,False,True,False,0.8760252292092778,0,0,12.397477079072218,0,2025-03-10 13:45:00
72.44809598382025,2.28735188933248,18.59575238204769,5.521985075516168,21.07899140274416,120.91293902107168,Drill,False,False,False,True,0.8783924399256168,0,0,12.160756007438325,0,2025-03-10 13:47:00
77.11208751912129,1.914471722887396,18.313646032196388,5.509708903493748,19.088285029955514,121.57859711148262,Drill,False,False,False,True,0.7526128742178011,37,0,6.238712578219889,0,2025-03-10 13:57:00
77.95362106650347,2.041593555113025,18.56246098443721,4.95456475455158,19.796598140148674,125.86348788592534,Drill,True,False,False,False,0.8057975851092813,0,0,19.42024148907187,0,2025-03-10 13:58:00
80.00114781201704,2.029343987927992,20.30938753343344,5.107510315659456,19.21436106345997,120.82512631219356,Drill,True,False,False,False,0.8290296226884148,0,0,17.097037731158508,0,2025-03-10 14:01:00
77.00346631781042,1.5508227064464066,16.817210540323906,4.589458551044041,19.93571562850949,120.81042846323388,Drill,False,False,True,False,0.6849117663303887,34,0,14.508823366961124,0,2025-03-10 14:08:00
74.60855792062118,2.2015833823443494,17.591740462254567,5.39509140636984,20.55104052372123,121.65611379929938,Drill,True,False,False,False,0.8172216440221397,40,0,0.0,0,2025-03-10 14:14:00
86.85279549733107,7.988885979001029,34.368409691458766,4.689757455424958,22.404266370766955,122.53401297276235,Drill,False,False,False,True,1.0,50,1,0.0,0,2025-03-10 14:15:00
75.22104861476198,1.9241710234711444,17.898398422760934,4.390560875732733,21.222026655941104,115.3326442078748,Drill,True,False,False,False,0.7585270616184371,0,0,24.147293838156287,0,2025-03-10 14:19:00
81.16440592621603,1.7075580272231474,21.37509611047359,4.879280602641499,19.60573925080641,120.62704339737924,Drill,True,False,False,False,0.780848832147886,0,0,21.9151167852114,0,2025-03-10 14:23:00
84.6653629294727,6.364169418091052,24.565870148043345,4.404286294223913,20.25572702104537,123.07018131978604,Drill,False,False,True,False,1.0,50,1,0.0,0,2025-03-10 14:31:00
77.11557567234055,2.083725157503556,19.376410612905765,4.90160186465772,19.37736299491201,129.14487378127177,Drill,False,False,False,True,0.8074070571705665,0,0,19.25929428294336,0,2025-03-10 14:32:00
74.65000630127952,1.804802051789485,18.030055500574196,5.397051241191772,19.87120414880336,125.67518428550868,Drill,True,False,False,False,0.7249978343632123,0,0,27.500216563678777,0,2025-03-10 14:39:00
77.89995202828904,1.372909130344053,14.165302227979405,4.462028885173931,19.88615182238051,116.29372316245258,Drill,False,False,False,True,0.577847896500979,0,0,42.2152103499021,0,2025-03-10 14:40:00
74.93550460637711,1.9203186319141683,18.672555778495123,4.5812312999572375,23.78676391491124,116.49941204092292,Drill,False,False,True,False,0.7667385024660625,0,0,23.32614975339375,0,2025-03-10 14:42:00
75.60464104068444,1.8800365283994889,16.525941277694606,5.271187988358611,20.556277839066496,114.04140433191328,Drill,True,False,False,False,0.7326555747852269,0,0,26.734442521477305,0,2025-03-10 14:43:00
74.75241788761677,2.079280481493691,19.93361420850109,4.867590266316768,19.185801542424556,117.3411214951918,Drill,False,False,False,True,0.8182991330820863,0,0,18.17008669179137,0,2025-03-10 14:45:00
75.98095993913539,1.4151884734032731,19.29776385180768,4.573678915460497,18.69261429339736,118.54489263457351,Drill,False,True,False,False,0.7095037635269265,0,0,29.04962364730736,0,2025-03-10 14:49:00
74.41342663156813,1.77829140259303,19.747979502013767,5.000873436334814,20.61381886790982,125.1434935794495,Drill,False,False,False,True,0.7733882762579456,38,0,3.661172374205435,0,2025-03-10 14:58:00
77.71112358276832,1.4257819788237598,18.4722848197582,5.462632660637696,21.609677040199063,114.22495751300048,Drill,False,False,True,False,0.6554518046392724,0,0,34.45481953607276,0,2025-03-10 15:03:00
76.30247121739886,1.7376693054980246,17.865539385607736,4.801339579148701,20.260885267962728,115.37677990775984,Drill,False,False,False,True,0.7068187135504289,0,0,29.318128644957117,0,2025-03-10 15:09:00
77.10233094359207,1.91614776101104,19.539937462670444,5.1624376075394665,20.026143429437152,120.94667018090082,Drill,False,True,False,False,0.7750021399745776,0,0,22.49978600254224,0,2025-03-10 15:11:00
71.31539499116332,1.7462980686517662,21.933833925016508,4.415879025916311,18.035402038448552,118.55039423487491,Drill,False,False,False,True,0.8223456313391064,0,0,17.76543686608936,0,2025-03-10 15:14:00
79.22257102167575,1.9957703102279984,17.921711946063315,5.075176710573103,20.72226144648696,115.60080346949506,Drill,False,False,False,True,0.7729586472466926,0,0,22.704135275330746,0,2025-03-10 15:15:00
80.48975572023343,2.072372074522019,15.88700585874948,5.260386271511776,21.138271648758195,124.01166388942232,Drill,False,False,False,True,0.7684812286725538,0,0,23.15187713274463,0,2025-03-10 15:17:00
77.41018757409842,2.1859216354108604,16.043490123879046,5.134633218183614,21.845968706267016,115.8349587208028,Drill,False,False,True,False,0.802701050440781,40,0,0.0,0,2025-03-10 15:25:00
71.93482969490557,1.7723704226193877,15.88239970350436,4.80171762137004,19.891478787273996,116.00574227991352,Drill,False,True,False,False,0.7058459477431727,35,0,11.915405225682733,0,2025-03-10 15:29:00
76.0255971676093,2.349911163700776,18.912498977057066,5.059419161437056,19.089554831191048,116.26389083889758,Drill,False,True,False,False,0.884356535803986,44,0,0.0,0,2025-03-10 15:36:00
73.65375352416332,2.159292698589227,11.910686921513676,4.879306778416546,22.002669001706145,122.9800433649306,Drill,False,False,False,True,0.6787195202416626,0,0,32.12804797583374,0,2025-03-10 15:37:00
76.16573939581798,1.9575422739899155,14.381464570823484,5.147399034735615,19.410798474678288,112.7730008160962,Drill,False,False,False,True,0.7207430704716704,0,0,27.92569295283296,0,2025-03-10 15:51:00
72.53324998734118,1.8433605289940025,18.393664281619053,4.759645129658475,19.600680574390264,119.94194942772478,Drill,False,True,False,False,0.7524811830239104,37,0,6.251881697608951,0,2025-03-10 16:01:00
80.59590230261465,2.408034770054094,19.448982120763453,5.134126902558923,18.054253555451417,117.18223409375648,Drill,False,True,False,False,0.8993842863662355,0,0,10.06157136337646,0,2025-03-10 16:03:00
72.01895693755557,2.2903478072075614,20.4213491050844,4.526765793900094,21.069538775649423,122.642696009157,Drill,True,False,False,False,0.9028127934498986,0,0,9.718720655010143,0,2025-03-10 16:11:00
77.55333767187619,1.8577465474688104,15.964177019045682,4.4753824135852,20.219322194566335,131.52044891774594,Drill,False,False,False,True,0.6912191069373442,34,0,13.87808930626558,0,2025-03-10 16:17:00
77.7287790758541,1.7684684127821375,16.355668786621187,5.062938627069231,19.092921700046784,121.8710836740124,Drill,True,False,False,False,0.6980058581693798,0,0,30.199414183062014,0,2025-03-10 16:18:00
79.38973352410113,2.068248762719616,18.393664281619053,4.171145953561405,18.67201035167291,121.7974296988693,Drill,False,False,True,False,0.7856533930545813,0,0,21.43466069454188,0,2025-03-10 16:20:00
75.50377740522602,1.9627935837830008,20.35773187407388,5.448274282569038,18.21742299388989,126.40747699626706,Drill,True,False,False,False,0.83100734588801,0,0,16.89926541119901,0,2025-03-10 16:25:00
75.63852243258646,1.49344844357945,18.61226910620551,5.045723501223699,19.676648084871577,122.15044578085876,Drill,False,False,False,True,0.7034153113117375,0,0,29.658468868826247,0,2025-03-10 16:28:00
81.28982531977366,1.88243697038394,16.480653964494895,5.118078147263534,23.084878731061394,122.71252114832258,Drill,False,False,True,False,0.7274333754089948,0,0,27.256662459100525,0,2025-03-10 16:32:00
90.46693920871466,5.586052100098899,28.41695859383448,5.157952596001032,19.29372525481657,126.29380619880034,Drill,False,True,False,False,1.0,0,1,0.0,0,2025-03-10 16:33:00
78.11629706355991,1.8880195262176056,16.889439006189342,4.816311840804303,21.153822915843573,123.16011611808511,Drill,False,False,True,False,0.73741972975343,0,0,26.25802702465701,0,2025-03-10 16:35:00
73.56797379824482,2.397582827131111,18.116425454170116,4.674125738704932,18.04399523324504,119.26422347391568,Drill,False,False,True,False,0.8830547643429504,0,0,11.694523565704957,0,2025-03-10 16:43:00
80.53331227649986,2.0634189702411976,21.9446889581644,5.421848251394927,21.905793836220717,123.13664060136904,Drill,False,True,False,False,0.8622533122779834,0,0,13.774668772201665,0,2025-03-10 16:47:00
74.33344743327092,2.318797187236258,18.92850247624601,5.409909644912691,19.483047744487767,122.78473941170252,Drill,False,True,False,False,0.8877771807644611,0,0,11.222281923553894,0,2025-03-10 16:48:00
78.6973421256607,2.134218181120693,17.50205268943865,4.827601519912075,18.74201354371912,128.98376732713243,Drill,False,False,False,True,0.807305133556915,40,0,0.0,0,2025-03-10 16:56:00
81.28257454822742,1.9383116439070256,19.14808386176806,5.189055905196005,21.23503524421576,117.38609391716916,Drill,False,False,False,True,0.8159679047866232,40,0,0.0,0,2025-03-10 17:13:00
74.48186946254673,2.5244411207362507,16.45561522439124,5.046238695471963,21.42455057641681,122.7262924151306,Drill,False,False,False,True,0.8607983717344155,0,0,13.920162826558451,0,2025-03-10 17:16:00
78.71133787810085,2.3120185459707727,21.33120642737305,4.988093404665439,20.411702503454848,124.43476303736584,Drill,False,True,False,False,0.9105962527118492,0,0,8.940374728815087,0,2025-03-10 17:17:00
76.0004072571427,1.5996168179269303,19.39892849379141,5.046603220990348,16.354816436408967,117.90875542360084,Drill,False,True,False,False,0.7373040336883856,0,0,26.269596631161438,0,2025-03-10 17:19:00
74.66743917818498,2.236975916654256,17.546115067724152,4.872037088798835,20.759580120849343,120.09601710482774,Drill,False,False,False,True,0.8095285916798052,0,0,19.04714083201948,0,2025-03-10 17:24:00
86.9173418462308,6.7806842098098645,25.546579385133096,5.556333419270658,21.00603075608935,112.41373069713948,Drill,False,True,False,False,1.0,0,1,0.0,0,2025-03-10 17:25:00
75.31805224194478,1.9412904406559293,19.564054775148254,5.758449310501739,19.543066027467894,125.00935206770544,Drill,False,False,True,False,0.7897259006891398,39,0,1.5274099310860123,0,2025-03-10 17:28:00
75.31769387434169,2.3180269219726,16.176765395692193,4.455666008679568,20.8582596965562,120.00080253703544,Drill,False,False,True,False,0.808131964561349,0,0,19.18680354386511,0,2025-03-10 17:29:00
78.5301234148733,1.984543121442606,17.960163207400537,4.556217777821512,20.73385102032505,111.30801210739106,Drill,False,True,False,False,0.772228727664395,0,0,22.777127233560503,0,2025-03-10 17:30:00
77.87491341215473,1.90437550542616,17.14336348440449,5.018384374419574,19.424873087046603,119.00035038440792,Drill,True,False,False,False,0.7587108648033956,0,0,24.128913519660443,0,2025-03-10 17:32:00
74.33246425763983,2.0927142329097963,20.058360872255932,5.179078506558005,21.15229119215877,120.20589758474468,Drill,False,True,False,False,0.8301054732360666,0,0,16.98945267639334,0,2025-03-10 17:35:00
85.02255777775619,1.7181610274042052,17.34692829493086,4.943889765779828,20.31177985720647,120.37314004908424,Drill,False,True,False,False,0.697212076601569,34,1,13.278792339843092,0,2025-03-10 17:38:00
79.91134659092936,2.335773475269229,15.658150212385092,4.865793667186773,19.93243328231727,116.86481745425078,Drill,False,True,False,False,0.7866809738971232,39,0,1.8319026102876848,0,2025-03-10 17:39:00
72.12611809698392,1.9116632727235896,18.404766741197392,5.102390858567508,19.0149344003353,116.35213533389803,Drill,False,True,False,False,0.7665440232897246,0,0,23.345597671027534,0,2025-03-10 17:40:00
75.42464054939178,1.3742306366799988,16.15128533273925,4.913432515344652,19.703967266998003,115.48544996476036,Drill,False,False,True,False,0.6456957250560654,0,0,35.430427494393456,0,2025-03-10 17:45:00
89.30207255908569,6.582229589243378,25.23459025848896,4.553069196427506,20.78119145853913,124.12612209590812,Drill,False,False,False,True,1.0,0,1,0.0,0,2025-03-10 17:54:00
78.97727925176339,2.205588342509078,14.43874865418502,5.388195383845352,21.12490758941726,126.7836424535606,Drill,True,False,False,False,0.7726566228677807,0,0,22.734337713221933,0,2025-03-10 17:56:00
77.47622491096512,1.9336872609388849,19.55245700944821,5.254621282749306,19.621469777013665,122.24290439625923,Drill,False,False,False,True,0.7992284190334032,39,0,0.577158096659673,0,2025-03-10 17:58:00
74.11566873180779,1.872872095393189,16.788640000128403,4.58815561156424,19.88407214380056,119.84703467884624,Drill,False,False,False,True,0.7308514065339863,0,0,26.91485934660137,0,2025-03-10 18:12:00
72.47092691091828,1.863975767484844,17.935915258639028,5.090772777520099,23.56169942492599,121.1229973835413,Drill,False,True,False,False,0.7449793667377136,0,0,25.50206332622864,0,2025-03-10 18:13:00
75.59742383856016,1.4613070482109956,15.638055032671229,4.312427834818461,18.97559734052722,126.91712039277988,Drill,False,True,False,False,0.6296079637674216,0,0,37.03920362325784,0,2025-03-10 18:14:00
77.5534545065823,1.6177303642769614,16.278869192372227,4.791642838438495,19.885718583063472,115.2096031017932,Drill,False,False,False,True,0.6495054064341255,32,0,19.049459356587448,0,2025-03-10 18:17:00
77.95362106650347,2.1463324463253013,17.26552599840143,4.906168388152325,17.889784183092694,121.65074974695968,Drill,False,False,True,False,0.8106434303875739,0,0,18.93565696124261,0,2025-03-10 18:19:00
79.32482495745533,1.7797300034086887,17.157286384459116,5.275303884308966,19.180177555645287,126.41869716850704,Drill,False,False,False,True,0.7190892951146951,0,0,28.09107048853049,0,2025-03-10 18:20:00
82.5280367366659,1.9575411087986456,19.242693479938204,5.219095591495024,19.853568956338886,120.23439271651657,Drill,False,True,False,False,0.8156008829220049,40,0,0.0,0,2025-03-10 18:21:00
73.24338737695727,1.9826276750369276,17.549013153330726,4.773021087508659,21.135584002729125,117.077532836028,Drill,True,False,False,False,0.7770516442752714,38,0,3.294835572472863,0,2025-03-10 18:32:00
78.2527173875287,1.86792223868408,18.92215606459287,4.754384735380236,18.7507050872682,127.6892747566324,Drill,False,False,False,True,0.7965790199592359,0,0,20.34209800407642,0,2025-03-10 18:39:00
78.87669535891673,2.386422717455713,18.501256464206605,4.920770547940256,18.74549219525557,124.27472325528076,Drill,False,True,False,False,0.8861950032829145,0,0,11.380499671708549,0,2025-03-10 18:40:00
76.42012268760477,1.6291592611908614,17.471288333593066,5.347122183816978,22.38484339221604,121.6341610474176,Drill,False,False,False,True,0.6817059611026154,0,0,31.829403889738455,0,2025-03-10 18:42:00
81.5995702773109,2.1149504569276703,17.640760557188734,5.170364386840564,19.744741202898823,117.61900419800506,Drill,False,False,False,True,0.7943773489909274,0,0,20.56226510090727,0,2025-03-10 18:51:00
74.97620402213288,2.105349640288125,22.809675084507944,5.2805559575238,22.30702442279245,111.01901122332724,Drill,False,True,False,False,0.8901643928840223,0,0,10.983560711597775,0,2025-03-10 19:03:00
74.53817483754224,2.2128057543365958,21.565811200130288,5.669708306428452,20.46391757769004,123.60960626204186,Drill,True,False,False,False,0.8837422785968465,0,0,11.625772140315348,0,2025-03-10 19:08:00
74.88866841998646,1.8728329873032945,18.393664281619053,4.2960164471403,21.00945530904788,115.63702736796924,Drill,False,True,False,False,0.7884623292061349,0,0,21.153767079386512,0,2025-03-10 19:11:00
72.80350917278992,1.5976805860095291,18.9024520322722,5.09755637664818,17.84044205507295,118.77892479912164,Drill,True,False,False,False,0.7217281596639922,0,0,27.827184033600787,0,2025-03-10 19:15:00
69.76394436631972,2.482273491919853,17.193240508062633,4.289607101215243,18.20993178133427,123.964526859186,Drill,False,True,False,False,0.8540559625573041,0,0,14.594403744269584,0,2025-03-10 19:19:00
78.34130855230238,1.6463229526105023,20.52169903999862,5.573450007928378,19.706610144726163,118.20802758485988,Drill,False,False,True,False,0.7609509010122052,0,0,23.90490989877948,0,2025-03-10 19:22:00
75.78633467021926,2.18285781356258,18.175947094258337,5.264867501578999,20.823690013337547,135.7021145505112,Drill,True,False,False,False,0.8024891939015432,40,0,0.0,0,2025-03-10 19:24:00
74.19642126328225,2.012386236676232,17.13708871088023,4.20066201314215,21.312109432370384,124.98194212821504,Drill,False,False,True,False,0.7497465060270386,0,0,25.02534939729614,0,2025-03-10 19:28:00
76.66262262473968,2.0253400359169844,18.393664281619053,4.761047575581943,18.551498129229152,119.8105664948908,Drill,False,True,False,False,0.8466672878447425,0,0,15.33327121552574,0,2025-03-10 19:34:00
80.6445535234511,1.679223651873476,20.69827021022686,5.044167218778448,19.7572028519634,124.10483569656498,Drill,False,False,False,True,0.7712020367140023,0,0,22.879796328599767,0,2025-03-10 19:35:00
73.83397905109783,2.6974019917558456,18.941019694757117,4.691583137143518,19.567012758981157,118.57930222655516,Drill,False,True,False,False,0.9347007096648632,46,0,0.0,0,2025-03-10 19:37:00
78.51501929301358,2.15150632648213,16.038423983172883,4.687331171061245,20.632740929241315,123.02012423474775,Drill,False,False,True,False,0.7937806982561818,0,0,20.621930174381816,0,2025-03-10 19:39:00
73.34610458059267,1.7699407885986342,16.264049154943336,4.714077096403412,20.800971196128,116.25964097839166,Drill,False,False,True,False,0.6912079641232257,0,0,30.879203587677424,0,2025-03-10 19:50:00
77.63949078790469,2.0204216807745863,17.572813515589914,5.717809939356885,17.332695908651228,119.62873946253458,Drill,False,True,False,False,0.7996893932127059,0,0,20.031060678729403,0,2025-03-10 19:51:00
73.90890789287394,2.0744975427547647,19.94488799583602,5.5444026819079095,18.61946207553961,116.25808409654483,Drill,False,False,False,True,0.8167528239719126,0,0,18.32471760280873,0,2025-03-10 19:54:00
75.34841877051703,1.6910083175669193,17.283192848974224,5.098199472717725,20.43973583798445,120.411014631314,Drill,False,False,False,True,0.7201503198161636,0,0,27.98496801838364,0,2025-03-10 19:58:00
79.17287462831399,2.024324762870247,16.8325557328748,4.966746589711402,21.404230391192318,119.20840193702313,Drill,False,False,True,False,0.7819438378717585,39,0,2.305616212824148,0,2025-03-10 20:01:00
73.74480791340227,1.855805617553528,15.8285045784369,5.329369273824924,21.05089309591569,129.34016462479556,Drill,False,False,False,True,0.7357143431485658,0,0,26.428565685143425,0,2025-03-10 20:02:00
74.50270617984253,2.205588342509078,16.53037820493162,4.209271372420964,20.15975810212878,122.51544626668333,Drill,False,False,True,False,0.7430775562293434,37,0,7.192244377065663,0,2025-03-10 20:06:00
72.96162610585826,1.5858203882301047,20.37845292251157,5.049411680736437,20.76610332441091,123.14469554848236,Drill,True,False,False,False,0.7336481001380402,36,0,8.635189986195982,0,2025-03-10 20:12:00
78.16157651088322,2.0448793872556363,18.7927339129347,5.183016773601913,17.711577604932135,121.55817149403713,Drill,False,False,True,False,0.7989932292984187,39,0,0.6006770701581416,0,2025-03-10 20:20:00
77.29413687540124,2.1177902346952906,16.4890022337321,4.731594061735018,19.46867207612504,126.46994606645832,Drill,False,False,True,False,0.7613345615976762,0,0,23.86654384023238,0,2025-03-10 20:24:00
70.63103305104977,2.015068309749704,16.678331528379708,5.173416644189012,19.91161046821542,118.32896500966775,Drill,False,False,True,False,0.7617606852122863,38,0,4.823931478771371,0,2025-03-10 20:27:00
77.54238433532068,2.272388694088115,18.61133113728519,4.454129469639783,18.841776554432087,111.73020220191844,Drill,False,True,False,False,0.8576715893328436,0,0,14.232841066715636,0,2025-03-10 20:36:00
75.81920225526856,1.7443326071008027,10.623269417143112,4.553419657926381,19.16407803557817,124.56695545401092,Drill,False,True,False,False,0.5763448652696317,0,0,42.36551347303683,0,2025-03-10 20:43:00
79.80691059375455,2.0412057438221107,18.325593236199825,4.737265812522228,21.054827382285115,126.18575487739358,Drill,False,False,False,True,0.8039919750416162,0,0,19.60080249583838,0,2025-03-10 20:48:00
84.82299671381914,7.281472341852828,24.974536265892397,5.73946522758662,18.711343588924787,119.28288391770536,Drill,True,False,False,False,1.0,50,1,0.0,0,2025-03-10 20:52:00
79.71517595499115,2.292086674828354,19.688911744143333,5.070269484996712,18.86275427075011,115.7682650424367,Drill,False,False,False,True,0.8693919546761414,43,0,0.0,0,2025-03-10 20:57:00
76.65568635636971,1.95481579561102,18.98398697367299,4.447292324572919,20.251537302289343,117.68677629059351,Drill,False,False,True,False,0.7737174821558094,0,0,22.628251784419064,0,2025-03-10 20:59:00
74.82927617533745,1.96253393439498,20.871141986327245,4.839952135479548,18.317530645200208,115.05042343488226,Drill,False,True,False,False,0.8462150174634253,0,0,15.378498253657469,0,2025-03-10 21:10:00
76.97902047704935,2.004709338787328,14.343188238316074,4.766733713097618,17.823171175610096,118.94755984731484,Drill,False,False,False,True,0.7008774013414621,0,0,29.912259865853784,0,2025-03-10 21:11:00
75.09520397017474,1.8661038454296963,18.178790557863227,5.080295416303356,19.650384211923768,120.67291642406124,Drill,False,False,False,True,0.7573257243246387,0,0,24.26742756753613,0,2025-03-10 21:13:00
80.64907191088706,2.064142638182319,22.08896311439989,4.9570220472823,19.475044879473067,123.7016671127824,Drill,False,False,True,False,0.8633515491549282,43,0,0.0,0,2025-03-10 21:19:00
75.04799824597038,1.87140364192504,17.333078613636456,5.049367653400385,18.331720548082163,126.11097090053396,Drill,True,False,False,False,0.7535646298432438,0,0,24.64353701567562,0,2025-03-10 21:27:00
79.21097225661886,2.2777016628508164,16.320944883964685,4.550834129020972,18.287020893960975,120.07892386680324,Drill,False,False,True,False,0.827077692398579,0,0,17.292230760142104,0,2025-03-10 21:31:00
78.04297661109446,1.8469517559049349,18.28408895766109,4.8064062641597785,19.413050165152438,113.4354351162088,Drill,False,False,False,True,0.7365238634679894,0,0,26.347613653201066,0,2025-03-10 21:33:00
73.2958319130402,2.205588342509078,16.5974208584169,5.407182820971744,21.17549071134006,129.56089023831476,Drill,True,False,False,False,0.7460993299209489,0,0,25.39006700790512,0,2025-03-10 21:50:00
85.00653302680053,6.651405894183175,18.393664281619053,4.6581501432979735,22.50321212195106,122.61609505588468,Drill,False,False,True,False,1.0,0,1,0.0,0,2025-03-10 22:03:00
76.54305225605198,2.053974310863925,18.889791790019768,5.201018498581672,20.60055243419384,111.01861716611232,Drill,False,False,True,False,0.8165626935483251,0,0,18.343730645167483,0,2025-03-10 22:10:00
73.12687567702085,2.2252618338203995,16.685929525965353,5.1132523289278105,18.92673085081588,120.1790130001792,Drill,False,False,True,False,0.794606216800741,39,0,1.039378319925902,0,2025-03-10 22:14:00
73.61237835334796,2.1963293081316864,19.989116471483243,4.959177443748461,19.933149650861772,120.69073778183788,Drill,True,False,False,False,0.8682700005370757,0,0,13.172999946292435,0,2025-03-10 22:15:00
74.43462343215182,1.8200533930040448,21.15175161900394,5.607734540436258,19.81739411932456,108.85212212944062,Drill,False,True,False,False,0.8012127205245554,0,0,19.878727947544466,0,2025-03-10 22:18:00
78.53783341580682,1.7102652101408122,18.665438659170377,5.707965227062237,22.893904994931923,115.92897661307312,Drill,False,True,False,False,0.7561725229381207,37,0,5.882747706187928,0,2025-03-10 22:22:00
75.51781824564777,1.859972356414568,17.505328072207163,5.256010647353731,19.781233350541715,125.95349808777502,Drill,False,False,False,True,0.7635787806018336,0,0,23.642121939816647,0,2025-03-10 22:24:00
76.6665608947317,1.75469528101846,20.59829964109533,4.735545155123611,20.03591957367389,121.7222247217529,Drill,True,False,False,False,0.8123964735461494,0,0,18.76035264538505,0,2025-03-10 22:26:00
74.21762585017257,1.6598508929580935,19.33509616073999,4.9197715277376926,22.08043983540992,125.906108171103,Drill,False,True,False,False,0.7654444852057312,0,0,23.455551479426887,0,2025-03-10 22:27:00
77.8265452546716,2.081726418996083,18.33048010012985,5.294705338067159,19.646192803199483,124.58683324738924,Drill,False,True,False,False,0.785364204525558,0,0,21.4635795474442,0,2025-03-10 22:34:00
79.53551608898223,1.599241278749416,18.74529637296011,5.093438032504631,17.307306205070198,123.05219999658424,Drill,True,False,False,False,0.742177215424232,0,0,25.78227845757681,0,2025-03-10 22:40:00
79.2460339768794,2.2350076131572094,14.656477453343664,5.226253160754688,22.422174881370992,116.86122506621255,Drill,False,True,False,False,0.7778235703511734,0,0,22.217642964882657,0,2025-03-10 22:47:00
86.12686032443895,6.442280375162026,28.09865406083169,5.4121755142547165,20.976996427992805,117.5618046325071,Drill,True,False,False,False,1.0,50,1,0.0,0,2025-03-10 22:49:00
79.35125268541144,2.197716303174026,17.718893028995137,5.085644392914453,19.91734782540152,120.73316293823088,Drill,True,False,False,False,0.7987108154105892,0,0,20.128918458941087,0,2025-03-10 22:53:00
72.6042759252257,2.1798732623736066,19.19890137264341,5.022068255148586,19.500440336391623,123.15053997791868,Drill,False,False,False,True,0.85730441195039,0,0,14.269558804961008,0,2025-03-10 22:55:00
81.93622870818086,2.124747988836603,16.380219801821184,5.478650848330897,19.047041945567504,118.79648714076345,Drill,False,False,False,True,0.7714521298147096,38,0,3.854787018529038,0,2025-03-10 22:57:00
76.64196682509426,2.409012954061502,18.586704072645965,4.396978822146632,19.51402872394913,121.332608249891,Drill,False,False,True,False,0.8970907350586259,0,0,10.290926494137407,0,2025-03-10 22:59:00
72.3065180613757,1.9061994662802928,19.426532501593083,4.920572325247616,20.23413610768528,114.95759286356842,Drill,False,True,False,False,0.7713758994150337,0,0,22.86241005849664,0,2025-03-10 23:13:00
75.22993944686364,1.9182769950188936,19.782687803210493,5.382155428471941,19.392483392823955,122.95135155537662,Drill,True,False,False,False,0.8206972632505704,41,0,0.0,0,2025-03-10 23:22:00
79.37678091386877,2.370117283500858,17.591288546708704,4.520987075493935,20.19413251522295,119.48866824891203,Drill,False,False,True,False,0.8459551445357149,42,0,0.0,0,2025-03-10 23:23:00
78.94525787252445,2.0630909120665986,23.21371832629954,5.206264252033358,18.84625652203677,130.46049285808954,Drill,True,False,False,False,0.9125616044974674,0,0,8.743839550253256,0,2025-03-10 23:35:00
75.1676596181138,2.3579933017781376,17.099596216668314,4.692625793238603,21.30073533365028,120.40192519381829,Drill,False,False,True,False,0.8429696457170681,0,0,15.703035428293193,0,2025-03-10 23:45:00
76.37172583620016,2.205588342509078,14.33258846474113,4.986850205939026,18.587699119598383,126.4981564265172,Drill,False,False,False,True,0.7508026481057208,37,0,6.419735189427911,0,2025-03-10 23:51:00
78.31490603713584,1.8315986010673384,18.38377909004329,4.937436288482879,19.922430814159597,115.16632735061648,Drill,False,False,True,False,0.7407836872924206,0,0,25.921631270757945,0,2025-03-10 23:55:00
81.11499300115645,1.3396269579647244,21.4461494352925,4.950112736705406,19.54155191782148,123.47646363332191,Drill,False,False,True,False,0.7294067642029214,0,0,27.059323579707865,0,2025-03-10 23:59:00
75.79694757828149,1.400333327941625,21.278513033483502,4.940710844462751,20.07438774149238,121.31632743787698,Drill,True,False,False,False,0.741441501495031,0,0,25.85584985049691,0,2025-03-11 00:00:00
78.10301331453185,2.0102088759040044,14.154456455875328,5.202104537269681,20.61181857634624,119.98527294333702,Drill,True,False,False,False,0.6948913476184159,34,0,13.510865238158416,0,2025-03-11 00:01:00
77.37985112746043,2.1841312567369724,19.15414436767028,4.853190954111343,17.363318864086892,114.70570995571003,Drill,False,True,False,False,0.858352236468752,0,0,14.164776353124791,0,2025-03-11 00:02:00
79.26476805087121,2.050271031740297,18.310310685730716,5.787502923773584,17.814051068624252,120.56580005696392,Drill,False,False,True,False,0.809086941872083,0,0,19.091305812791703,0,2025-03-11 00:04:00
76.11000392410882,1.4578875815204553,17.102608634761033,5.054936529826042,23.41114035371486,128.4287209598698,Drill,False,False,False,True,0.6833473118944385,0,0,31.665268810556142,0,2025-03-11 00:10:00
75.7057375227827,2.034230447667956,19.70669795468029,4.975164520714285,22.256319351027845,123.78867057104952,Drill,False,False,True,False,0.807595899420052,0,0,19.240410057994797,0,2025-03-11 00:13:00
77.97103942347381,1.7217340007564816,18.567689134605477,5.093314016435149,19.57818130656757,123.314968510263,Drill,False,True,False,False,0.7249563746216504,36,0,9.504362537834965,0,2025-03-11 00:15:00
79.23831741309803,1.5507659994182754,20.331189790288256,5.125609040994446,19.977583880868387,123.03212364195582,Drill,False,False,False,True,0.7217614975181221,0,0,27.82385024818778,0,2025-03-11 00:17:00
75.74003004276595,2.408968692539675,17.882334291736957,4.962556390653454,22.9588698566704,122.46304743406526,Drill,False,False,False,True,0.8610426319940708,0,0,13.895736800592914,0,2025-03-11 00:18:00
75.64264137721223,1.8533341642868928,18.382248467672785,4.765322164495251,20.21901591466359,133.50433234774798,Drill,False,False,False,True,0.7838023700286172,0,0,21.61976299713828,0,2025-03-11 00:20:00
79.06140324890416,2.129489488891279,18.43543640217433,5.041247032978255,17.3889490904295,121.82213038567674,Drill,False,False,False,True,0.8013750018468926,0,0,19.86249981531074,0,2025-03-11 00:26:00
82.55273987931176,2.22190264043535,16.350699319418624,4.891481374740944,19.40139419113536,128.3462347118825,Drill,False,False,False,True,0.8128941967685643,0,0,18.71058032314356,0,2025-03-11 00:27:00
76.43705491929533,1.727369098757608,19.316286072005127,5.755050048250402,19.119882858904983,116.6915506451684,Drill,False,False,False,True,0.750027315632677,0,0,24.9972684367323,0,2025-03-11 00:34:00
76.68059306583542,2.4053047257461,16.216913020290992,5.005877638217747,20.0215729943664,122.7143186017911,Drill,False,False,False,True,0.8278936758078873,0,0,17.210632419211265,0,2025-03-11 00:38:00
79.67368734790253,1.5766829506801754,15.99874125503352,4.738503188077213,19.769286833178448,124.28332559934704,Drill,False,False,False,True,0.6553481241764239,32,0,18.46518758235761,0,2025-03-11 00:46:00
75.23767178618341,2.0718882554716997,15.58795525718376,5.489084717132773,18.372239482496383,131.28376236084384,Drill,False,False,False,True,0.7286301983533472,0,0,27.136980164665275,0,2025-03-11 00:48:00
77.95362106650347,2.093447257639337,18.393664281619053,5.82416907937788,19.869277411496864,133.35337687431533,Drill,True,False,False,False,0.8475030405808164,42,0,0.0,0,2025-03-11 00:51:00
76.49233777432052,2.027328081876774,16.714447234200104,4.889807073928391,18.97885033013146,123.11505514648874,Drill,False,True,False,False,0.7748596900486509,0,0,22.51403099513492,0,2025-03-11 00:55:00
78.03805152386761,1.7445380060662043,17.082246309950005,5.072912089415148,19.446795102216697,122.67827025676236,Drill,False,True,False,False,0.7010692125267043,0,0,29.893078747329568,0,2025-03-11 00:56:00
73.6248396166449,2.0018819468553253,15.964830445573249,4.474320188150756,21.41891144095916,114.48957717611968,Drill,False,False,True,False,0.7334524766861722,36,0,8.654752331382781,0,2025-03-11 00:57:00
72.1846274425024,2.3355649832765977,19.450162088895016,5.426169889439032,21.46300360233314,116.37191271718356,Drill,True,False,False,False,0.8750500730065359,43,0,0.0,0,2025-03-11 01:01:00
82.33033684872836,2.193378629724553,17.29158722298242,4.973195983309911,20.036719504777867,118.6949825532416,Drill,False,False,True,False,0.8115351263186503,0,0,18.846487368134973,0,2025-03-11 01:07:00
80.50120773719746,1.82890577966406,16.835877331813975,4.788919435231758,16.61491234206587,114.26608450686726,Drill,False,False,True,False,0.7212847143010775,0,0,27.87152856989225,0,2025-03-11 01:10:00
75.51554755901252,2.277792530214385,20.57116446872336,4.739485014006728,19.65817356742714,126.07442015091516,Drill,True,False,False,False,0.911768933827282,0,0,8.82310661727179,0,2025-03-11 01:14:00
76.332017522762,2.1967676413362747,18.950517209434626,4.730634304176051,17.367346953093257,129.17215666570044,Drill,False,False,True,False,0.8475012461606496,0,0,15.249875383935034,0,2025-03-11 01:17:00
82.4623204799594,4.781429022168324,26.024660825350196,5.312470134515039,19.41738313851684,124.9936328504155,Drill,True,False,False,False,1.0,50,0,0.0,0,2025-03-11 01:20:00
72.1825520060772,2.2266997516232943,20.225268610406605,4.622036510925973,19.18157876550687,113.7242546639742,Drill,False,False,False,True,0.8569592679670803,0,0,14.304073203291964,0,2025-03-11 01:36:00
77.43343147825898,2.205588342509078,17.443254064784213,5.215284642196903,17.7981227335418,128.9589113680668,Drill,False,False,False,True,0.9032467587791722,45,0,0.0,0,2025-03-11 01:39:00
73.76473652829624,2.095989557343549,19.545695677087448,4.452214490137576,20.68874197396784,128.4987137109932,Drill,True,False,False,False,0.8590859934249562,0,0,14.09140065750438,0,2025-03-11 01:40:00
77.37959167372516,2.511377627989213,17.57582066015915,5.132245304436163,19.758071849508283,117.7378786759548,Drill,False,True,False,False,0.8857835369912823,44,0,0.0,0,2025-03-11 01:44:00
82.84891087767328,1.775571180613506,20.578406102813748,5.039995265506221,19.72720990131476,118.60667614287706,Drill,True,False,False,False,0.8020748456154082,40,0,0.0,0,2025-03-11 01:55:00
77.42583432397986,2.1292587257045112,20.70407873194865,5.001433040733113,18.090180839129903,109.66090811761347,Drill,True,False,False,False,0.8865969948027621,0,0,11.340300519723783,0,2025-03-11 02:26:00
78.59153250850814,1.6172952020012803,22.19881504100502,4.922134521990128,18.02330037183654,114.23549028176308,Drill,False,True,False,False,0.7972520266434875,0,0,20.274797335651257,0,2025-03-11 02:27:00
74.36881735091315,1.3416852590539927,18.1826294572227,5.341961569054561,21.2414862646028,118.19647749775211,Drill,True,False,False,False,0.6716291311680578,33,0,16.337086883194218,0,2025-03-11 02:30:00
75.50555462563109,2.0496210980899114,16.439712237224455,5.005368194155384,18.4599342623221,123.8754470587282,Drill,False,False,True,False,0.7389469074920102,0,0,26.10530925079898,0,2025-03-11 02:34:00
71.1214246392574,2.205588342509078,17.079386474851272,5.202766288054525,19.66587768027197,123.68511427778157,Drill,True,False,False,False,0.8368129876320528,0,0,16.318701236794723,0,2025-03-11 02:37:00
78.55381831537746,1.9318681976657224,17.190409241159415,5.442584708324828,20.181155698327043,112.14255406211863,Drill,False,True,False,False,0.7369885445526886,0,0,26.301145544731146,0,2025-03-11 02:40:00
74.93625468672838,2.0776309415731764,16.978783001404842,4.980856428938897,18.843501480771906,118.9023670877643,Drill,False,False,False,True,0.7854766632293261,0,0,21.452333677067383,0,2025-03-11 02:45:00
76.11267319616674,1.5491388173952831,14.56858336272374,4.736270346089133,21.17822388474437,115.32997248968644,Drill,False,True,False,False,0.6204409294783091,0,0,37.95590705216909,0,2025-03-11 02:51:00
78.25410846207504,1.7762173620573196,16.14214703507854,4.872679594358266,19.02207176896492,111.93491593211516,Drill,False,True,False,False,0.6964017690552404,34,0,13.359823094475956,0,2025-03-11 02:52:00
75.71985238164635,1.8156383648926715,21.778557591007992,4.7667508674702805,20.76314499657396,124.83139369617336,Drill,False,False,True,False,0.8483199881240486,0,0,15.168001187595138,0,2025-03-11 02:55:00
78.27669504678714,1.8165098789916323,16.31845622020275,5.078925364916107,17.345734645471293,117.2895822247606,Drill,False,True,False,False,0.691465638415267,0,0,30.8534361584733,0,2025-03-11 02:57:00
82.22375288514858,2.063148889676451,19.816045325072384,5.474566236207044,24.263890592015688,120.66839419118811,Drill,False,True,False,False,0.8357528069350292,41,0,0.0,0,2025-03-11 03:05:00
79.65974871065254,1.683308153060421,18.653989026540195,4.787227396683163,20.14612601459647,125.78710972996912,Drill,False,False,True,False,0.7130247894645318,0,0,28.697521053546808,0,2025-03-11 03:08:00
78.04042228538559,1.6302706282508,21.305826102460845,4.828039957916845,18.751894298400806,123.3416661480308,Drill,True,False,False,False,0.7687276596456385,0,0,23.127234035436143,0,2025-03-11 03:10:00
76.59479641499178,2.2857385911608508,22.155555170396887,5.671050176862454,18.372548018779284,114.35257211202298,Drill,True,False,False,False,0.918817596483511,0,0,8.118240351648893,0,2025-03-11 03:11:00
80.94401059152572,2.506756680095504,17.93394947256088,4.493347201957356,18.296604101711715,121.56561708596496,Drill,False,False,False,True,0.8831290274148323,0,0,11.687097258516772,0,2025-03-11 03:12:00
77.76552857253722,2.500976834421392,16.992699479248806,4.604139613534255,20.60786003832372,123.33792480238304,Drill,False,True,False,False,0.8570065044301919,0,0,14.299349556980816,0,2025-03-11 03:13:00
73.99695627165003,1.9407138596612103,19.4294634550354,4.661724275421391,16.132560724789204,114.39360204259108,Drill,True,False,False,False,0.7846028252542369,39,0,2.039717474576321,0,2025-03-11 03:15:00
76.79301174708178,1.890427706753046,20.555713310061027,4.892840506336601,20.667287330897484,124.4407866087172,Drill,False,True,False,False,0.7949554058434314,39,0,1.0044594156568678,0,2025-03-11 03:16:00
81.21131061441206,1.5647216326666329,20.68970806236139,4.530547842981281,18.012750416446046,116.75739185247672,Drill,False,True,False,False,0.7722016994017203,0,0,22.77983005982797,0,2025-03-11 03:27:00
75.26240484992165,1.686341154297784,13.229772602613927,5.442582860917858,20.14018773764953,120.63385300571056,Drill,False,False,True,False,0.6227876618047019,31,0,22.221233819529807,0,2025-03-11 03:32:00
79.11448691563358,2.205588342509078,18.11981051359288,5.384884231432439,18.538748857741663,120.09629483675565,Drill,False,False,True,False,0.81961942242503,40,0,0.0,0,2025-03-11 03:39:00
71.79193365728801,1.7005363224465784,18.16582370634408,4.690487768443737,20.34729272032628,125.0889798451798,Drill,False,False,False,True,0.7188789298607954,0,0,28.112107013920465,0,2025-03-11 03:41:00
82.38793748403918,2.0047046709414875,22.50807621784224,5.054196548926705,18.093073626328845,118.23024306163116,Drill,False,False,True,False,0.8792740587956196,43,0,0.0,0,2025-03-11 03:51:00
75.5892820870878,2.306916966575672,17.633509513581437,5.53359927435077,21.56747074269979,118.41671117631678,Drill,False,False,False,True,0.8313052319100162,41,0,0.0,0,2025-03-11 03:53:00
81.39288989444415,1.178257938158758,16.586586463253987,4.246991699413014,18.71965057294609,119.92025136511614,Drill,True,False,False,False,0.5742615298024583,0,0,42.573847019754176,0,2025-03-11 03:59:00
77.57619324492084,2.3374797635909723,16.92404294235609,5.066196625653256,21.719707816231853,114.02212335888277,Drill,True,False,False,False,0.8462476340966995,42,0,0.0,0,2025-03-11 04:06:00
80.00472875509234,1.9435392683681536,18.21055724781936,4.835495827806606,18.07787753033296,121.1016164584546,Drill,False,True,False,False,0.7913815076378192,0,0,20.86184923621808,0,2025-03-11 04:12:00
77.17120022249702,1.9358374497336084,14.99390628128504,4.243186571005732,18.64355722002261,127.69678261300346,Drill,False,True,False,False,0.7221048938445176,36,0,9.789510615548238,0,2025-03-11 04:14:00
84.76011921774283,8.219896996296029,27.05971252634233,4.77476756917905,18.757546190634663,118.53702625046196,Drill,True,False,False,False,1.0,0,1,0.0,0,2025-03-11 04:18:00
91.5234244867301,6.25761319135611,29.391765228539548,5.616300950606709,19.63656785273242,129.18971014996137,Drill,True,False,False,False,1.0,0,1,0.0,0,2025-03-11 04:22:00
75.42738230039996,2.142995312240167,19.555192123584543,3.875748673352766,18.62015274433077,122.92535101229186,Drill,False,False,False,True,0.8418082213093742,0,0,15.819177869062583,0,2025-03-11 04:35:00
86.50211120643718,6.280779241631077,27.860322378261515,4.845003474037826,20.97437199746926,117.05410475151176,Drill,True,False,False,False,1.0,0,1,0.0,0,2025-03-11 04:40:00
73.57808777005044,2.04542091438552,17.79307442030615,4.480908649727507,18.122116609289822,125.41696071791677,Drill,False,False,True,False,0.7864964457337146,0,0,21.35035542662854,0,2025-03-11 04:44:00
79.8596006183096,2.089535544194432,17.020858705938657,4.415155817921834,22.8895181085817,126.61486654172772,Drill,False,False,False,True,0.7866706835344761,0,0,21.3329316465524,0,2025-03-11 04:45:00
76.03544382367818,1.6976264913715382,20.32514733637568,4.893630322371027,21.612655180713407,124.41991580234834,Drill,False,False,False,True,0.769326004892108,38,0,4.067399510789201,0,2025-03-11 04:49:00
80.24087869044017,2.43433892553736,20.213549037248654,4.808190002147287,19.119543520969305,121.3308893260209,Drill,False,False,True,False,0.9179511417701286,0,0,8.204885822987137,0,2025-03-11 05:00:00
83.0529110321511,2.2815920068036832,18.829568924158483,5.6517274069766446,20.49794589284983,120.55847065053338,Drill,False,False,True,False,0.8428015157050004,0,0,15.719848429499962,0,2025-03-11 05:01:00
84.41510597728632,1.960722258462162,14.486262601196996,4.516607118292369,20.249508298925985,119.17893107979252,Drill,False,True,False,False,0.7238861843495382,0,0,27.611381565046173,0,2025-03-11 05:04:00
79.7164199418097,2.303082376050805,15.971671563746064,4.9254254336713785,22.794139529570423,129.72008825000222,Drill,True,False,False,False,0.8029639266321986,0,0,19.703607336780134,0,2025-03-11 05:08:00
75.28063898830302,2.208176969957377,19.75802830911401,5.330458246416207,21.79514483747066,121.38762342238148,Drill,True,False,False,False,0.8736593946864101,0,0,12.634060531358998,0,2025-03-11 05:18:00
77.95362106650347,1.4809211808546965,17.635678832284153,5.159485120716138,19.93143386803126,121.93928771707796,Drill,False,True,False,False,0.6504976389212571,32,0,18.95023610787429,0,2025-03-11 05:20:00
81.15723171234119,2.749224537925956,17.45398650395483,4.888259901177231,20.42292331071358,125.0140487597757,Drill,True,False,False,False,0.9357951957912652,0,0,6.420480420873474,0,2025-03-11 05:22:00
74.07466145643124,2.013801916020902,19.1700426645756,4.851627558556933,22.369710436102324,128.42935076110763,Drill,True,False,False,False,0.8350020569549204,0,0,16.499794304507958,0,2025-03-11 05:23:00
82.61248974010277,1.8076657219326069,18.56238403582055,4.967522726345812,20.357849189213116,118.35279447637582,Drill,False,False,True,False,0.7346331327628,0,0,26.53668672372001,0,2025-03-11 05:24:00
82.18256661747512,2.847299177300914,21.665122480712025,5.334133374145934,23.25043890087045,113.17983417580344,Drill,False,True,False,False,1.0,0,0,0.0,0,2025-03-11 05:25:00
75.41710710473738,2.205588342509078,14.76565621990891,5.1152600166161015,19.770374400485515,123.47872896236322,Drill,True,False,False,False,0.7310907012715281,0,0,26.890929872847195,0,2025-03-11 05:30:00
79.71879292148013,2.014347595935405,17.069848107597988,4.525631360325257,21.725205205519423,114.44074646667984,Drill,False,True,False,False,0.7674295346440515,38,0,4.257046535594853,0,2025-03-11 05:35:00
78.48647063910161,1.830741146041854,20.16900106058185,5.073165825448102,20.099141369448464,118.0484792544415,Drill,False,False,True,False,0.7845411385244345,0,0,21.545886147556544,0,2025-03-11 05:36:00
75.098731363519,2.3765437365124717,19.25536083574895,5.184861638423871,23.597673928382104,119.48435968824312,Drill,True,False,False,False,0.906530034577214,45,0,0.0,0,2025-03-11 05:38:00
81.39017432467406,1.850698242971288,21.32928364393255,4.956322762199779,20.79662769646393,117.40487140540924,Drill,False,True,False,False,0.8341666534793452,0,0,16.58333465206549,0,2025-03-11 05:39:00
76.39368901215333,2.0205114697902977,18.93450443036558,4.918672685832997,20.422901454807743,126.79178583215302,Drill,False,False,True,False,0.8310815700871992,0,0,16.891842991280086,0,2025-03-11 05:42:00
74.43892708717564,2.099494300137729,16.99115463340566,5.553254258711261,21.04763770157656,123.03074849879236,Drill,False,True,False,False,0.772947172914202,38,0,3.7052827085798015,0,2025-03-11 05:44:00
80.68194965037047,1.880030002967205,18.364196491631724,5.149461362248459,20.601707391896344,125.60975245957611,Drill,True,False,False,False,0.7586937302255587,37,0,5.630626977444123,0,2025-03-11 05:48:00
79.9936783172957,1.3742622683284988,23.98562114012128,4.88578334987711,19.36699115493638,118.2265982003462,Drill,False,False,False,True,0.790094836035213,39,0,1.4905163964786965,0,2025-03-11 05:57:00
72.11234688614674,2.569620494406572,17.77281567659607,5.724208991368397,22.913865768245948,118.8989523518296,Drill,False,False,True,False,0.9083265452038052,0,0,9.16734547961947,0,2025-03-11 06:01:00
78.79907749541563,2.118373995645266,17.058489801750436,5.124215855165682,21.853225654254604,124.59593076838476,Drill,True,False,False,False,0.8064615541684959,0,0,19.35384458315042,0,2025-03-11 06:06:00
76.99408674718421,1.8698379611062432,18.393664281619053,5.109445832466282,20.395832741525037,105.62113286185864,Drill,False,False,True,False,0.6095110027518217,0,0,39.04889972481783,0,2025-03-11 06:12:00
77.84845964476918,2.5166465293424585,18.59432004761644,4.759797345834414,17.818077877134257,119.40895777214529,Drill,False,False,False,True,0.8772099658951371,0,0,12.279003410486284,0,2025-03-11 06:13:00
74.99864162491704,1.76987976337991,17.9963424823118,5.427713482558073,20.166254568038333,119.96414394509335,Drill,False,False,False,True,0.7304351394089135,0,0,26.956486059108656,0,2025-03-11 06:14:00
73.0727387141303,1.4692849088781803,17.203109450021266,5.271054840769955,20.524621722871974,113.27506665695796,Drill,False,False,False,True,0.6716408443968349,33,0,16.335915560316508,0,2025-03-11 06:36:00
76.77092479333447,1.884837577600765,19.224539620210784,5.340771628316337,21.579682178785703,118.465029770583,Drill,False,False,False,True,0.7907050573015999,39,0,1.4294942698400064,0,2025-03-11 06:38:00
77.12831747632927,2.0606841222863657,14.88112844174755,5.36594711923914,19.25825303927753,122.92362673517972,Drill,False,False,True,False,0.7236960029148665,0,0,27.63039970851335,0,2025-03-11 06:39:00
75.88215005075827,1.994631506897495,15.844558508416796,5.0263138757899,18.002378773402736,114.53940045138802,Drill,False,True,False,False,0.739147767145032,36,0,8.085223285496795,0,2025-03-11 06:40:00
70.3080258400735,2.205588342509078,19.283083289872025,4.975938200237949,21.824248665173386,118.88717464614294,Drill,False,True,False,False,0.7406293319131669,0,0,25.937066808683312,0,2025-03-11 06:43:00
74.55364801808695,1.6873185235858257,18.47974550456945,4.795883536174775,20.724069140834207,129.24469309280929,Drill,False,True,False,False,0.734311034626111,36,0,8.568896537388895,0,2025-03-11 06:47:00
78.44369355167136,2.205588342509078,19.08924914899868,4.928147850909794,19.82918508839639,130.71355517232092,Drill,False,False,True,False,0.7246634540262678,0,0,27.53365459737323,0,2025-03-11 06:54:00
77.95362106650347,1.512985241017627,19.47026422610818,4.797821116138589,19.31327454561472,114.87552550309567,Drill,False,False,False,True,0.7091282271427634,0,0,29.08717728572367,0,2025-03-11 07:01:00
90.84794752483704,7.1784661869198025,26.094295784055493,4.776707895040886,19.87754845998313,124.00802579863183,Drill,False,False,False,True,1.0,50,1,0.0,0,2025-03-11 07:12:00
75.12024734714011,1.7946524808161608,17.979295420184528,5.2451301286677285,19.450096145241883,116.27303333981136,Drill,False,True,False,False,0.7510285799902511,0,0,24.897142000974892,0,2025-03-11 07:13:00
79.26608884339018,2.17734083537718,15.300789488576145,4.717409799693681,18.776318412247143,132.31506844387513,Drill,False,False,True,False,0.769082292918204,0,0,23.09177070817961,0,2025-03-11 07:17:00
80.59206720250569,1.5123367899313818,17.18131884956275,5.469904720093215,18.54798055311608,125.71027296176123,Drill,True,False,False,False,0.6906031813496261,0,0,30.9396818650374,0,2025-03-11 07:22:00
83.25813492913062,2.205588342509078,18.537624712824307,5.080557823486113,20.35133062039934,114.1654109931428,Drill,False,True,False,False,0.7385527049948359,36,0,8.144729500516405,0,2025-03-11 07:31:00
79.98932254868411,2.088569772512181,16.962724005030847,4.922737910060168,20.36791539832641,120.990393085158,Drill,True,False,False,False,0.7714808868011845,38,0,3.851911319881552,0,2025-03-11 07:32:00
81.5671875660631,2.5456695596600976,17.827324283506545,5.028514904219785,20.24227024885761,123.89341372862894,Drill,False,False,False,True,0.8831324282247841,0,0,11.686757177521583,0,2025-03-11 07:35:00
82.76665820600057,2.041023994219769,17.609130306954473,4.716604759388364,23.6613859481848,120.21615844822443,Drill,False,False,True,False,0.8030676252837117,0,0,19.693237471628837,0,2025-03-11 07:37:00
82.65706545331511,1.891697233024229,15.86455484592291,4.408799097878326,21.76913670221064,117.5906784225764,Drill,True,False,False,False,0.7356474129140904,0,0,26.435258708590965,0,2025-03-11 07:39:00
78.13935044661984,1.7555731991529355,22.91974397005876,5.60332429949902,22.018812504766576,112.97841791651916,Drill,False,True,False,False,0.8195902623332558,0,0,18.04097376667441,0,2025-03-11 07:48:00
74.9705557239789,1.9204287378589395,20.271241170982957,4.418043133884276,20.88324792731292,116.3207321204382,Drill,True,False,False,False,0.7973514377125025,0,0,20.26485622874975,0,2025-03-11 07:51:00
75.79282325968275,1.8209315645804085,15.991840734089944,5.671271968849948,21.120588241736183,123.73138796805203,Drill,False,True,False,False,0.7059385969047425,0,0,29.406140309525757,0,2025-03-11 07:56:00
76.34631379866657,1.9672929740109608,18.30331454429004,4.927306584953637,24.644883344213824,123.4701630548397,Drill,False,False,False,True,0.7633099924959026,0,0,23.669000750409737,0,2025-03-11 07:58:00
78.32324842566666,2.408639721105524,14.18752675982124,4.935984530568263,21.885317047512384,127.636541120973,Drill,False,True,False,False,0.7702389770750894,0,0,22.976102292491063,0,2025-03-11 08:01:00
82.28893555252368,1.669044685630072,19.60986678146465,4.100601386200138,20.195194157147064,115.54584159934608,Drill,False,False,True,False,0.7380916541175083,0,0,26.19083458824917,0,2025-03-11 08:04:00
72.89224351909596,2.055292719223431,19.76479417957996,4.76770356377742,19.165301333225035,116.30642367228806,Drill,False,False,False,True,0.8241994341402707,41,0,0.0,0,2025-03-11 08:06:00
74.87016717569385,1.8739916818117512,20.054958686705383,4.99860766057072,20.77581532423844,117.29930480268196,Drill,False,False,False,True,0.810926493389349,0,0,18.90735066106511,0,2025-03-11 08:07:00
77.10485526811095,1.428597591960361,21.948157375490048,4.941986523388631,20.66583925856433,118.22574634324091,Drill,False,True,False,False,0.755054324703248,37,0,5.994567529675209,0,2025-03-11 08:08:00
78.20108229992968,1.701693480310738,21.82321213412664,5.63157803708719,18.032394961632317,121.46873675837,Drill,False,False,True,False,0.8060284335002668,40,0,0.0,0,2025-03-11 08:19:00
80.55359483140356,1.7235646929713235,16.7176701412063,5.317903408988774,19.12057242567177,121.63297979958178,Drill,True,False,False,False,0.7265506160468671,36,0,9.344938395313292,0,2025-03-11 08:20:00
90.68266213858688,6.955189225526471,25.850928605916483,5.802563455085175,20.93821400045608,117.4334345549717,Drill,True,False,False,False,1.0,50,1,0.0,0,2025-03-11 08:21:00
75.56631316672414,1.858938998364407,23.396657671874173,5.631337070998915,20.254104612368103,113.00950992659062,Drill,False,False,True,False,0.8464168325451861,42,0,0.0,0,2025-03-11 08:23:00
83.89851306961302,1.5855224844609257,19.72784709992489,5.797649496293776,21.96529228408145,118.56207926203952,Drill,False,True,False,False,0.7467237343649173,0,0,25.32762656350826,0,2025-03-11 08:26:00
73.82495605893558,1.4605355781772678,19.538271558620067,5.086621895351282,21.296877187627658,118.96622798285364,Drill,False,True,False,False,0.6927498908282078,0,0,30.72501091717922,0,2025-03-11 08:27:00
70.4065150993633,1.8200535818248813,21.325862894379675,5.3666270455110805,18.80326681783583,126.95521237527971,Drill,False,False,False,True,0.7955983943240881,0,0,20.440160567591192,0,2025-03-11 08:37:00
78.38585375978623,1.7906843288305263,17.513179394864185,4.967673770734577,19.74684209084313,116.73051452884016,Drill,False,False,False,True,0.7089985668113261,0,0,29.1001433188674,0,2025-03-11 08:39:00
77.5825105536196,1.7059813094478158,18.776371591309463,4.888752054253466,19.64913802183266,115.87888780316274,Drill,True,False,False,False,0.7303188959358271,36,0,8.968110406417296,0,2025-03-11 08:47:00
78.65106103975005,2.1142334214095158,15.294268222071922,4.806848912283546,20.567339428147264,115.63744361697182,Drill,True,False,False,False,0.7611615677064889,0,0,23.883843229351115,0,2025-03-11 08:49:00
77.95362106650347,2.0963874412272165,17.65748739035013,5.489123168853364,20.809482161517607,123.7914119305896,Drill,False,False,True,False,0.8000255824388904,0,0,19.99744175611096,0,2025-03-11 08:51:00
77.8041237695769,2.41773678244492,17.967891921502826,5.205017451359761,19.875669524187703,122.9873646694838,Drill,False,True,False,False,0.8918770918947173,0,0,10.812290810528268,0,2025-03-11 08:53:00
72.71385168376777,1.5563668628461145,14.02010746035775,5.3722133277298365,21.73520592337021,120.78449370599256,Drill,False,False,False,True,0.6020824540786265,30,0,24.79175459213735,0,2025-03-11 08:56:00
78.51098408944137,1.978933891544715,19.31046725702752,4.603705232503486,19.35622656465852,113.02720243336962,Drill,True,False,False,False,0.8111188900739631,0,0,18.88811099260369,0,2025-03-11 09:12:00
76.23408614800067,1.243316624753615,18.51399489117166,4.974318482018915,20.11999378286537,120.50337751549468,Drill,True,False,False,False,0.6578671612271503,0,0,34.213283877284965,0,2025-03-11 09:13:00
82.84640132093436,2.318043145601381,18.393664281619053,5.148832591466954,18.566368463266038,121.4483490606907,Drill,False,True,False,False,0.808255720378157,0,0,19.17442796218431,0,2025-03-11 09:15:00
81.37326300901033,2.239355210414641,15.27105829276544,4.724289350739045,20.850140571676487,119.58931668222976,Drill,False,True,False,False,0.7904759697489363,39,0,1.4524030251063635,0,2025-03-11 09:28:00
77.47742772361192,2.1209823689111515,15.493196563409963,4.747654595726637,17.961198097005017,118.9812024325279,Drill,False,False,True,False,0.7626582502581355,0,0,23.734174974186445,0,2025-03-11 09:41:00
77.86122223027867,1.709989432789202,18.79182844191609,4.6542278745305845,19.117489914038472,113.70851807374548,Drill,False,False,False,True,0.7234106286303058,0,0,27.658937136969413,0,2025-03-11 09:42:00
77.89481875609862,1.7611807586838095,17.76565599005125,5.277110307883295,21.361969636707705,118.91192288641166,Drill,True,False,False,False,0.7291570442932187,36,0,9.084295570678137,0,2025-03-11 09:43:00
92.097853472055,7.296077034013775,25.10718182090116,4.786462142474033,18.715247064320867,123.78877390104093,Drill,True,False,False,False,1.0,50,1,0.0,0,2025-03-11 09:51:00
73.38125698491034,1.5515731560651067,17.918164929609862,5.238052474365508,20.652572557460665,114.23369913662373,Drill,False,False,False,True,0.7024548761960757,0,0,29.754512380392427,0,2025-03-11 10:01:00
76.57623774354957,2.242878330791566,18.52153363496613,5.243895089334682,23.576896700497205,123.11430742480748,Drill,False,False,True,False,0.8486732858828758,0,0,15.132671411712424,0,2025-03-11 10:05:00
77.1243685600468,2.6161456070259788,16.979872099807835,4.6457327263974335,19.26758941295497,127.38057437282882,Drill,False,False,False,True,0.897596050947551,0,0,10.240394905244898,0,2025-03-11 10:11:00
81.73834404683183,1.7562362689634043,18.574545028054853,4.6596869005487385,16.920826350244212,112.618847598453,Drill,False,True,False,False,0.7692744257361618,0,0,23.072557426383824,0,2025-03-11 10:12:00
78.3361561302533,2.0104663841268224,16.803441331604304,4.8073131796257895,19.15947026591024,123.21060501938292,Drill,False,False,False,True,0.7392940446288879,0,0,26.070595537111203,0,2025-03-11 10:14:00
78.3561150557856,1.5873467331293771,16.26246491085418,5.097041125221977,19.736962738407737,116.20174119583312,Drill,False,False,True,False,0.644161056351576,0,0,35.58389436484241,0,2025-03-11 10:15:00
78.0276428221321,2.367156775562778,16.188405573257704,4.662118800518807,19.127835370485865,116.96668029624716,Drill,False,False,True,False,0.8139228966220206,0,0,18.60771033779794,0,2025-03-11 10:19:00
81.87921867480433,2.292714013300775,16.467294781469967,5.033145936747599,18.54132404346949,111.01428166185448,Drill,True,False,False,False,0.8302293463876986,0,0,16.97706536123013,0,2025-03-11 10:22:00
83.35694232419682,2.205757345582526,16.726309571459222,4.988078487259424,21.36393109504054,117.34994620610016,Drill,False,True,False,False,0.778238814097135,0,0,22.17611859028649,0,2025-03-11 10:24:00
77.65547514163481,1.7608659301325058,19.330669069017752,4.666068035781331,19.478015675606624,114.32341859380614,Drill,False,False,False,True,0.7388090188134487,0,0,26.11909811865513,0,2025-03-11 10:38:00
84.4550406899685,2.0122774246186768,22.41921115208476,5.134640571024867,16.621199727824525,118.69106163187952,Drill,True,False,False,False,0.8886245129637578,0,0,11.13754870362422,0,2025-03-11 10:39:00
77.95119473705188,1.7005079674126835,16.22857240040062,4.425459017184336,20.32615862108876,118.49840928717263,Drill,False,False,False,True,0.6697427856821997,0,0,33.02572143178003,0,2025-03-11 10:44:00
74.54636364923178,2.1556379052355163,16.750330763131036,5.220051392487152,20.099211672723506,114.10781643534662,Drill,False,False,True,False,0.8055283340614962,0,0,19.447166593850383,0,2025-03-11 10:45:00
79.22731833951893,2.251146345899415,17.237724606653163,4.565315675446109,20.30623080799404,124.30548994503336,Drill,True,False,False,False,0.798298710332206,0,0,20.1701289667794,0,2025-03-11 10:57:00
74.95928121160574,2.342020353948548,15.582282270758556,4.581722011648835,21.39146829770495,125.49707800896468,Drill,True,False,False,False,0.8227085466218609,0,0,17.729145337813918,0,2025-03-11 11:00:00
76.70372499984671,1.9823838718686115,17.84865785468587,4.837193643277292,20.559191237793808,129.16557074199224,Drill,False,True,False,False,0.7540277924666097,0,0,24.59722075333903,0,2025-03-11 11:02:00
74.41873968558771,2.289177626916671,15.304581539381193,5.263939844841826,21.76076303055005,119.9676920296048,Drill,False,False,True,False,0.7742488559074513,0,0,22.575114409254866,0,2025-03-11 11:11:00
76.05016353865535,2.119768457881798,17.93503792831581,4.58089002154436,18.533368398436927,127.440673136201,Drill,False,False,True,False,0.7831222485380471,0,0,21.687775146195293,0,2025-03-11 11:13:00
74.69650404259397,1.8931723854142837,17.473677455880345,5.116663573275618,19.58456135865925,125.460277057194,Drill,False,False,True,False,0.7749269276433699,38,0,3.5073072356630064,0,2025-03-11 11:35:00
74.48873291942635,1.8750684700255924,17.38873511518641,4.931910483211528,21.3634062453329,122.30022695441778,Drill,False,False,True,False,0.7282777657942603,0,0,27.17222342057397,0,2025-03-11 11:37:00
77.18870014828927,1.7416850983503274,19.187078864586383,5.189896841935957,19.95988054824061,128.35677042046564,Drill,False,False,True,False,0.7815428248272568,0,0,21.845717517274323,0,2025-03-11 11:41:00
73.9471899007313,2.256320600336216,18.959250639103143,5.197278275395951,20.609127664811645,113.56310703432328,Drill,False,True,False,False,0.8411887127604396,0,0,15.88112872395604,0,2025-03-11 11:45:00
81.82891187513061,2.4500823827002964,18.463461884060784,5.0993221902943935,21.75093607607567,116.9766240918404,Drill,True,False,False,False,0.8770863505787247,0,0,12.29136494212753,0,2025-03-11 11:47:00
81.41505596712587,2.3076896341617745,20.576867245006778,4.764756560430277,21.251083177774053,115.93707742872368,Drill,False,False,False,True,0.8949736970399265,0,0,10.502630296007354,0,2025-03-11 11:49:00
79.40412419367405,2.792603573147786,16.73145056636537,5.43570889877244,21.40146760650616,115.86261624369084,Drill,False,True,False,False,0.9215135945267574,46,0,0.0,0,2025-03-11 11:50:00
84.55325897950905,1.8904157425388344,17.010070898218597,4.837588338234914,20.093647554991165,125.43379488513284,Drill,True,False,False,False,0.7569577296480428,37,0,5.804227035195723,0,2025-03-11 11:54:00
76.07239724104228,1.7492932984939893,17.352182293568156,5.666100893577879,21.051696801069376,126.8266437413791,Drill,False,True,False,False,0.7301881180371593,36,0,8.981188196284066,0,2025-03-11 11:58:00
78.75624061967224,1.5474332095361432,15.114570427994575,5.311509723191113,20.210700463602286,118.48369611166648,Drill,True,False,False,False,0.6440750590051874,32,0,19.592494099481257,0,2025-03-11 12:03:00
80.634168838086,1.7687543591813932,19.419865496294477,5.096563646548018,20.22682433200632,122.5580254518451,Drill,True,False,False,False,0.7867336481014151,39,0,1.826635189858493,0,2025-03-11 12:07:00
74.32184458170973,2.464591788507211,17.358432276296003,4.528728125066289,19.413667599241418,120.66342309566538,Drill,False,False,False,True,0.8560369670068553,42,0,0.0,0,2025-03-11 12:12:00
73.8282851656358,2.079276429082202,17.129845516847368,4.9776414133545615,20.959606260048343,119.24825816856868,Drill,True,False,False,False,0.8056033019462256,0,0,19.439669805377434,0,2025-03-11 12:20:00
80.69941357665475,1.7386420909977107,18.015120360788263,4.689322378811142,21.507243724224857,123.4417351851901,Drill,False,False,False,True,0.7443243947210549,0,0,25.5675605278945,0,2025-03-11 12:25:00
79.85247335682087,1.7845805649145208,20.32600193941061,5.523185677019738,20.301550255574856,113.89792894594456,Drill,True,False,False,False,0.8112872322610885,40,0,0.0,0,2025-03-11 12:31:00
77.93541629768285,2.0691832546298645,19.419198958767133,4.3504328629720135,19.062783193196168,125.34352490067307,Drill,True,False,False,False,0.8485391256819022,42,0,0.0,0,2025-03-11 12:33:00
78.38216708458071,2.104977114574818,18.41698394115116,5.368992468093244,20.528634371576477,127.82727329979556,Drill,False,False,False,True,0.7985700044585554,39,0,0.6429995541444526,0,2025-03-11 12:35:00
75.1491172578914,2.3188561079099648,18.036504921712226,5.639244358300704,21.198869686275867,118.02954760509712,Drill,False,False,True,False,0.8262120493266213,41,0,0.0,0,2025-03-11 12:37:00
79.13354262972832,2.205588342509078,19.054961666055465,4.433270588820324,20.053764942287074,122.22698386057142,Drill,True,False,False,False,0.7670919672757978,0,0,23.29080327242022,0,2025-03-11 12:39:00
80.84597785389003,2.1602623587124024,18.89167775045849,5.146067600419328,20.399443034660933,115.33720305776647,Drill,False,True,False,False,0.841549147307575,0,0,15.845085269242505,0,2025-03-11 12:40:00
79.72558188333255,2.312286252139337,16.559089858649884,4.758681260488738,18.76131931211824,121.29739411543238,Drill,False,False,True,False,0.8223928783254899,0,0,17.760712167451004,0,2025-03-11 12:42:00
80.15584940653225,1.6204224772744356,18.82271526230288,5.22942353475097,21.139163260733877,120.09398095992746,Drill,False,True,False,False,0.707025338337222,0,0,29.2974661662778,0,2025-03-11 12:43:00
82.10809569551724,2.459100369306323,17.468159851608895,4.99829482494245,21.0767693434944,117.76377447606346,Drill,True,False,False,False,0.8473357805517555,0,0,15.266421944824444,0,2025-03-11 12:56:00
80.72809765077093,2.3515430429821533,21.728097060823515,5.582160535090477,21.325436823456457,118.03578054616396,Drill,False,False,True,False,0.9110825235060748,0,0,8.891747649392528,0,2025-03-11 12:58:00
80.30725642368932,2.4494292900463357,13.71713823936059,4.764792592385213,19.75927066950716,125.53636486001902,Drill,False,False,True,False,0.7888512080395821,0,0,21.1148791960418,0,2025-03-11 12:59:00
82.1334795470349,2.0131486398381284,15.862958491835125,4.771228581520627,24.03547251093304,111.46387002714724,Drill,False,False,False,True,0.7560657445691263,0,0,24.39342554308736,0,2025-03-11 13:10:00
75.20378536434215,1.854722494420751,17.23163666858605,4.527519530740448,19.34721000170331,109.98525793067404,Drill,False,True,False,False,0.7167030710593874,0,0,28.329692894061267,0,2025-03-11 13:12:00
79.10257459370104,1.995029477053244,23.17195035136779,4.284395043799424,21.91681478156296,126.03712874578324,Drill,True,False,False,False,0.8799185674949631,0,0,12.008143250503691,0,2025-03-11 13:14:00
82.25616814304976,2.204997353454828,18.83810146950692,5.402847129364949,19.44083630830287,118.21728785678609,Drill,False,False,False,True,0.8663456876096141,0,0,13.3654312390386,0,2025-03-11 13:15:00
76.02098464769543,1.9339658806235516,20.275553561337325,4.869170627654485,21.06043251488081,124.3963195258328,Drill,True,False,False,False,0.8023364767147617,0,0,19.766352328523823,0,2025-03-11 13:17:00
81.10319607882565,1.734884257792681,19.16344672994101,4.352470971205424,21.305090325361228,123.18476269997436,Drill,False,False,True,False,0.7636244923248614,0,0,23.637550767513854,0,2025-03-11 13:23:00
81.3984082105165,2.0277130374919774,19.38741222507237,4.529187347418771,18.491666043224377,123.27344246504072,Drill,False,False,True,False,0.8253051203785711,0,0,17.469487962142892,0,2025-03-11 13:30:00
79.53609542628374,1.8164721081486248,18.422418798448916,4.986772799455293,21.68614384205244,129.09232189190797,Drill,False,False,True,False,0.7482102733025956,0,0,25.17897266974045,0,2025-03-11 13:37:00
78.73973195399428,2.1315238098489937,18.393664281619053,5.641894004917941,21.146237449897843,120.55234377943069,Drill,False,False,False,True,0.7975259498480619,0,0,20.24740501519381,0,2025-03-11 13:41:00
74.6780100537675,2.039749143048694,17.42293419863641,5.131929224347404,20.254396514592404,123.82146290710216,Drill,False,True,False,False,0.7966339064666282,0,0,20.33660935333718,0,2025-03-11 13:43:00
81.66946977264917,2.10124462241792,15.77534506065884,4.761088425661501,17.740875634396897,126.2811067222068,Drill,False,False,False,True,0.7724985859871797,0,0,22.75014140128204,0,2025-03-11 13:46:00
88.36490314627912,1.952892551466588,20.54936769935897,4.477160662240348,17.343414796494226,114.25579940192068,Drill,True,False,False,False,0.8414734846460195,0,1,15.852651535398053,0,2025-03-11 13:48:00
80.1465784779075,2.125040472344934,13.594173293588565,5.208808254044307,20.89936794172063,121.67710660240184,Drill,False,False,True,False,0.71494341068121,35,0,11.005658931878996,0,2025-03-11 13:58:00
81.86730541822524,2.350136236400989,17.558868119465373,4.782719399849465,18.709239010242037,117.55611477543296,Drill,True,False,False,False,0.8497288873873645,0,0,15.027111261263542,0,2025-03-11 13:59:00
75.06093181506675,1.99308483317436,18.493812126833223,4.922877565077035,19.092978724808884,128.3687187699171,Drill,False,False,True,False,0.8124368185893673,0,0,18.75631814106326,0,2025-03-11 14:00:00
81.23813367984707,2.3248999815550606,15.822613179047316,4.659353103925317,19.558815229435744,123.16533273748614,Drill,False,False,True,False,0.8126029925160722,40,0,0.0,0,2025-03-11 14:02:00
79.1053823724857,2.28726114898393,17.724517879224145,4.846888639316177,18.573337929886303,126.2783876287055,Drill,False,False,True,False,0.8593044611430856,0,0,14.069553885691448,0,2025-03-11 14:05:00
79.19470402139781,2.5602386012484053,21.3279725596162,5.125706968720474,22.024319470750616,118.68591578736942,Drill,False,False,True,False,0.9480774454323604,47,0,0.0,0,2025-03-11 14:15:00
91.29475710476326,5.715806895471298,26.24187342134678,5.145017236437185,17.644645018877235,112.26234458862776,Drill,True,False,False,False,1.0,50,1,0.0,0,2025-03-11 14:24:00
88.82253636175768,8.580748655939438,28.425560381275133,4.616258015740751,20.250504382543607,120.10014874412174,Drill,False,True,False,False,1.0,0,1,0.0,0,2025-03-11 14:28:00
79.55310019272608,1.9203318462444376,18.847015748044075,4.784822413466744,22.0501201050416,118.98904832306192,Drill,False,True,False,False,0.8094043513464756,0,0,19.05956486535244,0,2025-03-11 14:30:00
75.81119350010913,1.5721945648638644,15.757731974484155,4.7224933570013,21.049175135909813,124.61991339560076,Drill,False,False,False,True,0.6409769674899275,0,0,35.902303251007254,0,2025-03-11 14:38:00
78.50551601312793,2.108132502887832,15.639079029535836,5.722267551246506,18.77142103532179,117.4428123560873,Drill,True,False,False,False,0.735385210366786,36,0,8.461478963321412,0,2025-03-11 14:51:00
75.25515721874662,2.2786796040596644,19.276373997697146,5.943845703640042,21.10784905880309,125.3756037449088,Drill,False,True,False,False,0.8503985940954125,42,0,0.0,0,2025-03-11 14:55:00
80.16700141658524,1.818527970821548,21.48862222948622,5.907596644663782,19.112975930302586,115.91693485089506,Drill,True,False,False,False,0.8246945582505872,41,0,0.0,0,2025-03-11 14:56:00
76.12424580823978,2.1926903705033527,18.818281845551983,5.385290613557576,22.10934853889383,121.20539488202908,Drill,True,False,False,False,0.8601950201210503,0,0,13.980497987894964,0,2025-03-11 14:59:00
82.69389267233859,2.3019819623097884,16.2516014599717,4.954807550757356,17.316432268630518,110.96368845217133,Drill,False,True,False,False,0.7977313589901478,0,0,20.226864100985225,0,2025-03-11 15:01:00
77.95362106650347,2.416929240183906,19.2886210002164,5.104806629743391,19.19425360641752,120.15424333526754,Drill,True,False,False,False,0.911998989897802,0,0,8.800101010219791,0,2025-03-11 15:08:00
75.82228258364536,1.698968328950149,19.046647565457175,4.855313204873094,22.516948755453047,113.78717998600148,Drill,False,False,True,False,0.7278949747098424,0,0,27.21050252901576,0,2025-03-11 15:10:00
75.75675554831025,1.9005943102736451,16.39881931530379,5.0714679100876285,20.16092879914487,122.64134969457552,Drill,True,False,False,False,0.7233636905720732,0,0,27.66363094279268,0,2025-03-11 15:11:00
74.64079771467554,2.424923537510088,17.380980228145543,3.64976835992896,19.559852896530032,118.3862772363833,Drill,False,False,True,False,0.8358366330461771,0,0,16.4163366953823,0,2025-03-11 15:12:00
72.91514616407787,2.2906309687044057,19.8135745458648,5.219385309416229,16.933504285698387,123.92444343747091,Drill,True,False,False,False,0.8585805187417943,0,0,14.141948125820562,0,2025-03-11 15:19:00
80.08936682063292,2.222546688317038,17.738398812546087,4.887955596899998,22.630062798086477,123.98467962829298,Drill,True,False,False,False,0.8442674498099116,0,0,15.57325501900884,0,2025-03-11 15:23:00
76.26133082660932,1.972409460139086,18.393664281619053,4.887771317360579,22.01443449744684,126.02337967878462,Drill,True,False,False,False,0.7882291841306146,0,0,21.17708158693854,0,2025-03-11 15:24:00
75.2929672923921,2.017022504989046,15.035206426008465,4.983067241735915,20.300592177314527,115.9380932265498,Drill,False,True,False,False,0.7344501816556908,0,0,26.55498183443092,0,2025-03-11 15:31:00
77.64739512755536,2.0340368120169656,16.49730906079326,5.36273365854917,22.167275430889717,124.7458303511908,Drill,True,False,False,False,0.7708861036859413,0,0,22.911389631405868,0,2025-03-11 15:32:00
78.71647991735911,2.275961454786329,18.26223864935029,4.734119637939594,22.33794202560513,123.38418827055504,Drill,True,False,False,False,0.8355002039930548,41,0,0.0,0,2025-03-11 15:34:00
79.40069544641334,2.3056769720269696,19.76968516560232,4.9515698270437785,16.70952811061169,114.59445326087943,Drill,False,False,True,False,0.8933411670637167,0,0,10.665883293628326,0,2025-03-11 15:35:00
80.32400663343176,2.2096447010841427,17.455146198138255,4.7641684016255486,22.319598030784743,125.70727289160637,Drill,False,True,False,False,0.8379144134391774,41,0,0.0,0,2025-03-11 15:39:00
80.30811671419626,1.9054754216273229,17.37920639248806,5.670895837189783,22.30344646821655,127.30409359144556,Drill,True,False,False,False,0.7545072521297593,37,0,6.049274787024061,0,2025-03-11 15:41:00
77.95362106650347,1.927570830582502,19.76212437476133,5.398210676669645,22.67467177998876,120.718154169941,Drill,True,False,False,False,0.7848519205736146,0,0,21.51480794263854,0,2025-03-11 15:42:00
81.97975542975527,2.151667355964502,19.23816633877602,5.270196338906188,23.707900658647787,114.7373847250131,Drill,False,False,True,False,0.8238661231727881,41,0,0.0,0,2025-03-11 15:44:00
81.82849462117663,2.287644891940302,15.62489366644992,4.969488739304167,18.95555963142141,115.50754756613576,Drill,False,False,False,True,0.807869091523558,40,0,0.0,0,2025-03-11 15:54:00
83.72223520648737,1.4157972577577558,17.871324705241665,5.344133023766688,21.04428457373937,126.71388482211502,Drill,False,False,False,True,0.6806015576941347,34,0,14.93984423058653,0,2025-03-11 15:56:00
77.51317414387543,2.257092661094836,18.37491876417782,5.600751653518527,21.635366425487096,127.15817993468984,Drill,True,False,False,False,0.8609374715778975,0,0,13.90625284221025,0,2025-03-11 15:59:00
74.60660393015503,2.0086326692242995,19.5596572815101,5.003770544225509,21.205979743835755,114.44438116792112,Drill,True,False,False,False,0.8303230195876629,0,0,16.967698041233717,0,2025-03-11 16:01:00
82.80034859974029,1.6281235962424916,16.423904753533982,5.077047659034775,22.699607437590647,117.54904546885656,Drill,False,True,False,False,0.6735931158537184,0,0,32.64068841462816,0,2025-03-11 16:04:00
75.59272231087772,2.1823521016205025,19.31385813268417,4.942400008919336,19.175974863198004,124.54045149131068,Drill,True,False,False,False,0.8696484193072475,0,0,13.035158069275257,0,2025-03-11 16:05:00
77.81970829721826,2.330399049466865,20.86766567731969,4.962290913107614,18.72204313242504,126.04219994568044,Drill,True,False,False,False,0.9164412442799192,45,0,0.0,0,2025-03-11 16:06:00
78.46436179436547,2.214902024162124,15.2454090214558,5.072584425392256,20.44430066503226,116.12987174818696,Drill,False,False,True,False,0.7766758994776068,0,0,22.33241005223931,0,2025-03-11 16:07:00
74.73292519537456,2.6974096742970253,17.313329648295102,4.474588880658402,21.07386562419321,116.61974455855706,Drill,False,False,False,True,0.920643982929058,0,0,7.935601707094207,0,2025-03-11 16:08:00
79.89920028319067,1.8449459350478516,19.258721266857783,5.08578530698702,17.7901900551871,119.88064515845274,Drill,False,True,False,False,0.7669560547860574,0,0,23.304394521394254,0,2025-03-11 16:18:00
83.90351142320763,2.18570988397656,17.40186182953989,4.961446145474041,20.527941611312084,116.29214370553248,Drill,False,False,True,False,0.8204270695148593,0,0,17.95729304851406,0,2025-03-11 16:19:00
81.93508095624213,2.033338812588953,16.579726786325235,4.896910175365482,20.943628113521,117.07277489540016,Drill,False,False,False,True,0.7674872222282786,0,0,23.25127777717213,0,2025-03-11 16:21:00
79.424077323168,1.592547523556722,17.15219785533481,4.958564842141175,18.42300647296508,122.53966334981008,Drill,False,True,False,False,0.6901721366853054,0,0,30.982786331469452,0,2025-03-11 16:23:00
79.87419315399274,1.722233028832655,16.368180929702895,4.77870359926408,21.814053767502145,119.98261395149032,Drill,False,False,True,False,0.7104476637855809,35,0,11.455233621441906,0,2025-03-11 16:32:00
78.78499322239729,2.009527836974436,18.800339210400995,5.126509512103885,18.94454533383616,121.83073262982842,Drill,False,True,False,False,0.7795999045417799,0,0,22.040009545822016,0,2025-03-11 16:36:00
72.39290974532156,1.870311446267801,16.266230830233066,5.11237139877913,20.84313839312393,119.05509377743688,Drill,True,False,False,False,0.7076976805843922,0,0,29.23023194156077,0,2025-03-11 16:38:00
78.4969546290708,2.38181442019138,17.940622419428042,5.323595443691604,20.585258289320127,120.80346433732451,Drill,False,False,True,False,0.8421098773977019,0,0,15.78901226022981,0,2025-03-11 16:39:00
81.53622921483696,1.7837089674590312,19.53461472520497,5.49459580487367,20.5645828428338,123.67783449151284,Drill,True,False,False,False,0.7875473058964412,39,0,1.7452694103558883,0,2025-03-11 16:41:00
77.81840171254902,1.3768640438678377,18.625731302981823,5.28330648786296,21.532187156023063,129.14312631220912,Drill,True,False,False,False,0.6940975996209926,34,0,13.590240037900742,0,2025-03-11 16:46:00
83.18199026008448,2.6437474775229464,17.46326240172524,5.755712981700101,21.047598681994103,118.95888645193624,Drill,True,False,False,False,0.8905736541257862,0,0,10.94263458742138,0,2025-03-11 16:48:00
80.29371583969434,1.405410654278386,18.96918275767855,5.170462623858474,19.86110090709741,117.2297780795596,Drill,True,False,False,False,0.693924340714999,0,0,30.607565928500108,0,2025-03-11 16:50:00
77.34140382478476,2.269507870504096,18.76165283669051,5.854128449590383,19.891561010428276,127.00388638097826,Drill,False,False,True,False,0.8631865035999078,43,0,0.0,0,2025-03-11 16:52:00
76.1881860883584,2.2049637212003206,16.702002959053686,4.861300043596703,18.136370489251384,133.76614755401604,Drill,True,False,False,False,0.8106176089750615,0,0,18.938239102493853,0,2025-03-11 16:55:00
83.86222982475257,2.4170765982535967,19.76721357198834,4.7420416565422645,19.28398271233425,120.39286610480563,Drill,False,False,True,False,0.8921753756092482,0,0,10.782462439075177,0,2025-03-11 16:56:00
78.01521417860396,1.8454487302723948,17.85955275885075,4.7108660819287005,19.46014169422513,120.7311763951118,Drill,True,False,False,False,0.7446463236377672,0,0,25.535367636223285,0,2025-03-11 17:14:00
78.2705818294541,2.131835807137397,18.87042305657921,4.602852517848521,20.059860041779643,123.34124061970677,Drill,False,True,False,False,0.8320787957455333,0,0,16.79212042544667,0,2025-03-11 17:16:00
81.94354147302498,1.992680429829153,17.31248696097978,4.901168225276912,18.849695712323133,129.1001740638372,Drill,False,False,True,False,0.769807596436255,38,0,4.01924035637451,0,2025-03-11 17:18:00
83.65688789678896,1.99885875989876,16.491403734785713,4.570763468654954,17.031005457505398,116.60647933944196,Drill,False,False,False,True,0.7388504712831159,0,0,26.114952871688416,0,2025-03-11 17:23:00
77.304237774241,1.890296875240844,17.1483640032669,5.057075364880652,19.52278605100786,119.30716188301297,Drill,False,True,False,False,0.7514108671360702,0,0,24.858913286392976,0,2025-03-11 17:34:00
82.15245291688937,7.050943620627347,23.29984614705211,5.641480742186772,19.922453090937157,107.162820451305,Drill,False,False,False,True,1.0,50,1,0.0,0,2025-03-11 17:35:00
77.86256509310877,2.156434819717859,18.94278252552998,5.183854927229927,18.96896834846256,117.76318525419391,Drill,True,False,False,False,0.8422796357878021,42,0,0.0,0,2025-03-11 17:36:00
85.6677843034354,1.458874854772251,14.463686176493535,5.203044729177299,21.359514853095728,121.23644999787126,Drill,True,False,False,False,0.6254999334776228,31,1,21.95000665223772,0,2025-03-11 17:44:00
77.95362106650347,2.0994412688992687,17.398651279112634,5.440157156911492,20.315953167822588,123.80715312030446,Drill,False,True,False,False,0.7778279023478172,0,0,22.21720976521829,0,2025-03-11 17:45:00
82.47819551121776,2.1474336532683207,19.13308197416331,6.351107296515745,22.224888327284887,125.13502205893828,Drill,False,False,True,False,0.84592530871407,42,0,0.0,0,2025-03-11 17:50:00
77.3152147436275,1.834823879899788,21.47596997024704,5.044792773048503,21.119559862738058,122.83088695385086,Drill,False,True,False,False,0.8384575302141067,0,0,16.154246978589327,0,2025-03-11 17:56:00
79.41828748620577,1.5981590675126731,15.84821234255148,5.547912440784952,19.599212651517067,113.31638957926688,Drill,False,False,False,True,0.6650891653313145,0,0,33.49108346686856,0,2025-03-11 18:05:00
84.0963048535393,1.9615209558548508,18.4283378822635,4.764230635405244,22.512694909535337,117.33603393459776,Drill,False,False,False,True,0.800840735932982,40,0,0.0,0,2025-03-11 18:13:00
88.63266471349966,1.584997766908517,16.046759368272888,4.655422628214286,19.94342307535161,124.25002133984796,Drill,False,False,True,False,0.6410675890936943,0,1,35.89324109063057,0,2025-03-11 18:14:00
84.95903197577213,2.205588342509078,19.129552528628302,4.484129560815577,20.34446458335169,121.3849716555955,Drill,True,False,False,False,0.6857922317512661,0,0,31.420776824873386,0,2025-03-11 18:20:00
76.86688302813052,2.100790452032173,19.368972267105992,5.501493914487893,18.022585561955086,128.51863577348618,Drill,False,True,False,False,0.8145446893422656,0,0,18.54553106577343,0,2025-03-11 18:21:00
77.78100340985665,2.291052524770357,16.359343077735065,4.281606906166391,20.411690266420763,114.8698237622238,Drill,False,False,False,True,0.8175971781407471,40,0,0.0,0,2025-03-11 18:23:00
84.13916252760067,2.205588342509078,14.569640058593158,5.233981397234578,19.77690561827391,111.9990535661892,Drill,True,False,False,False,0.6670256477286702,33,0,16.79743522713298,0,2025-03-11 18:30:00
80.63708583216217,2.1797309995590783,17.752215273529597,4.431642405910623,20.027177716438807,118.40451982874488,Drill,False,False,True,False,0.8075020353991993,0,0,19.24979646008008,0,2025-03-11 18:35:00
81.00096330995191,2.2427338372194137,19.285710987925896,4.93573868545357,19.446675345594464,119.49703447310895,Drill,False,False,True,False,0.8475665930123969,0,0,15.243340698760306,0,2025-03-11 18:37:00
71.11211994049057,1.7450837235566912,15.297419194603131,5.340393071402706,19.955738602071392,116.65223836812096,Drill,False,False,True,False,0.6747543677020955,0,0,32.524563229790445,0,2025-03-11 18:38:00
79.83556829216398,1.2857782683429508,16.02668194455178,4.044587415008926,18.98549042635468,120.48913245926134,Drill,True,False,False,False,0.594599281021446,29,0,26.0400718978554,0,2025-03-11 18:45:00
78.98745461276842,2.0884157758706903,18.393664281619053,4.915786023858804,20.070022601242943,127.49506034116774,Drill,False,False,False,True,0.7718526276940139,0,0,22.81473723059861,0,2025-03-11 18:51:00
85.76357145598624,2.207965280497611,20.830409053403645,4.936340211384909,21.920528031255703,124.64425623025112,Drill,False,True,False,False,0.8673192380161264,0,1,13.268076198387362,0,2025-03-11 18:52:00
77.22596589541823,2.2109420591708147,16.023994363994117,5.152026976229533,21.011372462637148,118.27173171697166,Drill,False,True,False,False,0.7698182822218635,38,0,4.018171777813649,0,2025-03-11 18:56:00
82.15437145423627,2.114427685260303,20.101548580944225,4.743107008622404,19.636225325710967,106.22739185800812,Drill,False,False,True,False,0.8551378295885252,0,0,14.48621704114747,0,2025-03-11 19:07:00
78.62378880000088,2.354567012767668,17.2851699036586,4.7954962168521895,20.030885265852017,117.91654006602133,Drill,False,True,False,False,0.85725546501921,0,0,14.274453498078998,0,2025-03-11 19:09:00
78.059294497079,1.922586345316652,14.909887185187127,4.851985354972721,17.983480992754174,123.7937809632802,Drill,False,False,False,True,0.7305779905755245,0,0,26.942200942447545,0,2025-03-11 19:17:00
78.99766702567536,1.633033930981421,19.067390496012383,4.967250329123664,19.126599406236835,120.03576628048744,Drill,False,False,False,True,0.72593258901274,36,0,9.406741098726002,0,2025-03-11 19:20:00
76.48643007202004,1.88941419026429,17.802558211088655,4.782406634650926,19.929875819145945,116.34369513336478,Drill,False,False,True,False,0.7348081666450582,0,0,26.519183335494176,0,2025-03-11 19:34:00
80.24106181566701,1.987598838557249,16.77171293750563,5.330222829947826,19.353498341250592,115.64616811779632,Drill,False,True,False,False,0.7637135229945103,38,0,4.628647700548967,0,2025-03-11 19:39:00
78.025731282166,1.794297524722961,17.961363391456327,5.976502338106136,20.13857218849845,116.30431720384648,Drill,True,False,False,False,0.750768975634297,37,0,6.423102436570304,0,2025-03-11 19:46:00
81.96671720344791,1.5261691103847204,17.59478845416385,4.8697044427269525,17.000020159534564,121.53309893490962,Drill,False,True,False,False,0.7059534031151549,35,0,11.904659688484514,0,2025-03-11 19:58:00
79.62940038548243,1.7546324473584485,19.960008472267788,5.0453337855621205,16.852718805093197,120.74231840773444,Drill,True,False,False,False,0.7872820845811671,39,0,1.7717915418832888,0,2025-03-11 19:59:00
82.81069588827161,2.117362798171218,18.610301671749944,4.902908564275589,21.982821488239704,122.5887890785442,Drill,True,False,False,False,0.8064028114372074,0,0,19.359718856279255,0,2025-03-11 20:00:00
85.61981829793024,6.708205454618246,28.41132477081714,5.049091563082193,19.92941218883842,116.63506390417372,Drill,True,False,False,False,1.0,0,1,0.0,0,2025-03-11 20:01:00
83.65964218267533,2.3470501343110968,15.403348120662194,4.950180608125431,17.31402351056493,122.00733429240772,Drill,False,False,False,True,0.7987514413634477,39,0,0.6248558636552275,0,2025-03-11 20:03:00
83.10848510366345,1.9158493839765147,17.57214706729767,4.814239287436036,20.311757575046105,122.12292548023572,Drill,False,False,False,True,0.7725308342558029,0,0,22.7469165744197,0,2025-03-11 20:06:00
81.1947687482248,1.967558302882575,14.598745500697245,5.4684476258950285,18.444010702547985,112.28184739063158,Drill,False,True,False,False,0.7248321672592355,0,0,27.516783274076445,0,2025-03-11 20:08:00
77.64064513280734,2.3336301857664017,16.53051357305458,5.04301000017232,18.82314951109621,124.83714709577028,Drill,False,False,False,True,0.8088664607811236,0,0,19.11335392188764,0,2025-03-11 20:09:00
79.63123299212684,2.4206027977757367,19.33175564741278,4.509643094624022,20.36717692940525,123.55387012587596,Drill,False,True,False,False,0.8946968002299431,0,0,10.53031997700569,0,2025-03-11 20:11:00
89.48856728155954,8.520299803167571,24.97459647809788,4.990642415902421,20.52351840294212,120.3191061251682,Drill,False,False,False,True,1.0,0,1,0.0,0,2025-03-11 20:17:00
85.02138258571125,8.034955722489592,18.393664281619053,4.903574711013688,22.33003204858384,112.71413650789522,Drill,False,True,False,False,1.0,0,1,0.0,0,2025-03-11 20:30:00
80.38825972840179,2.478253386861204,17.396947408461305,5.745147648560071,20.26807268650393,120.49040225139898,Drill,False,False,True,False,0.871095716559828,0,0,12.890428344017195,0,2025-03-11 20:36:00
76.82703419316822,2.4293456353285223,20.55656189491897,5.439785508558261,21.49393239233961,117.84124412484437,Drill,False,True,False,False,0.934491252327834,0,0,6.550874767216584,0,2025-03-11 20:38:00
84.44402125881524,2.080754276076548,19.79359466406647,5.424603662870338,18.484114095262107,113.54096273166442,Drill,False,True,False,False,0.8374610884611231,41,0,0.0,0,2025-03-11 20:41:00
78.74824625288973,1.935263862101534,18.84464959489975,5.403366387977196,19.61843837446016,122.38907076460328,Drill,False,False,True,False,0.790836382549771,39,0,1.4163617450229111,0,2025-03-11 20:42:00
82.69259202400008,2.4409352776362487,17.85818927494526,4.732656734403644,20.222086120836224,117.1752423667239,Drill,True,False,False,False,0.864625035562691,43,0,0.0,0,2025-03-11 20:44:00
81.35442221249157,1.6131558238370938,17.795793882217122,5.526537935007807,21.972572089286302,105.33114676385262,Drill,False,True,False,False,0.702640075031076,0,0,29.735992496892408,0,2025-03-11 20:52:00
74.94916423070784,1.9821037064023423,18.912711946265397,4.672113990853044,20.64047552579315,117.93640360402618,Drill,False,True,False,False,0.7998710710928477,0,0,20.01289289071522,0,2025-03-11 20:56:00
71.61573964237984,1.489500242513775,17.265850707963633,5.134505180474358,19.018152587606405,111.38638759217322,Drill,True,False,False,False,0.6665507036146266,0,0,33.34492963853734,0,2025-03-11 20:57:00
77.28342697276835,2.658993816493686,20.980275044199683,4.371809981852811,17.891210471201802,116.54393781104442,Drill,True,False,False,False,0.9663008220533956,0,0,3.369917794660424,0,2025-03-11 21:05:00
82.4967288917457,2.230243803366239,22.10902977880952,5.388537713816593,19.553156982884705,119.05791576545636,Drill,False,False,True,False,0.930852748258888,0,0,6.914725174111197,0,2025-03-11 21:06:00
81.10990691966272,2.326860974922992,17.3284281220405,5.622864355879464,20.62498859082289,125.0792825949649,Drill,True,False,False,False,0.8614690486682232,0,0,13.853095133177687,0,2025-03-11 21:08:00
77.58488290593144,1.5683839696829391,15.868634604360867,5.250372838389161,20.28638559763266,120.04268807589584,Drill,False,True,False,False,0.6542169379257894,0,0,34.578306207421065,0,2025-03-11 21:10:00
74.03545094555746,1.988251365367172,18.60464580069655,5.365484660937036,21.21396635589695,124.7793030326249,Drill,False,False,False,True,0.819387082356503,40,0,0.0,0,2025-03-11 21:15:00
78.24824199299246,1.8036399287005072,20.751193928608416,5.074437208350374,23.72097637626821,115.95119729200034,Drill,False,False,True,False,0.8137830974333433,40,0,0.0,0,2025-03-11 21:16:00
77.42081069642575,2.1320179787069438,16.844931471961573,4.620987703611156,22.852869722993752,121.26438328757834,Drill,False,False,True,False,0.81209679109058,0,0,18.790320890942,0,2025-03-11 21:21:00
76.66612480649867,1.7712746148191256,20.56247730704596,5.453907445946706,18.41979644889009,125.82237923525004,Drill,False,True,False,False,0.815449637501717,40,0,0.0,0,2025-03-11 21:25:00
81.04344740127675,1.881916525390097,18.31102320752712,5.203414127050852,19.904375117481237,119.17458668814508,Drill,False,False,True,False,0.7908138435173797,0,0,20.918615648262037,0,2025-03-11 21:27:00
85.01525359574961,1.880865400529644,18.214458576838304,5.047332087559281,19.37552711398396,125.58215374391104,Drill,True,False,False,False,0.7718203241033507,0,1,22.81796758966493,0,2025-03-11 21:30:00
77.83047427439493,1.7991689259099528,20.756285360995225,5.64197380070156,21.541825837150117,121.64979393920216,Drill,False,False,False,True,0.8210720559186557,0,0,17.89279440813442,0,2025-03-11 21:35:00
83.45578473849339,1.775175203912908,20.12433489517732,4.832061201667509,21.630295234582757,114.97829868850204,Drill,False,True,False,False,0.800936967412853,0,0,19.9063032587147,0,2025-03-11 21:44:00
72.32635449193239,2.1013298297163803,17.352970106431087,5.008685207393937,17.4252536342842,117.95551912505252,Drill,True,False,False,False,0.8055773646398148,40,0,0.0,0,2025-03-11 21:45:00
78.12196288128553,2.5450266888725315,19.82188880767895,5.131472939798593,18.63324490996273,116.83780480961912,Drill,False,False,False,True,0.942686050564363,0,0,5.7313949435637,0,2025-03-11 21:47:00
74.91671999627715,2.4608470318564835,19.458473898621502,5.187409441127534,19.42478297161417,123.60243054127145,Drill,False,False,False,True,0.9242811703271936,46,0,0.0,0,2025-03-11 21:49:00
87.5302678842864,5.717956993301856,26.699521868600907,5.185728224330666,18.83677602697338,115.29532023678556,Drill,True,False,False,False,1.0,50,1,0.0,0,2025-03-11 21:55:00
79.95950347173861,1.7840031400334182,19.21102730224833,5.222159544260696,20.18730141529322,122.6605806709319,Drill,False,False,False,True,0.7500902264366692,37,0,6.490977356333076,0,2025-03-11 21:56:00
81.1141559700213,1.6239481962884716,19.141891389207743,4.757603981566035,19.52907171962621,122.44006743188004,Drill,True,False,False,False,0.7403944072987103,0,0,25.960559270128968,0,2025-03-11 21:58:00
74.06818732633744,2.037285708455255,18.54782217369436,5.5183711446295005,18.591420284447043,120.39928417884651,Drill,False,False,False,True,0.7788282506368309,0,0,22.117174936316918,0,2025-03-11 22:05:00
85.22223999167042,2.0091429241761887,17.613835851986774,4.345279254275683,22.2597929544684,118.9226164191783,Drill,True,False,False,False,0.7932457636776136,39,1,1.1754236322386475,0,2025-03-11 22:08:00
80.62974018882007,1.804114953250376,16.77799775182074,4.763914155119804,23.225466189996816,119.27706616336776,Drill,False,True,False,False,0.6986866022792487,0,0,30.131339772075123,0,2025-03-11 22:10:00
80.50644236142544,1.473368630806787,16.96803802130184,4.48740361085247,18.515511068733097,121.97410010206087,Drill,True,False,False,False,0.6464938209221006,32,0,19.35061790778994,0,2025-03-11 22:20:00
79.70439943401432,1.7914551925769382,18.83374612518008,4.700475331590569,18.62504195995468,117.36917314469906,Drill,True,False,False,False,0.7517169401355803,37,0,6.328305986441961,0,2025-03-11 22:21:00
77.85225831279301,1.928657888772218,19.99083038089895,5.191035527821202,18.57473680689531,119.56095824182572,Drill,True,False,False,False,0.7971748327416869,0,0,20.282516725831314,0,2025-03-11 22:24:00
74.99979500627241,2.1562068489268005,17.409887620388716,4.853154331971076,23.39385321250297,114.120945098304,Drill,False,True,False,False,0.8273105018853368,0,0,17.268949811466314,0,2025-03-11 22:26:00
76.15255227935181,1.6761401443501884,17.07428742857124,5.012635602461032,19.242926807247272,119.24708225812536,Drill,False,False,False,True,0.7206737520099735,0,0,27.932624799002653,0,2025-03-11 22:27:00
78.65309109977957,2.3382050268066457,19.1475342198038,5.361223266694774,20.839492355486552,124.68253303028504,Drill,False,False,True,False,0.8669162045052786,0,0,13.308379549472136,0,2025-03-11 22:29:00
82.37933415340419,1.9559439436234096,17.795987439745478,5.530200087888503,22.748179411365957,127.75688860504746,Drill,True,False,False,False,0.7667645271288507,0,0,23.32354728711493,0,2025-03-11 22:33:00
81.19632415797527,2.438676381210419,18.54526702863883,6.003322509222626,18.99808749431074,127.3868628031543,Drill,False,False,True,False,0.886949952455494,44,0,0.0,0,2025-03-11 22:40:00
76.45265600039947,2.0854263780156703,15.697546684985712,5.147340801536388,19.4002659746068,120.66583244681352,Drill,True,False,False,False,0.7645681013829315,0,0,23.54318986170685,0,2025-03-11 22:45:00
77.95362106650347,2.257950068440237,17.08372602031656,5.243396659471231,20.345812380276094,114.51687477926342,Drill,False,True,False,False,0.822238858167197,0,0,17.7761141832803,0,2025-03-11 22:51:00
78.8834155847738,2.3259142133617514,17.223040186457037,4.987411451918526,19.36834584175725,117.62521647739312,Drill,True,False,False,False,0.814738647646073,0,0,18.5261352353927,0,2025-03-11 22:53:00
73.76940303196727,1.9329582484289185,18.783396032020946,4.974051423578656,20.701362368723235,123.9314911545014,Drill,True,False,False,False,0.8085540980125,40,0,0.0,0,2025-03-11 22:59:00
76.39430049992829,1.686549105829079,17.821593404616664,5.083168026953583,21.70836591722007,123.2002804051646,Drill,False,True,False,False,0.7386390676306072,0,0,26.13609323693929,0,2025-03-11 23:00:00
82.54829502147288,2.5351767785605306,21.220585960965742,5.394379353325888,16.661096873062885,128.44078526451395,Drill,False,False,True,False,0.9747093534668012,0,0,2.5290646533198924,0,2025-03-11 23:01:00
79.36568864728478,2.5044477372254046,16.120869665492084,5.596466561712072,18.81867283905694,121.83163741770538,Drill,True,False,False,False,0.8387264635549918,0,0,16.127353644500815,0,2025-03-11 23:02:00
78.19293785256413,1.7348393314577812,14.38340934300097,4.879785605928492,19.295063190240278,122.60338883540037,Drill,True,False,False,False,0.6769778421391258,33,0,15.802215786087416,0,2025-03-11 23:03:00
76.52898949082882,1.7958517856707856,18.693054036626,5.671429585739503,19.265083968539056,116.86168651986652,Drill,False,False,False,True,0.7640203800687952,0,0,23.59796199312048,0,2025-03-11 23:05:00
80.35373105235828,2.155465685133624,14.314126187504648,4.784509487861423,17.95534537912761,112.72263262191342,Drill,True,False,False,False,0.7411134444624881,37,0,7.388655553751192,0,2025-03-11 23:19:00
76.6496973285728,2.1038351986393167,20.413071446908603,5.00668034690702,20.663422457495464,123.739976993136,Drill,True,False,False,False,0.8722054379068691,0,0,12.779456209313082,0,2025-03-11 23:28:00
80.19580198869407,2.147604284170069,18.53810538603141,4.853946824881686,18.70205108729772,113.85610324547493,Drill,False,True,False,False,0.8014397742923632,0,0,19.85602257076367,0,2025-03-11 23:29:00
76.86506777233906,2.6192660404557238,16.199679544252675,4.5583418173344326,16.41202716566579,119.5056368717026,Drill,False,False,False,True,0.8743247053437324,43,0,0.0,0,2025-03-11 23:30:00
76.90479997578765,2.0891681664755257,19.877914356469702,5.780771635806969,21.1459180455732,117.32377148029802,Drill,False,True,False,False,0.8536714535202636,0,0,14.63285464797363,0,2025-03-11 23:34:00
75.03964915161917,2.124084877271504,18.361742222964864,5.202790538331256,17.10282156635567,117.91550181940303,Drill,False,False,False,True,0.8367573789575051,41,0,0.0,0,2025-03-11 23:37:00
82.0331987564112,2.084610265762803,16.74590277060452,3.8800142789625656,23.58951844215018,122.91716784577984,Drill,False,False,False,True,0.7615701170610508,38,0,4.842988293894919,0,2025-03-11 23:39:00
78.44765570831277,1.8112363551411672,18.039091689596365,5.5228541692602855,20.28291851296252,112.92383034566764,Drill,True,False,False,False,0.7502317889325595,0,0,24.97682110674405,0,2025-03-11 23:41:00
81.33161594465166,1.334722676192369,18.137812266241944,5.593556061507105,21.750793975038643,118.11065273019324,Drill,True,False,False,False,0.6750353308391714,0,0,32.49646691608285,0,2025-03-11 23:44:00
78.62364025481736,1.670937476184804,20.354001273580675,4.798734592381457,20.86538061602644,128.6505838460442,Drill,False,True,False,False,0.7514628649133761,37,0,6.353713508662395,0,2025-03-11 23:46:00
82.98284116910072,1.873640355016126,16.473069393381778,5.299879208577948,20.3048715969581,112.82315586476555,Drill,False,False,True,False,0.7168813829579173,35,0,10.811861704208267,0,2025-03-11 23:57:00
77.95362106650347,2.2929294131594204,18.76691002970843,4.696533919382891,20.65700788777809,112.78140815202472,Drill,False,False,True,False,0.8454009043987661,0,0,15.459909560123393,0,2025-03-11 23:58:00
77.95754974566688,2.419768385021348,17.049215515570914,4.331467092946091,18.696752768165435,115.84558668072437,Drill,False,False,True,False,0.8411240599376487,42,0,0.0,0,2025-03-12 00:07:00
74.91304906196054,2.461742703743195,16.32825948876339,5.148421495286145,22.237914588742463,129.9163632796038,Drill,False,False,True,False,0.8647727877771235,43,0,0.0,0,2025-03-12 00:08:00
81.14553814849567,1.572812566340718,16.697114900272638,4.690866507644414,18.304825051446574,128.89830943543845,Drill,False,False,True,False,0.6528480886871945,32,0,18.715191131280548,0,2025-03-12 00:26:00
82.08255113362554,2.0535587509161437,14.266598826392116,4.95440137886415,19.66197779943049,122.7799371684507,Drill,True,False,False,False,0.7431330130865493,0,0,25.68669869134507,0,2025-03-12 00:27:00
80.61806968303631,1.4106391885691227,17.150803667955714,4.864006511059392,20.206637607761056,116.95781479304428,Drill,True,False,False,False,0.6751384641804701,0,0,32.48615358195299,0,2025-03-12 00:28:00
78.96679506770371,1.5556562826134854,18.79527500355256,5.781177821599803,19.337933745058056,122.03271069133348,Drill,False,False,True,False,0.731358397072763,36,0,8.86416029272371,0,2025-03-12 00:29:00
80.77896862430906,1.7396232611746538,16.313403377430095,4.956553338024663,18.007472312730698,121.22227224802776,Drill,False,True,False,False,0.694035977484927,34,0,13.5964022515073,0,2025-03-12 00:34:00
80.05655410224082,1.9963104652075827,18.7836574154322,3.7864042551418926,19.809518280192528,119.8390702452786,Drill,False,False,True,False,0.8156266425208463,40,0,0.0,0,2025-03-12 00:39:00
78.32934105332617,1.7747811178983204,18.6729995776418,5.589798947028206,22.56464487749686,116.15838253151686,Drill,False,False,False,True,0.7300305834298234,36,0,8.996941657017658,0,2025-03-12 00:43:00
76.69313619561962,1.6544007357262571,14.866081257665297,4.629504354964579,21.744484393516007,121.22387420555847,Drill,False,False,False,True,0.6727319864393265,0,0,32.72680135606734,0,2025-03-12 00:44:00
82.95690861697,2.115791027770663,21.90611939107979,4.760257717978801,21.07341360195964,119.22095458909048,Drill,True,False,False,False,0.8665219047317616,0,0,13.347809526823838,0,2025-03-12 00:46:00
86.10587548989385,2.205588342509078,16.579969114216894,5.691331752226533,19.45784870547453,117.53450269511852,Drill,True,False,False,False,0.6550233853379693,0,1,34.49766146620307,0,2025-03-12 00:49:00
80.45715032874998,1.8091328862044207,18.84249475738196,5.027282713041134,21.197972310786717,121.96689172234856,Drill,False,True,False,False,0.7516002113602903,0,0,24.83997886397097,0,2025-03-12 00:52:00
77.98928711470042,2.5613223446924342,19.06869442690757,4.304925520701863,21.3845501558536,114.85172372153792,Drill,True,False,False,False,0.935739859084241,46,0,0.0,0,2025-03-12 00:54:00
78.17148309647214,2.7323665167415743,19.99033533031721,4.971981422508814,18.2910707611846,132.98718603687612,Drill,False,False,True,False,0.9882005468974095,0,0,1.1799453102590292,0,2025-03-12 00:56:00
77.93912924584576,2.0276165411935976,19.660322744692607,4.924919357650385,22.70661624004764,117.40687499367807,Drill,True,False,False,False,0.807874494979953,0,0,19.212550502004703,0,2025-03-12 00:58:00
