temperature,vibration_level,power_consumption,pressure,material_flow_rate,cycle_time,machine_type,machine_M001,machine_M002,machine_M003,machine_M004,error_rate,downtime,maintenance_flag,efficiency_score,production_status,timestamp
78.30287890499571,2.0437509410646157,23.059855498503904,5.088075725682053,20.01102601237955,118.1465104239191,Welder,False,False,True,False,0.8832458953712125,0,0,11.67541046287876,0,2025-03-10 08:00:00
91.70081258273456,7.427526872011623,27.746653275283123,4.94813077918856,21.954392632918715,122.75718269087773,Welder,True,False,False,False,1.0,0,1,0.0,0,2025-03-10 08:06:00
76.42137963729711,1.7107399785730266,17.414629082049448,4.601094016812634,19.894955334787934,118.64442425819044,Welder,False,True,False,False,0.7174814762483823,0,0,28.25185237516177,0,2025-03-10 08:09:00
78.27769244370783,2.3240168177417933,16.763679102632747,4.814458228197622,19.478749550441133,124.9700101975314,Welder,False,False,True,False,0.8461621568787393,0,0,15.383784312126068,0,2025-03-10 08:10:00
73.85148780729135,2.321578959563539,21.692791841198492,4.837555857190639,19.082592280693124,119.0967330897714,Welder,False,False,True,False,0.9047963054206848,45,0,0.0,0,2025-03-10 08:13:00
75.83584768018102,1.7362151652764035,21.866719495428715,5.03870196737552,17.245992074964754,111.27015483762509,Welder,False,False,False,True,0.8112334969386757,0,0,18.87665030613242,0,2025-03-10 08:14:00
76.89724921979182,1.9624476714850507,17.97696982384671,4.421792740901871,18.29543724994421,123.44218259937334,Welder,False,False,False,True,0.7549178903770998,0,0,24.508210962290025,0,2025-03-10 08:16:00
73.92573588898175,2.254064631165474,20.06131961648312,5.14476570829221,20.347472107416383,121.69891511069616,Welder,False,False,False,True,0.8555535395947848,0,0,14.44464604052152,0,2025-03-10 08:17:00
78.8325314805885,1.9816772985942872,19.33325576691378,4.876115675277371,22.25779399831856,120.7238274555882,Welder,False,False,False,True,0.8278517574087725,0,0,17.21482425912275,0,2025-03-10 08:23:00
68.64991107095534,2.0786200427260177,19.1020341204526,5.556583186782377,17.200631097725616,124.20540769303209,Welder,False,False,False,True,0.8410730965438586,42,0,0.0,0,2025-03-10 08:28:00
74.90038509859848,2.4109103322962557,18.373980419449328,4.626162442040611,19.999281922897243,116.50763120893428,Welder,False,False,False,True,0.8916785074854526,44,0,0.0,0,2025-03-10 08:32:00
75.92376267190929,1.674183625364574,17.911453360310702,5.031034155794557,20.05121584001032,119.59360225993208,Welder,False,True,False,False,0.7385228064519648,36,0,8.147719354803527,0,2025-03-10 08:33:00
77.00681389896444,2.283760893105244,17.62197140463505,5.17798732615047,19.33471760024433,124.54111262045863,Welder,True,False,False,False,0.8543893947276083,42,0,0.0,0,2025-03-10 08:35:00
76.7400138860136,1.7298228942391816,18.36058976100689,5.012425370559573,20.108373701354303,121.6697252399952,Welder,False,False,False,True,0.7214189058355904,0,0,27.858109416440957,0,2025-03-10 08:36:00
74.62548067770965,1.7467027888450786,21.61114886537363,5.299906651395674,20.322547914415185,124.3004253387141,Welder,False,False,True,False,0.8035225824014592,0,0,19.64774175985407,0,2025-03-10 08:39:00
78.46993881062905,2.3520326829897336,16.55957595798642,5.264137221825073,21.33478542767824,123.03365001260052,Welder,False,True,False,False,0.8042566400185929,0,0,19.57433599814071,0,2025-03-10 08:48:00
89.39220761780177,6.37507846973757,23.967814953072757,5.299018450314584,20.63114984377788,114.61591513186472,Welder,False,True,False,False,1.0,0,1,0.0,0,2025-03-10 08:49:00
72.78303434097815,1.8978203879270412,17.917417276430676,4.841981259132173,20.180912821420367,123.6876403173327,Welder,False,False,True,False,0.7647470070418223,0,0,23.52529929581777,0,2025-03-10 08:50:00
70.96891289074911,2.066945916424309,18.11000587206675,5.565507859316504,17.87830548295052,127.12141707136928,Welder,False,False,False,True,0.8136854698123542,0,0,18.63145301876457,0,2025-03-10 08:53:00
77.69901449604214,2.204069062525289,17.067622776107555,5.055727852291824,21.85660715862384,118.01958016960366,Welder,False,False,False,True,0.8037809647434231,40,0,0.0,0,2025-03-10 08:55:00
77.52729608279977,1.851510355889578,13.780323518748716,4.397667037867752,19.17419904769895,113.08070490502077,Welder,True,False,False,False,0.6916036725169369,0,0,30.839632748306315,0,2025-03-10 09:02:00
77.39097484344641,1.850728250507236,20.67865317896,4.980035906783535,19.0749048350654,117.01613761816192,Welder,True,False,False,False,0.8216179156059013,0,0,17.83820843940987,0,2025-03-10 09:03:00
77.25707908938685,2.088973081559092,20.3267521103271,5.132415561126885,17.59440578745516,118.60602510114224,Welder,False,True,False,False,0.840904938439623,0,0,15.909506156037708,0,2025-03-10 09:05:00
75.0587038107034,1.6528650143860188,15.823177528654307,4.174053888926544,19.966537191631357,118.26513273447442,Welder,False,False,False,True,0.66597705118885,0,0,33.402294881115,0,2025-03-10 09:08:00
73.12086615108336,2.3565790469261025,18.514746212834694,4.999104753410328,20.897258225502192,120.71643335941012,Welder,True,False,False,False,0.8738458285825067,43,0,0.0,0,2025-03-10 09:12:00
75.16221748342706,2.255023799725266,18.042185495701176,4.681712934591755,21.549461352371047,114.20232224774756,Welder,False,False,True,False,0.8582395099465983,0,0,14.176049005340175,0,2025-03-10 09:18:00
72.88059345608664,2.3851450579560685,19.706330612826385,5.605712294288193,20.22840406371125,116.8933413823901,Welder,False,False,False,True,0.8876517148999186,44,0,0.0,0,2025-03-10 09:23:00
77.66329235824746,2.2537408617688786,19.7579279461413,5.067989815899708,19.15422750221021,124.04923030559712,Welder,False,True,False,False,0.8730273509180699,0,0,12.697264908193006,0,2025-03-10 09:26:00
77.08925531063582,1.5816514793422214,17.140730042944984,4.7868025122296185,19.411928325999327,122.85765348450371,Welder,False,False,False,True,0.6810178080922025,0,0,31.89821919077976,0,2025-03-10 09:30:00
76.02123207454964,2.08574098603842,19.92953978860489,4.8426595500708505,18.47706143862528,117.63408446846444,Welder,False,True,False,False,0.8458283264223636,0,0,15.417167357763644,0,2025-03-10 09:33:00
66.13666483387954,1.9898224322216276,14.411616266901127,5.249410319530344,19.74077997215989,105.92438155047076,Welder,False,True,False,False,0.6953780482515574,34,0,13.462195174844268,0,2025-03-10 09:36:00
80.60080153965252,2.126209889305544,14.322962753455858,4.520816815063736,19.90009845946704,120.67469765081624,Welder,False,True,False,False,0.7151202890355974,0,0,28.487971096440265,0,2025-03-10 09:38:00
85.4369608480515,8.663219440553064,27.28101699817832,5.542322135772601,20.678411566472867,116.431437680672,Welder,False,True,False,False,1.0,0,1,0.0,0,2025-03-10 09:41:00
77.62876917258781,2.1186262956164112,15.335103304210868,4.986023399816547,22.513454440768346,121.64281557593758,Welder,False,True,False,False,0.7634088264325779,0,0,23.65911735674221,0,2025-03-10 09:42:00
76.7299119008427,1.8624084091696749,16.663090178293643,4.838144591983621,18.708067846421148,114.6474593268229,Welder,False,True,False,False,0.7193972000682352,35,0,10.56027999317648,0,2025-03-10 09:45:00
78.39616449272843,2.2570107440727667,16.00381074446193,4.510245090656818,19.465359319212386,115.32458581786229,Welder,False,True,False,False,0.7815574180157936,39,0,2.344258198420647,0,2025-03-10 09:46:00
76.39684936554606,1.7584484744771371,18.189055135176936,5.693616781769048,19.707815568075148,119.26230905949924,Welder,False,True,False,False,0.7209749255586348,36,0,9.902507444136518,0,2025-03-10 09:48:00
75.24055612765414,2.207141805836454,16.843080542247336,4.608824465778945,19.81903544880525,116.58069898326782,Welder,False,False,False,True,0.8073863672612736,40,0,0.0,0,2025-03-10 09:58:00
74.85831977103605,2.322299901431073,20.61888820280529,4.899552866143024,18.1356926209053,121.08756747969392,Welder,True,False,False,False,0.8897009836483729,0,0,11.029901635162702,0,2025-03-10 10:13:00
74.9648365712147,2.6225195118045623,16.656558421483844,5.031831818622624,18.5343917807879,112.80786640612298,Welder,True,False,False,False,0.8892781846312707,44,0,0.0,0,2025-03-10 10:15:00
73.44391295948792,2.222737674077786,16.73830889841829,5.311119052351086,18.34436215609653,123.75781612701086,Welder,False,False,True,False,0.8037683579285981,0,0,19.623164207140192,0,2025-03-10 10:26:00
78.91462199796436,1.90899497975686,16.94522187672076,5.020949107491028,21.261561915442428,129.7366424345214,Welder,False,False,False,True,0.7637005453478815,0,0,23.62994546521186,0,2025-03-10 10:29:00
74.8866632063039,1.9343401244793124,17.98978673594555,5.418184096192901,20.86157952670081,121.33848127179331,Welder,False,False,True,False,0.7939043023380804,0,0,20.609569766191957,0,2025-03-10 10:30:00
73.95646758568164,2.229872892512153,18.797527528849628,4.919432039969211,19.25394570028961,124.2655513222487,Welder,False,False,True,False,0.8259258594707726,41,0,0.0,0,2025-03-10 10:31:00
77.11472232080118,2.58355852228308,14.444638075259595,4.983757507328588,20.463581657156432,118.65983706336196,Welder,False,False,True,False,0.8282700427831724,0,0,17.172995721682753,0,2025-03-10 10:33:00
68.42662590838007,1.8206996950235428,17.53255188429655,5.103572171290276,19.082460317447303,122.69861839869154,Welder,False,True,False,False,0.7492615421680305,0,0,25.073845783196944,0,2025-03-10 10:35:00
76.3096364898216,2.417954377380472,18.58275796963189,5.16494238763438,19.262350081015697,114.46269295686156,Welder,False,False,False,True,0.8789719615444391,43,0,0.0,0,2025-03-10 10:42:00
87.73553192758533,8.291733111710641,25.409099608288304,5.630469011096551,23.2659401713236,126.00708515893513,Welder,False,False,False,True,1.0,50,1,0.0,0,2025-03-10 10:43:00
77.2000903219228,2.2618473053016905,19.74563416635667,4.256683404709957,19.40111503108106,117.27564964588244,Welder,False,True,False,False,0.8635652106621013,0,0,13.643478933789863,0,2025-03-10 10:44:00
72.64561434872088,2.5157121838525462,14.749015459600336,4.825900721197932,21.186008478036094,113.51543693364007,Welder,False,False,False,True,0.8070068926528069,0,0,19.299310734719317,0,2025-03-10 10:53:00
77.27914486995243,1.6312449206598751,15.745472414891706,5.478070964604567,17.82363060710898,113.59693927319448,Welder,False,False,True,False,0.6724944285772848,0,0,32.75055714227152,0,2025-03-10 10:59:00
77.17759808015228,2.004244779489728,18.64500932057981,5.107540314560397,18.19877150024744,125.6914072244479,Welder,False,False,True,False,0.8216270737348281,0,0,17.837292626517183,0,2025-03-10 11:01:00
67.69933493252013,1.830081622635583,13.4284455110101,5.026356643440896,18.75028771500655,124.85316836305722,Welder,False,False,True,False,0.6758295810314126,0,0,32.41704189685875,0,2025-03-10 11:10:00
82.62824886752277,2.062841025094332,19.5327769531448,4.892893792510062,20.02674838179464,120.68155647781832,Welder,True,False,False,False,0.8424056217501149,0,0,15.75943782498851,0,2025-03-10 11:12:00
77.04192668265455,2.3579338837553085,16.8897815441433,5.396284338649634,20.069691909731283,130.01473542038144,Welder,False,False,False,True,0.8465845417239278,0,0,15.34154582760722,0,2025-03-10 11:17:00
78.7476011149135,2.275674456397499,17.814250997213893,5.29086850381358,22.316138995286067,115.95868087466538,Welder,False,False,True,False,0.8522751074096692,42,0,0.0,0,2025-03-10 11:19:00
74.35674732630665,1.997566039516475,18.285981269618432,5.083016917955497,19.004992514731548,120.95961002518057,Welder,False,False,False,True,0.7856560816284339,0,0,21.43439183715661,0,2025-03-10 11:26:00
73.700097487328,2.0474267675969555,14.547978762666467,4.461285735153826,17.937275911939544,130.6607323007185,Welder,False,False,False,True,0.7339766335144633,0,0,26.602336648553678,0,2025-03-10 11:27:00
71.02646039631729,2.393057572424269,19.373913264197355,4.8381216572546695,23.355456615592445,114.32283845484716,Welder,False,False,True,False,0.912074366459235,0,0,8.792563354076492,0,2025-03-10 11:31:00
74.92383979605718,2.020351554175081,20.411636841432085,5.32370345124932,19.216218605885544,119.15930176975417,Welder,False,True,False,False,0.8239482755244337,0,0,17.605172447556626,0,2025-03-10 11:42:00
74.51249114730754,1.1487480675807862,22.119690003474805,5.407414971060158,21.257021081804467,124.93917210653996,Welder,True,False,False,False,0.700035654837609,0,0,29.996434516239106,0,2025-03-10 11:49:00
79.31260116947654,1.9950168973022275,19.11744767388897,4.484199972110408,19.848956190774235,122.23187122379268,Welder,False,True,False,False,0.8226546922650871,0,0,17.734530773491286,0,2025-03-10 11:50:00
72.1373626074321,1.8639090837224952,18.685852754642685,5.131457610321924,21.76222108637854,114.32493950906964,Welder,False,False,False,True,0.7840771711895251,39,0,2.092282881047481,0,2025-03-10 11:52:00
76.21328416042817,2.5178679636906898,20.48693825669193,4.770472034435953,17.18152858286926,122.4724876589016,Welder,False,False,False,True,0.9513586587587306,47,0,0.0,0,2025-03-10 11:53:00
76.9704684175115,1.7338011623432688,16.441249349479765,5.31326226240527,19.508307416183804,120.70739476467335,Welder,False,False,False,True,0.7117174914372925,0,0,28.82825085627076,0,2025-03-10 11:54:00
80.22149192550422,2.106875836611825,17.382079970804185,5.563447797378368,20.023862987599447,129.11231671496896,Welder,False,True,False,False,0.7887937041253356,0,0,21.12062958746644,0,2025-03-10 11:56:00
72.43662063720447,2.3784557757606546,13.790834402469336,4.949701481001691,20.270744084117123,115.26599952909334,Welder,False,True,False,False,0.7712417012051617,0,0,22.87582987948383,0,2025-03-10 11:57:00
73.05136402594604,1.7998432745667483,18.27615681683509,5.268508054682141,20.91565972971424,128.87518510563734,Welder,False,False,True,False,0.7621822269471636,0,0,23.78177730528364,0,2025-03-10 11:58:00
78.45407349690028,1.5365187959969724,17.04624707871233,5.144302301865534,19.082726296942468,124.7974803829972,Welder,False,False,False,True,0.6900792637987919,0,0,30.99207362012081,0,2025-03-10 12:02:00
74.5365940711464,2.1159147961544185,15.078998201163024,5.222330411030051,19.030207280785227,112.62610729380802,Welder,False,False,True,False,0.773369771142716,0,0,22.663022885728395,0,2025-03-10 12:04:00
70.68128694711268,2.15696695572111,23.421588598081065,4.4110583753956885,20.9276108236162,123.86699908033806,Welder,True,False,False,False,0.9067356983739108,45,0,0.0,0,2025-03-10 12:08:00
76.06052511204301,1.6339037930168072,17.872509428992068,5.293580191345695,18.908819112915324,114.71864796125946,Welder,False,False,True,False,0.7300106348340867,0,0,26.99893651659133,0,2025-03-10 12:09:00
74.44210049448047,2.03858523512149,17.74518625522008,4.678626290331497,20.79295222300184,114.58920932086002,Welder,True,False,False,False,0.7957909893908302,0,0,20.42090106091699,0,2025-03-10 12:13:00
70.73836382926132,1.9254152438699967,16.041399539434728,4.8496065682592535,20.64692572532945,122.27537787860186,Welder,True,False,False,False,0.7525691135596048,37,0,6.243088644039517,0,2025-03-10 12:22:00
76.10998877529967,2.211032039941668,20.12251251702424,5.162014154342285,21.958374073715785,124.19612572334395,Welder,False,False,False,True,0.8544491971739816,0,0,14.555080282601836,0,2025-03-10 12:26:00
80.96611468316259,2.444588230530961,17.128420540752728,5.586576956475432,20.49036629635876,125.8644713931574,Welder,False,False,False,True,0.8316903396694824,41,0,0.0,0,2025-03-10 12:32:00
74.98239232550944,1.91503458831643,16.317100971741983,4.436313680790194,19.847888255417203,120.08534412599865,Welder,False,False,False,True,0.7270573740814452,36,0,9.294262591855473,0,2025-03-10 12:33:00
77.71641087402486,1.830327089637803,17.044320298592417,4.386960706160895,19.85299854982499,123.9834208004581,Welder,True,False,False,False,0.7127594339036425,35,0,11.224056609635753,0,2025-03-10 12:34:00
80.01761852074412,1.8074999539608851,18.046161317900843,5.163075894734871,20.982617026445787,120.86029461183128,Welder,True,False,False,False,0.7264494847888852,36,0,9.355051521111475,0,2025-03-10 12:38:00
81.88883596530353,2.2584309576898414,16.944011956468774,5.227903567881672,19.981585199746736,126.67552308634312,Welder,True,False,False,False,0.8144844287811686,40,0,0.0,0,2025-03-10 12:50:00
87.42867123280537,7.743533397735918,28.82542005035752,5.076089288737958,19.093955171787844,121.59560420934272,Welder,False,True,False,False,1.0,0,1,0.0,0,2025-03-10 12:54:00
79.56781612284587,2.199610680509849,18.951503983663063,5.609855438593103,20.24268731090408,126.6747336419182,Welder,False,False,True,False,0.8670203057770118,0,0,13.29796942229882,0,2025-03-10 12:57:00
78.2979628160366,2.158069377099738,19.3209199047031,4.250703955272339,17.745267395600596,124.57586075359312,Welder,True,False,False,False,0.8466466582112224,0,0,15.335334178877758,0,2025-03-10 13:05:00
75.95208758870724,1.7021401996743364,18.544473450654777,5.144979952637811,21.88832930861423,121.6319050392278,Welder,False,False,False,True,0.7308433219758761,0,0,26.915667802412383,0,2025-03-10 13:12:00
77.38967651766797,1.5664384206763324,17.885459178355795,4.796042418853747,20.142022084206094,126.80518680466405,Welder,False,False,True,False,0.7082430810665323,0,0,29.17569189334677,0,2025-03-10 13:13:00
91.20249037821507,6.877460214710107,25.85896616036105,5.072868251084841,18.78917648377334,120.19447258118122,Welder,False,False,True,False,1.0,0,1,0.0,0,2025-03-10 13:14:00
70.94777943489532,2.173393557091867,15.321021266942685,5.35675105382811,19.913200761178487,121.05690327322982,Welder,False,False,False,True,0.7564134864335438,0,0,24.358651356645623,0,2025-03-10 13:15:00
75.6245708953801,2.107091827780078,19.20729147792148,4.723173920534124,19.532438611299177,124.30455052270732,Welder,False,True,False,False,0.8343326154632974,0,0,16.566738453670254,0,2025-03-10 13:25:00
74.40668574543102,2.355276993558852,16.07042052474063,5.598752109540342,19.09715425860108,126.5804972592524,Welder,False,False,False,True,0.8336846508522983,41,0,0.0,0,2025-03-10 13:29:00
79.38648443638553,2.216284899434444,19.45954587406839,5.10579267398055,19.775182949716747,127.46132254737527,Welder,False,True,False,False,0.823281022747103,0,0,17.671897725289696,0,2025-03-10 13:34:00
72.4680101688609,1.9089307024202256,16.137996576735116,5.025480943906309,21.668438674837592,118.7317977305375,Welder,False,False,False,True,0.7404132979385705,0,0,25.958670206142955,0,2025-03-10 13:35:00
79.26276043901993,1.0488722792365834,19.37371582202451,4.882896832491018,18.248748764178927,118.76324536425544,Welder,False,False,True,False,0.6339342377626885,0,0,36.606576223731146,0,2025-03-10 13:37:00
74.17879844922993,2.4778009994848653,17.433696230240248,5.125988748622133,20.166835002261287,116.75933783056112,Welder,False,False,True,False,0.8597206544960544,0,0,14.027934550394562,0,2025-03-10 13:40:00
76.73843408664591,1.643310974139511,18.31618779715357,5.449370914838305,20.73760946113433,118.89718732795504,Welder,False,False,True,False,0.7130581584872238,35,0,11.194184151277623,0,2025-03-10 13:42:00
74.23575229057923,1.9850359537615647,18.0668869359463,5.270797638950022,21.145089619372957,113.21727473856733,Welder,False,True,False,False,0.7828114834803604,39,0,2.218851651963959,0,2025-03-10 13:43:00
78.08516566688643,2.010202428868444,17.791283101123827,4.263232368427383,20.722951740579337,121.25215141500524,Welder,False,False,True,False,0.8021289851860975,0,0,19.78710148139025,0,2025-03-10 13:49:00
73.68507749480271,2.148741506308271,18.13004926237756,5.112539338995831,19.88090542792176,103.35248101245936,Welder,False,False,False,True,0.7985534157899878,0,0,20.14465842100121,0,2025-03-10 13:53:00
79.30213300784078,2.0004857094070823,19.626560812129185,4.862006735217173,20.42755211314904,121.23666650841264,Welder,False,False,False,True,0.8330598894861564,41,0,0.0,0,2025-03-10 13:54:00
72.7783415521686,2.124431867236637,16.3122922451502,5.090811544155578,19.540406859370226,118.49592934812578,Welder,False,False,True,False,0.7585663890977705,37,0,5.643361090222953,0,2025-03-10 13:55:00
74.33065870554846,2.481301732492579,14.512654795206927,4.763249573462763,21.348090161020465,115.08275118261014,Welder,False,True,False,False,0.8056798811723035,40,0,0.0,0,2025-03-10 13:56:00
73.93947429595761,1.7395217115205004,15.459275907349827,4.630029673712291,21.7594515487464,115.2759275487914,Welder,False,False,False,True,0.6938487029591306,0,0,30.61512970408694,0,2025-03-10 14:00:00
78.67467907304486,1.923115752724528,17.244470224955045,5.155369845471003,20.469862540540426,116.69809314732233,Welder,False,True,False,False,0.76621992202703,0,0,23.378007797297,0,2025-03-10 14:03:00
77.70368862653073,1.800373310561162,15.770935369983876,5.1135644234945525,18.632609935120783,111.91189270686924,Welder,False,False,False,True,0.6821905026520775,0,0,31.78094973479226,0,2025-03-10 14:10:00
77.2760678195312,2.005814371309408,19.453588092803606,4.908842976493666,18.313751022857097,120.21602024342752,Welder,False,False,False,True,0.8015014352718609,0,0,19.84985647281391,0,2025-03-10 14:25:00
77.05166507787834,2.2347889478949554,20.572764273991066,4.681205332474449,18.574771204922197,127.38371835394145,Welder,False,False,True,False,0.8758651248433383,43,0,0.0,0,2025-03-10 14:27:00
74.11810002486382,1.6714188443471585,16.133787845625783,5.481431221813384,19.01075684474236,126.4927066488454,Welder,False,False,True,False,0.7055494608761077,0,0,29.445053912389227,0,2025-03-10 14:30:00
78.3626784347101,1.9489225259612284,15.057747189252964,4.569958780753298,20.120479358937818,127.69132820456018,Welder,False,False,False,True,0.7002787200901317,35,0,12.472127990986834,0,2025-03-10 14:41:00
78.49668832748493,1.954964914623858,19.438337332710876,5.18188175856671,17.101441868756286,122.98149892730606,Welder,False,True,False,False,0.8086757995111141,40,0,0.0,0,2025-03-10 14:46:00
77.33160269484716,2.145855437468581,17.833821344513634,5.103555006285083,17.01903465541036,123.1385119727596,Welder,False,False,False,True,0.819512417434973,40,0,0.0,0,2025-03-10 14:48:00
75.85486170036603,1.38489276281474,16.831198046807938,5.237941749358898,17.71891770554882,116.67446314490596,Welder,False,False,True,False,0.6539531952824009,32,0,18.604680471759902,0,2025-03-10 14:50:00
77.10269109831661,1.982781390477789,18.023760869035584,5.095092691162394,20.454443461248097,121.12585466113468,Welder,True,False,False,False,0.7967162546681386,39,0,0.8283745331861496,0,2025-03-10 14:53:00
77.31786215601582,1.5813654485734785,18.773172459810382,5.041231288612339,19.84317291714721,110.08118895273478,Welder,False,False,True,False,0.6947770519849272,34,0,13.522294801507272,0,2025-03-10 14:54:00
79.13936378796544,1.521231809427766,16.68675185840059,4.880180235520323,22.88333684040418,129.22699840625188,Welder,False,True,False,False,0.6565992489486413,0,0,34.34007510513587,0,2025-03-10 14:57:00
73.26364505435295,2.195699101453004,18.15687849216734,4.449965906733166,19.36111310102365,115.39141081759044,Welder,False,True,False,False,0.8372137935619152,0,0,16.27862064380848,0,2025-03-10 14:59:00
77.91284705052864,2.1978353723340835,19.8099240829884,5.507845305039937,20.391299262082963,108.00918452374552,Welder,False,False,False,True,0.8455641891882476,0,0,15.44358108117524,0,2025-03-10 15:04:00
79.50203773086436,2.092203685012391,20.87285903911773,5.543047853220056,21.061517366040864,103.74833261902148,Welder,True,False,False,False,0.8457693532048615,0,0,15.423064679513857,0,2025-03-10 15:06:00
76.38286069626515,2.1763567664413204,16.748167964630795,4.569739806570045,16.758256844642435,122.47758262072448,Welder,False,False,False,True,0.784562354010933,0,0,21.543764598906705,0,2025-03-10 15:24:00
79.25906916019214,1.4266049325012489,18.24448600909413,4.816926175328369,21.831072793243163,117.99878858534058,Welder,False,False,True,False,0.6879085145969731,0,0,31.20914854030269,0,2025-03-10 15:26:00
74.83163346889546,1.8594511659919053,16.350775980469955,5.309423082482725,19.44384410500924,117.9720632162616,Welder,False,False,True,False,0.7334625122140676,0,0,26.65374877859324,0,2025-03-10 15:28:00
74.67461061667085,2.4052556992097016,16.568974029029544,4.949334389060935,20.07803097565943,125.8533939435325,Welder,False,True,False,False,0.8126038408774077,40,0,0.0,0,2025-03-10 15:30:00
73.04965339602248,2.022708482001528,16.970122587133456,4.657023028181113,19.741060470487284,122.88280560254498,Welder,False,True,False,False,0.7601482211014251,0,0,23.985177889857496,0,2025-03-10 15:33:00
75.2400707325352,1.3465366040805709,20.043270427655216,5.373226642288394,17.96261452081627,117.6694590022791,Welder,False,False,True,False,0.670542796344026,0,0,32.9457203655974,0,2025-03-10 15:38:00
79.0431209199907,2.143808286028827,16.05540351053033,4.290489947118992,18.915390342631785,117.25222802070206,Welder,True,False,False,False,0.7981430402154508,39,0,0.6856959784549161,0,2025-03-10 15:41:00
78.08516566688643,2.354470314925744,15.76414478392652,4.879161183590158,19.765244254686184,122.80140446839476,Welder,False,False,False,True,0.7873825424101291,0,0,21.26174575898709,0,2025-03-10 15:46:00
72.94176757468678,2.284643928941486,20.48685655620585,5.0663436107194695,18.855340469831788,116.13513282916688,Welder,False,False,False,True,0.8693280812656136,43,0,0.0,0,2025-03-10 15:49:00
80.98822939004974,1.977238564794493,18.949266971133586,4.380972082345475,22.343397665982604,112.40789006995357,Welder,True,False,False,False,0.8125311824213547,0,0,18.74688175786453,0,2025-03-10 15:56:00
83.86557815467415,6.305158133399244,30.9023145119889,5.0721220205350015,23.552501813600657,127.94781666431288,Welder,True,False,False,False,1.0,0,1,0.0,0,2025-03-10 16:04:00
77.01607427791235,2.1296650072277763,14.524390768307,5.150143878457789,21.76451608425718,118.56148555935442,Welder,True,False,False,False,0.7310499941786293,0,0,26.895000582137072,0,2025-03-10 16:09:00
87.08713258704279,7.275518305227523,25.40741331170977,4.774716106382952,16.968496518685633,108.0844390945704,Welder,True,False,False,False,1.0,50,1,0.0,0,2025-03-10 16:22:00
74.72671420166478,2.2012733744830624,15.6162505916175,4.564262944915157,20.409966874377748,113.91607179459292,Welder,True,False,False,False,0.8000848745065394,0,0,19.99151254934605,0,2025-03-10 16:30:00
74.54028268305927,2.1933555474935877,20.076025054631923,4.929546320915689,19.79060730932637,122.36522636419,Welder,False,False,False,True,0.8660052917303105,43,0,0.0,0,2025-03-10 16:36:00
73.98775057220942,1.7529395088122453,16.989020489110978,4.738745044028024,19.08117364646891,114.77537482688874,Welder,False,False,True,False,0.7344020816803385,0,0,26.55979183196615,0,2025-03-10 16:41:00
75.86393889967707,2.2481346285697303,17.2131242074509,4.817863030741875,21.68965057511905,120.15474044133916,Welder,False,True,False,False,0.7971579305118295,39,0,0.784206948817058,0,2025-03-10 16:44:00
76.79385400587616,1.8873099002703395,19.218271038107027,5.467432145709353,19.045614747520947,115.93488573915587,Welder,False,True,False,False,0.8063308487319336,0,0,19.36691512680665,0,2025-03-10 16:49:00
76.20978747950262,2.071566486132122,18.62867736626286,5.100380408284817,21.562599278981896,129.9261326783568,Welder,False,True,False,False,0.8054565566723588,0,0,19.454344332764123,0,2025-03-10 16:59:00
78.147994298482,1.6128315734161345,18.878300267400835,4.668727774450597,20.827520348383956,108.3202319059928,Welder,False,False,True,False,0.7431095894704576,0,0,25.68904105295424,0,2025-03-10 17:00:00
83.19572484457383,1.3426238446504155,18.15601483695772,4.937489465317983,20.661553752276145,124.29175616502695,Welder,False,True,False,False,0.6371842612490138,0,0,36.281573875098616,0,2025-03-10 17:03:00
75.42167497362634,2.000944318071898,20.777329040204965,4.656906729357992,22.739970618967902,126.05819812824583,Welder,False,True,False,False,0.8537562816083054,0,0,14.624371839169456,0,2025-03-10 17:08:00
78.19913000492241,1.579978783045097,20.73105292505253,5.82163697657439,19.632038770718296,117.5491634231172,Welder,False,False,False,True,0.7793120343878506,0,0,22.06879656121494,0,2025-03-10 17:11:00
82.10402023599887,2.02484977115543,17.78027175379613,5.212320633469092,17.030608586221206,119.78775735494122,Welder,True,False,False,False,0.8035300460173579,0,0,19.64699539826421,0,2025-03-10 17:14:00
73.82853776003344,1.7815484297090554,17.63182626596816,4.570723890373181,19.379841796435237,122.53405698831524,Welder,False,False,False,True,0.7256024842873049,36,0,9.439751571269513,0,2025-03-10 17:15:00
74.97321561468188,1.7780686508081098,17.24899991984886,5.128633816149103,18.2052274277736,121.05562388422334,Welder,False,False,False,True,0.7360476070716029,0,0,26.395239292839705,0,2025-03-10 17:18:00
83.39665607605052,9.10976880975989,24.286126888114502,4.508868573577203,20.214627405541997,119.26414176075782,Welder,False,False,True,False,1.0,0,1,0.0,0,2025-03-10 17:23:00
77.18119495731382,2.150927110587124,18.437097134679004,5.685084564510509,20.70780492181501,118.20776905346662,Welder,False,False,True,False,0.8162936332097618,0,0,18.370636679023814,0,2025-03-10 17:31:00
75.17321596472414,1.9629967807861668,15.73165770944442,4.520318269961742,18.90750609736739,109.64863227743302,Welder,False,False,True,False,0.7290815491534114,0,0,27.091845084658857,0,2025-03-10 17:34:00
73.69700956500418,1.9292866265429995,19.079529025656683,4.562202255666041,21.275054592784358,116.6925605735924,Welder,False,True,False,False,0.7872590428283623,0,0,21.27409571716376,0,2025-03-10 17:37:00
72.21400067226624,2.435826663537855,14.886097826587044,4.552299903111742,17.96668720825381,117.9579007493434,Welder,True,False,False,False,0.8222535406711218,0,0,17.77464593288782,0,2025-03-10 17:41:00
69.53974019936618,2.034747376168084,17.884072000663394,4.891891852930156,20.07040444762284,116.17615855073733,Welder,True,False,False,False,0.8075324425162484,0,0,19.24675574837515,0,2025-03-10 17:49:00
75.51027577277218,2.116881357227596,14.972338997510292,5.645147348282851,19.165753145867,121.21231485861357,Welder,True,False,False,False,0.7323343862165458,0,0,26.76656137834541,0,2025-03-10 17:50:00
76.72937561500126,1.6406100712348215,21.529827611101545,5.37386188293465,22.31016173561605,112.54753567131552,Welder,True,False,False,False,0.7728337224695652,0,0,22.716627753043483,0,2025-03-10 17:52:00
77.66197175434826,2.4907393418407446,21.005468652611174,4.496694148253085,17.46968457294042,122.26144996285458,Welder,False,False,True,False,0.9583615286389712,47,0,0.0,0,2025-03-10 17:57:00
78.03852656614559,2.020810940797421,18.437097134679004,5.9290436901051065,20.875567129735924,127.78839635911122,Welder,False,True,False,False,0.7786354227695891,0,0,22.13645772304109,0,2025-03-10 17:59:00
82.38963882787618,2.057779075619392,20.474361600578018,5.424726658395893,21.110631821071628,125.50609790363856,Welder,True,False,False,False,0.8619355198156062,0,0,13.806448018439385,0,2025-03-10 18:00:00
85.84695734051141,6.317496581000801,23.58364179634344,5.087335500176864,20.44224603381454,123.16597589335956,Welder,False,False,False,True,1.0,50,1,0.0,0,2025-03-10 18:02:00
88.88215489783116,8.034195190709848,22.98414155311244,5.5264029678874,20.25979646406312,121.32628511790202,Welder,False,False,False,True,1.0,0,1,0.0,0,2025-03-10 18:08:00
75.32505997135479,1.9009729424895687,15.696637781931312,5.418781813771283,19.458369254919692,122.36598291612611,Welder,False,False,True,False,0.7300012025211441,36,0,8.999879747885586,0,2025-03-10 18:15:00
71.50679182823123,2.216284899434444,19.8962859009441,4.717784821088616,21.842858123092995,110.91866749933004,Welder,False,False,True,False,0.9262995221826394,0,0,7.370047781736062,0,2025-03-10 18:22:00
77.8787957577573,1.846470932617309,21.460643629714337,5.049501857009711,19.761007133735973,120.5711632225118,Welder,False,True,False,False,0.8297258568923473,0,0,17.027414310765266,0,2025-03-10 18:27:00
68.36969862922834,1.3685751482842956,13.508828204869674,5.124824852690695,22.67683833328038,119.1658016615304,Welder,False,False,True,False,0.5471829960817574,27,0,31.781700391824263,0,2025-03-10 18:28:00
76.28910171295944,2.61265337316042,18.39080644256664,5.343308172072748,19.75186392172716,119.51819357205888,Welder,False,False,True,False,0.9225953277364514,0,0,7.740467226354866,0,2025-03-10 18:29:00
77.2644720585862,2.0465974997598204,21.83721266775241,4.494814825253071,18.008738764193854,115.67305247477388,Welder,True,False,False,False,0.8952698071582758,44,0,0.0,0,2025-03-10 18:30:00
83.92579484128241,5.895763095326056,27.417900363951457,5.732470854226355,21.025122010340045,118.8665336505064,Welder,False,True,False,False,1.0,0,1,0.0,0,2025-03-10 18:35:00
73.60716965430173,2.683125949415992,17.324369811617196,4.922807452895724,16.590241696179753,124.61086728253544,Welder,True,False,False,False,0.904546391906146,45,0,0.0,0,2025-03-10 18:36:00
72.9796743598471,2.718308570174736,16.99947796682665,5.27882039153589,19.769153339021543,118.20079769609806,Welder,True,False,False,False,0.9293076021093318,46,0,0.0,0,2025-03-10 18:47:00
77.49525310550725,1.4923187505070017,18.24368892826491,4.6862716118798975,17.688863287526956,124.98231307706492,Welder,True,False,False,False,0.6793592894982641,0,0,32.064071050173595,0,2025-03-10 18:53:00
83.6287410244635,5.357972916533994,28.97484738009928,4.805347524724293,18.92604916522409,119.2501685441457,Welder,False,False,False,True,1.0,0,1,0.0,0,2025-03-10 18:58:00
75.73103368765035,1.9933895407987188,16.448786790795218,4.995917759843627,20.127568790300277,114.42289998234897,Welder,False,True,False,False,0.7725783592297251,0,0,22.742164077027496,0,2025-03-10 18:59:00
73.94189325353337,2.336558451438276,16.39932918766939,5.025353357055088,19.640817359351622,126.50564926089288,Welder,False,False,False,True,0.8104789223323947,0,0,18.95210776676053,0,2025-03-10 19:00:00
76.52624388559639,1.918605506579511,17.070465552176543,5.241512587821184,20.491389096714435,111.89273687723887,Welder,True,False,False,False,0.7709241407254804,0,0,22.90758592745196,0,2025-03-10 19:05:00
69.61557437299534,1.6635409557724918,18.93708032309214,4.783290705595359,19.62762332920836,122.94118397257527,Welder,False,False,False,True,0.7525131210875484,0,0,24.748687891245154,0,2025-03-10 19:07:00
76.99416014556553,2.005837476655665,17.505319225949687,4.639631552578339,19.68092012460362,116.74147925890884,Welder,False,False,True,False,0.7536823570069482,0,0,24.63176429930517,0,2025-03-10 19:09:00
79.96257928489668,1.9584463266178327,13.242007918493552,4.594925774652603,20.34568982094145,119.32923336503798,Welder,True,False,False,False,0.6956133197585097,34,0,13.438668024149024,0,2025-03-10 19:10:00
74.50150632781032,2.223095532662052,17.853785395982122,4.522810651592345,18.71911955371892,112.67646659191216,Welder,False,False,False,True,0.8450561323920214,0,0,15.494386760797866,0,2025-03-10 19:16:00
76.37327867326242,1.5333878798476273,17.119450726298393,4.400545801140315,19.205010602444787,119.25207342341312,Welder,False,True,False,False,0.6973944751668758,0,0,30.260552483312424,0,2025-03-10 19:25:00
78.52059566664782,1.7019231453217891,19.21976009438084,4.728602107805111,17.694460998308106,119.30601799527231,Welder,True,False,False,False,0.7254098860076632,0,0,27.459011399233678,0,2025-03-10 19:32:00
77.64449782260806,2.286888500627404,20.1163401876482,5.478871412584765,20.387304102051704,119.82121177813242,Welder,False,False,True,False,0.9041291808216624,0,0,9.587081917833755,0,2025-03-10 19:36:00
80.6293860388831,1.994898177654851,18.023725358361567,5.400328199107365,19.56495439780071,122.63784058056017,Welder,False,True,False,False,0.7857205993116119,0,0,21.427940068838808,0,2025-03-10 19:38:00
79.26557468658875,1.6634746691432336,17.969056718546522,5.183327175650176,19.391744950168867,119.98944160007588,Welder,False,False,False,True,0.7323166912484891,36,0,8.768330875151094,0,2025-03-10 19:49:00
81.02796157165731,2.7618144868348584,18.05959233024285,5.378253371027052,20.185186334253714,119.9804374535246,Welder,True,False,False,False,0.9261066364956492,0,0,7.389336350435087,0,2025-03-10 20:03:00
78.00451941320377,1.9880316848744863,16.719691086330776,5.201746026287364,18.36572988758981,123.50248531579082,Welder,True,False,False,False,0.7434621168401144,0,0,25.653788315988564,0,2025-03-10 20:04:00
79.04181886948777,2.1558076236913664,15.201543481550738,4.801913960798106,19.18595468914608,121.37546738471876,Welder,False,False,True,False,0.758145552807059,37,0,5.685444719294097,0,2025-03-10 20:07:00
78.14613023579818,2.245051103429294,15.142190786976546,5.794270564405936,18.263430614088097,121.41176331989826,Welder,True,False,False,False,0.7917785045557998,0,0,20.82214954442001,0,2025-03-10 20:11:00
73.64946595072715,1.979109964009968,18.437097134679004,5.049753906763086,18.530876392677268,119.81042660933616,Welder,False,False,True,False,0.8591930216616747,0,0,14.08069783383253,0,2025-03-10 20:15:00
77.88616218658609,2.2067493371223006,19.325072066797222,4.66868249586064,19.79224846709007,120.49263012452694,Welder,False,False,False,True,0.8322572359867949,0,0,16.774276401320506,0,2025-03-10 20:16:00
72.80507340665015,1.995718894115184,19.63596308890772,5.083874425429795,19.33517196135845,133.49020228408713,Welder,False,False,False,True,0.7978008198145132,0,0,20.21991801854868,0,2025-03-10 20:19:00
74.41842793633388,2.130801732566774,16.307004394262187,4.291241327101423,18.829393091107058,122.19011802664048,Welder,False,True,False,False,0.7926869483777249,39,0,1.231305162227514,0,2025-03-10 20:22:00
77.56989361485557,2.1438522644004827,14.85402148585428,4.910970029110059,20.72862072118319,115.2001374042798,Welder,True,False,False,False,0.7330979359791829,0,0,26.690206402081717,0,2025-03-10 20:28:00
75.73669886537668,1.8022882175334063,18.50946227476042,4.424156747680469,19.867090840477086,122.67820112508304,Welder,True,False,False,False,0.7741051014434315,0,0,22.58948985565685,0,2025-03-10 20:31:00
75.62497370893179,2.160924169967403,16.981812389376863,5.095399570269222,19.212710809513347,118.40495984763574,Welder,False,True,False,False,0.8121059745529213,40,0,0.0,0,2025-03-10 20:33:00
78.73078901404423,1.8777619678125197,16.301790298019554,5.712673914586741,19.17087381940052,134.12083504701366,Welder,False,True,False,False,0.7493010868101881,0,0,25.069891318981192,0,2025-03-10 20:35:00
77.48771146650563,2.0370439427493783,18.437097134679004,4.9790104575747804,20.98005257569383,120.04906870198202,Welder,False,False,True,False,0.7745673108921326,0,0,22.543268910786736,0,2025-03-10 20:37:00
71.93659391911393,1.9365847310546092,16.725025130349977,5.173499874384385,21.999815842070067,125.18192954293512,Welder,False,False,True,False,0.7528742585690292,0,0,24.712574143097072,0,2025-03-10 20:39:00
78.38478336455402,2.097673345036121,17.902340328132592,4.858981502905352,20.030752594051503,118.41385805889264,Welder,False,True,False,False,0.7953768096741578,0,0,20.46231903258422,0,2025-03-10 20:41:00
76.15202001686393,1.841239697056546,17.216860045287923,5.183681672639811,21.632138694812884,121.20290378863297,Welder,False,False,True,False,0.7585867151496344,0,0,24.141328485036567,0,2025-03-10 20:45:00
79.84471842073887,1.3776079887360897,16.99073251542153,4.476942967562624,18.913201596448623,119.83672048129846,Welder,False,False,False,True,0.6588337952514696,32,0,18.11662047485305,0,2025-03-10 20:53:00
81.27828399678913,1.6615812335576918,18.789915940646612,5.602458896309979,21.738000535011956,117.57435028950064,Welder,False,False,True,False,0.7190906473107865,0,0,28.090935268921346,0,2025-03-10 21:01:00
74.13479126935577,2.0929684338141903,20.145859229014693,4.824460003808731,20.76213157163118,118.34973632378,Welder,False,False,False,True,0.8623447354774549,0,0,13.765526452254504,0,2025-03-10 21:02:00
78.09373633218085,1.875611929828441,19.93065333432225,4.016732227780393,20.78559164812078,124.62413106188367,Welder,False,True,False,False,0.7834008165913304,0,0,21.659918340866952,0,2025-03-10 21:04:00
77.70115853371196,2.216284899434444,21.70408008962734,4.954537263000384,19.347897547813712,124.09986821173392,Welder,False,False,True,False,0.9142756861433188,0,0,8.572431385668125,0,2025-03-10 21:06:00
73.43775466867973,1.9398082103523704,17.114821414451686,4.158959723231591,19.37410195201641,126.55740409480148,Welder,True,False,False,False,0.7445440507212181,37,0,7.045594927878184,0,2025-03-10 21:14:00
74.39922481356825,1.7246071686167792,16.005543425122447,4.969253837198536,17.49204129231117,118.9274871658789,Welder,True,False,False,False,0.7091739339427733,35,0,11.582606605722674,0,2025-03-10 21:20:00
75.17279335196878,2.5193508895301897,15.881925755975804,5.525389264530094,19.29096158341464,122.7556330204348,Welder,False,True,False,False,0.8417551540225754,0,0,15.824484597742456,0,2025-03-10 21:21:00
81.68782038797586,1.987612193897815,17.231021757916963,5.74567981035494,20.4007044446926,111.68155010901808,Welder,True,False,False,False,0.7520683215798354,0,0,24.79316784201646,0,2025-03-10 21:23:00
78.3234534792624,2.166806629052687,17.873220295930377,4.731476963451565,20.47825610507064,122.78514811243902,Welder,False,True,False,False,0.8160428482245584,0,0,18.39571517754416,0,2025-03-10 21:24:00
73.99740118512214,1.822614563359432,18.965580248120634,5.035679278645029,17.511838062370956,128.72005117037867,Welder,False,False,False,True,0.7772974447837774,38,0,3.2702555216222606,0,2025-03-10 21:25:00
82.60006092761562,1.446028085658675,20.167166206219992,4.887518561838894,21.138519455873283,115.01977529915054,Welder,False,False,False,True,0.7374599927791589,0,0,26.254000722084115,0,2025-03-10 21:26:00
75.6375309427809,2.308832166778112,18.437097134679004,5.177836798029252,22.338773435723528,120.21711704408206,Welder,False,True,False,False,0.9067476381058328,0,0,9.325236189416714,0,2025-03-10 21:28:00
77.8956741749369,1.9007675311930845,20.744542633215985,6.001268716362285,20.522142937681014,117.97768856037948,Welder,True,False,False,False,0.8139802072689778,0,0,18.601979273102216,0,2025-03-10 21:32:00
76.78568837355952,2.044836826898993,16.654189335981197,5.279684975468794,19.85501913557279,111.52980359387296,Welder,False,False,False,True,0.7787196296748028,0,0,22.128037032519718,0,2025-03-10 21:34:00
75.77142203108666,2.2481708322972267,18.437097134679004,4.949120246407023,20.08994428654356,119.9679962369843,Welder,False,False,True,False,0.8554536806369318,0,0,14.45463193630681,0,2025-03-10 21:37:00
77.38724355993538,2.347951989916503,15.94060752073388,5.189126027971133,22.12976673105958,117.4938102124996,Welder,False,False,False,True,0.8309591902881281,41,0,0.0,0,2025-03-10 21:38:00
73.2122688512155,1.8482101403036435,17.03196575275583,3.911018343603224,20.4057702131996,121.0094359714574,Welder,True,False,False,False,0.7199071639501832,0,0,28.00928360498169,0,2025-03-10 21:39:00
77.82631440239767,1.692239568209157,17.99185432575713,5.066456245231333,17.590095896962993,125.20013359931345,Welder,False,False,True,False,0.7202629096177651,0,0,27.97370903822349,0,2025-03-10 21:40:00
76.2249980487078,2.1197952805157394,17.42003729112672,4.890548955842693,24.454264261618498,118.87540230222324,Welder,False,False,False,True,0.8126394184020732,0,0,18.73605815979268,0,2025-03-10 21:45:00
74.41079836430103,1.8478974022189836,10.797829791080964,4.266731819320509,21.130466422450198,109.62520159552348,Welder,False,False,False,True,0.5857629619359653,29,0,26.923703806403463,0,2025-03-10 21:49:00
78.55784493644256,1.640314580601837,16.248370350707415,4.481580522870429,20.66350438996429,115.31293105781845,Welder,True,False,False,False,0.6604586291263115,0,0,33.95413708736885,0,2025-03-10 21:51:00
79.3818775976965,1.9325440832615444,17.56977239965902,4.754022358993582,19.44992349713595,122.8243206607798,Welder,True,False,False,False,0.7402660783299749,0,0,25.9733921670025,0,2025-03-10 21:54:00
74.80311146480167,1.7213623755642624,21.084553255322604,4.669933640101785,19.47970401811308,117.55600100824536,Welder,False,False,False,True,0.7686170594912668,0,0,23.138294050873327,0,2025-03-10 21:55:00
79.16294338391302,1.6780015903331311,19.804542799886907,5.447173529090861,20.54777156045397,123.25244819994218,Welder,True,False,False,False,0.7467137135668991,0,0,25.328628643310097,0,2025-03-10 21:57:00
76.12064498334728,2.287379616564705,17.607813578646123,4.842719598527124,20.465103235812727,117.59820163754324,Welder,False,False,False,True,0.8483840662130232,0,0,15.161593378697674,0,2025-03-10 22:01:00
75.27893617338147,2.2916170897219166,16.476479258634708,4.009283173249165,16.496103954417354,107.92318368960736,Welder,False,False,True,False,0.8014646002180306,0,0,19.85353997819695,0,2025-03-10 22:16:00
75.38031584209959,2.2458119804418217,16.546451724332314,4.587557578682294,20.329637125910214,117.22437422098194,Welder,False,False,False,True,0.8105108094655122,0,0,18.948919053448776,0,2025-03-10 22:20:00
71.40937897072064,1.7783907505011312,20.35683863512744,5.219829726425777,21.281656626710834,123.77093980516202,Welder,False,True,False,False,0.800311353762402,0,0,19.9688646237598,0,2025-03-10 22:29:00
77.67436715787616,2.6067770691708443,15.528593955901185,5.447335254717252,19.462186208656085,113.56765253215292,Welder,False,False,False,True,0.8616770650579411,0,0,13.8322934942059,0,2025-03-10 22:31:00
84.85421282602039,1.7662941735440043,20.8763384022914,5.08959798756042,19.698441842200047,112.89849109964652,Welder,True,False,False,False,0.7708978881785117,38,0,3.910211182148828,0,2025-03-10 22:33:00
76.44311420869397,2.3872275272367283,21.085472734559552,4.665522059718332,22.03907783484612,129.0913935187141,Welder,False,False,True,False,0.912972608583545,0,0,8.702739141645495,0,2025-03-10 22:42:00
78.25181221941973,1.558853134630625,23.420663288669783,5.109007196091837,22.017027759845924,118.24663303170702,Welder,False,False,False,True,0.7824487696581933,39,0,2.25512303418067,0,2025-03-10 22:48:00
78.08516566688643,6.78368448323169,27.002625117140404,5.5165875556261454,20.709825598717973,116.70912362931448,Welder,False,False,True,False,1.0,0,1,0.0,0,2025-03-10 22:50:00
71.72246413337913,2.472120264966532,18.04377764232967,4.875611413405571,19.82996780883905,117.66038138833376,Welder,False,True,False,False,0.8689281893108205,0,0,13.107181068917953,0,2025-03-10 23:02:00
81.52681189316185,1.551152356050605,19.620054477012232,5.267775348616987,19.53405614024468,116.66420224966836,Welder,False,False,True,False,0.729694158888393,0,0,27.030584111160707,0,2025-03-10 23:04:00
77.74128582899037,1.9373994886338604,20.62845315140716,5.526470432612009,20.718021770976407,122.88114359797812,Welder,True,False,False,False,0.8348166460789506,0,0,16.518335392104945,0,2025-03-10 23:12:00
73.57267151429545,2.324633693897942,17.939473884806027,5.369888722205369,22.38034948554964,115.09843127024702,Welder,False,False,False,True,0.8584359796428239,42,0,0.0,0,2025-03-10 23:17:00
75.25534437530295,1.7063777491070702,20.333056672442005,4.672293414324251,19.860109001687352,117.9566382714698,Welder,False,False,True,False,0.7756957132524362,38,0,3.430428674756371,0,2025-03-10 23:21:00
80.43018823183283,1.9418883860585117,17.54445804175273,4.397700879774334,17.920265868963135,114.70924503764655,Welder,False,False,True,False,0.7785575115062138,0,0,22.144248849378627,0,2025-03-10 23:30:00
78.34874260098177,1.6404823625143865,20.03044178362861,4.741503070341362,20.75830831535481,117.44447393835608,Welder,True,False,False,False,0.7300854670541003,36,0,8.991453294589974,0,2025-03-10 23:33:00
78.1290346111899,2.059518055153246,18.386812734379436,5.648749499114021,20.76601420678821,122.75278466413116,Welder,False,True,False,False,0.7870205535295747,0,0,21.297944647042527,0,2025-03-10 23:36:00
74.39152198652086,1.8446727658333344,18.212365838880437,4.467020087600718,19.06760893224397,114.37672155833503,Welder,False,True,False,False,0.7341934430295312,0,0,26.58065569704688,0,2025-03-10 23:38:00
78.08516566688643,2.065340701924618,16.724382614280128,5.252567442508963,18.000174419073506,117.52175623560328,Welder,False,True,False,False,0.7836435428318256,0,0,21.63564571681744,0,2025-03-10 23:39:00
78.51579808467824,2.1426765307785747,17.884326775244812,5.31962722925692,24.926177301931823,123.58439767409726,Welder,False,False,False,True,0.8302559940131701,0,0,16.97440059868299,0,2025-03-10 23:40:00
80.60032092999667,1.4759312925963337,20.25557605422329,5.002452580174091,21.17495635563307,110.53957537207538,Welder,True,False,False,False,0.7287241954881343,0,0,27.12758045118657,0,2025-03-10 23:41:00
82.47530474587334,5.438598354183027,26.47201121844324,4.776746696137019,19.599494357349453,119.29207790352832,Welder,False,False,False,True,1.0,50,1,0.0,0,2025-03-10 23:42:00
78.2926062269619,1.9235159088789235,16.413080540233057,5.397751492396819,21.30354691329626,128.85320936231338,Welder,True,False,False,False,0.7238460582079225,36,0,9.615394179207756,0,2025-03-10 23:43:00
74.19652925291786,1.8506114459546477,20.387173070952525,4.4593169871901415,20.13690784725136,123.16075814845388,Welder,False,False,False,True,0.8236590529305435,0,0,17.634094706945646,0,2025-03-10 23:47:00
77.80825772950942,1.8958440514663213,18.28862003887016,4.825715667046105,22.90714234908971,117.99567332495148,Welder,False,False,True,False,0.7518607549810344,0,0,24.81392450189655,0,2025-03-10 23:50:00
70.57567912729203,2.128344318545871,16.640222920527627,5.357972024626224,19.68071017586545,110.20409195632011,Welder,False,False,False,True,0.787776656752783,0,0,21.2223343247217,0,2025-03-10 23:53:00
75.36920275008987,1.917559308574193,18.437097134679004,4.829360145485585,21.22209608243252,125.98711599902454,Welder,False,True,False,False,0.8096745898166942,0,0,19.03254101833059,0,2025-03-10 23:58:00
75.27098108514953,2.0185650058661406,17.011619953866173,5.416876230793207,21.789863412712148,113.54916292774271,Welder,False,False,False,True,0.7666699542638243,38,0,4.333004573617572,0,2025-03-11 00:14:00
78.07414084649547,1.6623238657904094,19.48917279694626,4.44320668528117,23.28745738258248,117.64505094867998,Welder,True,False,False,False,0.7712214515822827,38,0,3.877854841771722,0,2025-03-11 00:23:00
76.48225488981386,2.7715985952484905,19.406984296450048,4.0577186039490565,20.632953232150182,115.57861981819792,Welder,False,True,False,False,0.956020271639198,0,0,4.397972836080214,0,2025-03-11 00:28:00
79.0169444874742,1.3251702637397709,17.844357127727054,5.629834543104937,18.762899030746457,117.5638952916589,Welder,False,False,False,True,0.6455510972446032,0,0,35.44489027553968,0,2025-03-11 00:29:00
77.3072160387063,2.182620676737325,17.448097096607725,5.434592049156152,20.88020277610348,121.06190043011745,Welder,False,True,False,False,0.8178152097343361,0,0,18.2184790265664,0,2025-03-11 00:30:00
74.86058295104124,1.824075455333368,17.874212266200285,5.762996269021308,21.74012376859792,120.89714760647466,Welder,False,True,False,False,0.7678490264371665,0,0,23.21509735628335,0,2025-03-11 00:32:00
79.25412939938825,1.8140683615238369,17.104244710136083,4.609054353006516,22.042641370010337,126.42879518255285,Welder,False,False,False,True,0.7095036853645812,0,0,29.04963146354189,0,2025-03-11 00:33:00
76.83061562320887,2.505357450381036,17.209432903967638,4.613914369299781,20.11509928908944,114.29710755255722,Welder,True,False,False,False,0.8849189084897708,0,0,11.50810915102292,0,2025-03-11 00:35:00
77.67545309160185,1.5462413104103374,18.13940853885856,5.154466599199355,20.285316439014263,119.86298854566748,Welder,False,False,True,False,0.7134990876154197,0,0,28.65009123845803,0,2025-03-11 00:39:00
81.7677010616658,1.600788460600722,16.69868675732761,4.938123867546178,19.63489028780732,118.29990104688272,Welder,False,True,False,False,0.6910156491333853,34,0,13.898435086661465,0,2025-03-11 00:40:00
79.64487736024792,1.7901756379630138,22.004854935289597,5.039605779794903,21.9469102903027,120.14424447396593,Welder,True,False,False,False,0.8348902824157324,41,0,0.0,0,2025-03-11 00:42:00
75.6728283515746,2.0485095580114256,17.384857165768402,4.791034108648996,20.969124861817782,118.47509350075836,Welder,True,False,False,False,0.7849595903744836,0,0,21.50404096255164,0,2025-03-11 00:43:00
74.37375779185021,2.216284899434444,18.720452074154856,4.773274672879064,21.05188345916505,118.98433976838284,Welder,True,False,False,False,0.8262120060624514,41,0,0.0,0,2025-03-11 00:44:00
72.13522787029275,1.4321713467229844,18.437097134679004,5.453170554920414,15.825559351485168,117.24571264835669,Welder,True,False,False,False,0.5672504056967989,28,0,29.27495943032012,0,2025-03-11 00:50:00
75.6602942608514,1.8808030242345917,18.29564147807305,5.239633674117929,17.954198099555988,124.95062393446408,Welder,False,False,True,False,0.7768195026403725,0,0,22.31804973596276,0,2025-03-11 00:53:00
77.3255754818826,1.540539405426907,19.720365276790314,5.055454011412181,20.297085388827725,121.83764523780708,Welder,False,False,False,True,0.7308523040438213,0,0,26.91476959561787,0,2025-03-11 00:58:00
75.40159331840842,1.9939703744691044,14.689550575621134,5.559393597227729,19.51838085581113,127.10751642616546,Welder,False,False,True,False,0.7401369560098947,37,0,7.486304399010535,0,2025-03-11 01:19:00
80.95817477441547,1.8100305809855068,15.749627796537675,4.707674749756499,18.91582961683326,115.20535866142691,Welder,False,False,True,False,0.7142647909991418,0,0,28.573520900085825,0,2025-03-11 01:33:00
79.34062392932354,1.7448160241144155,18.777637820527428,5.098116697054774,20.29050502752225,123.37072002559997,Welder,True,False,False,False,0.7490834632614004,0,0,25.09165367385997,0,2025-03-11 01:34:00
76.78315420775289,2.216284899434444,18.17118940788905,4.5937347076480695,20.244883439438247,119.9993415688653,Welder,False,True,False,False,0.7126521545254781,0,0,28.73478454745218,0,2025-03-11 01:38:00
78.08516566688643,1.867445321827753,18.670108703824344,4.690292031038378,21.408804277493072,116.35001664209962,Welder,False,False,True,False,0.7963185352176709,39,0,0.8681464782329016,0,2025-03-11 01:42:00
78.9678027041624,2.033265914848525,19.129578211815296,4.910533371278622,18.993183387299165,124.43421329744292,Welder,True,False,False,False,0.8370864236111405,41,0,0.0,0,2025-03-11 01:43:00
77.94487209785811,1.8114037084776289,17.450712501267404,5.384245293001394,18.477625143801376,116.85066325431312,Welder,True,False,False,False,0.7427871865546029,0,0,25.72128134453972,0,2025-03-11 01:48:00
78.1782104229425,1.689107225787869,16.62177640455642,4.931275814478931,20.591966125035,108.5032115188147,Welder,True,False,False,False,0.7016861130759109,35,0,12.331388692408908,0,2025-03-11 01:50:00
76.71193737162254,1.9389616576759088,18.93538020771777,4.941347290382559,20.537449722399156,120.84913336291844,Welder,False,True,False,False,0.8140803499262153,0,0,18.59196500737848,0,2025-03-11 01:51:00
71.4563251913536,1.9890230076971207,20.62121182562693,5.939643423210013,18.735346543005697,107.84439418014186,Welder,False,True,False,False,0.8219859901872737,41,0,0.0,0,2025-03-11 01:52:00
75.9429979584988,2.327055041306134,15.48686932810913,4.631270537471915,20.422375107628756,122.60945617067544,Welder,True,False,False,False,0.7898195723191895,39,0,1.518042768081045,0,2025-03-11 01:54:00
78.65005681457255,2.0880612589905923,16.18756933590558,4.508201936916765,22.72137924155041,120.36187757807446,Welder,False,True,False,False,0.7712200340372811,0,0,22.877996596271885,0,2025-03-11 01:58:00
80.3253846213784,2.491021988549192,19.699169062093237,4.65624031567312,17.282540229322418,110.42065486845776,Welder,False,False,False,True,0.9004056977368248,0,0,9.959430226317522,0,2025-03-11 02:07:00
68.7178479677667,1.994061696643788,22.837555558626928,5.599418544267942,20.334530454443243,118.768549286956,Welder,False,True,False,False,0.8920691223963811,0,0,10.793087760361884,0,2025-03-11 02:09:00
75.9902016751953,2.024831871135628,15.112148905852486,5.479347427749384,20.800439637224716,133.23942106778543,Welder,False,True,False,False,0.7332176615453899,36,0,8.678233845461008,0,2025-03-11 02:14:00
80.68821704619953,2.0110348499522703,18.889707075114977,5.005734568870304,17.818157892132913,122.26967944201888,Welder,False,True,False,False,0.8293222170717982,0,0,17.06777829282018,0,2025-03-11 02:15:00
77.3420379598837,1.8846629363068723,18.01771540733779,5.07746470580672,18.30421931595056,123.9173405310446,Welder,False,True,False,False,0.775706956539317,0,0,22.429304346068307,0,2025-03-11 02:21:00
69.77576621141618,1.876692519049048,15.168951866172588,5.001170386671775,20.29605890815949,116.93318199688382,Welder,False,False,False,True,0.7005265396041626,0,0,29.94734603958375,0,2025-03-11 02:22:00
75.26803638154259,2.306486895221912,19.955744544422277,5.071163356564662,20.170636525220417,115.96309971857944,Welder,True,False,False,False,0.8692649101153288,43,0,0.0,0,2025-03-11 02:23:00
74.29996620955805,2.624798096632939,15.22043971361466,4.788938489528665,20.10851782597877,112.86758421689416,Welder,False,False,False,True,0.8751269315885822,0,0,12.487306841141772,0,2025-03-11 02:25:00
78.08516566688643,1.8044974633530757,22.318242309206585,5.086962341090802,21.226301764767943,121.93113032052293,Welder,False,False,True,False,0.814357668162837,40,0,0.0,0,2025-03-11 02:29:00
79.0917302493126,2.210942762666001,16.739083091629045,5.42251539349845,20.460184943692177,125.76467088487388,Welder,False,False,False,True,0.821443235046651,41,0,0.0,0,2025-03-11 02:32:00
79.41304450001071,1.854914858133369,16.88167232988158,4.618224549483615,20.203277004187694,117.7216875099317,Welder,False,False,True,False,0.7291521268093958,36,0,9.084787319060425,0,2025-03-11 02:36:00
80.7505040167465,1.6846339910652492,20.06049938793913,4.983918106185448,20.55337580436237,118.7909104373551,Welder,True,False,False,False,0.7414193218177849,37,0,7.358067818221514,0,2025-03-11 02:38:00
73.16639411774332,2.0406690249244126,21.194794586443248,4.831001641827027,21.473016479182384,118.04366142546228,Welder,False,False,True,False,0.8716424711226566,0,0,12.835752887734344,0,2025-03-11 02:42:00
75.15512554904106,2.218555593054361,19.289379606568467,5.411087499511813,19.353842586979425,115.55537595470116,Welder,False,False,True,False,0.8615966713408232,43,0,0.0,0,2025-03-11 02:43:00
74.72126566239925,1.5443090657560057,18.64186012385132,5.071765668419537,21.49100418255327,117.96169710717032,Welder,False,True,False,False,0.7008321915533462,0,0,29.916780844665382,0,2025-03-11 02:47:00
77.90881573246651,2.1879615090010827,19.44607587915973,4.860295245860815,19.720777671551527,118.2424331162055,Welder,False,True,False,False,0.8409225650223116,42,0,0.0,0,2025-03-11 02:49:00
72.76647113833815,1.7430954445156388,18.476342612279257,5.194696600863224,17.55761892842724,112.7630195397053,Welder,False,False,True,False,0.7559576382580138,0,0,24.40423617419863,0,2025-03-11 02:56:00
82.57874797460012,2.3355897002462638,18.44126160861433,5.309419046042807,19.90353432482113,129.06453610329373,Welder,False,False,False,True,0.8715787886318648,0,0,12.842121136813518,0,2025-03-11 02:58:00
79.39821706567592,1.9669983503896848,19.16113537407123,4.909710947355146,20.06339459744747,113.92078008587316,Welder,True,False,False,False,0.7978226827044815,39,0,0.7177317295518435,0,2025-03-11 03:01:00
82.43165946849211,1.7752484820190275,17.951427008659948,4.682711521117186,18.93988522753647,127.7365549154384,Welder,False,False,True,False,0.7560444762131663,0,0,24.395552378683377,0,2025-03-11 03:03:00
82.78643464933269,2.7502701493802846,22.419711331496927,4.803650842042574,20.529558872622506,121.79370694054153,Welder,False,True,False,False,1.0,0,0,0.0,0,2025-03-11 03:07:00
78.99543583299425,1.893894272129898,16.32975099205553,6.052954481871,19.6104697048384,125.74738530414264,Welder,True,False,False,False,0.7103922145015986,0,0,28.960778549840143,0,2025-03-11 03:09:00
71.4452731991206,2.3671846259438016,17.655250085092675,4.72535818726072,19.220488282694543,111.02778207455547,Welder,False,False,False,True,0.8282313346623398,41,0,0.0,0,2025-03-11 03:14:00
71.90881140883243,1.7081706449719998,17.423874403297443,5.209599582233731,18.920791423493093,116.8273933828303,Welder,False,True,False,False,0.7024080722796517,0,0,29.759192772034822,0,2025-03-11 03:22:00
91.35179691465132,4.531002325783868,26.313138420199383,5.037097226311821,19.06233886895952,123.22591748240453,Welder,False,True,False,False,1.0,0,1,0.0,0,2025-03-11 03:23:00
77.08343963544584,1.9482112597127497,17.7728748704191,4.801187723733636,21.41473880150025,124.21914387242812,Welder,True,False,False,False,0.7725040927539644,0,0,22.749590724603564,0,2025-03-11 03:24:00
91.20103261552302,7.208527883500306,23.0795610207702,4.6024316283298425,21.44789657657067,128.2581947434294,Welder,False,False,True,False,1.0,50,1,0.0,0,2025-03-11 03:28:00
79.12761542225242,2.3146592425626085,16.519535494902584,5.461165302481924,21.08148373014638,119.39864030337117,Welder,False,False,True,False,0.8241560600829335,0,0,17.584393991706648,0,2025-03-11 03:29:00
76.99046411951542,1.9912350782438044,22.24198713169022,5.760259616688835,16.972648832853206,115.38987837411408,Welder,False,False,False,True,0.8682483469752591,0,0,13.175165302474085,0,2025-03-11 03:30:00
79.95178287783482,1.9921217620190443,16.869482521579194,4.901660673022406,20.58806675580276,123.76665585889106,Welder,False,False,True,False,0.7785551934987212,38,0,3.144480650127889,0,2025-03-11 03:33:00
82.33559193063341,1.8126468634734267,14.376021324875891,4.464930325564926,18.702655831357365,113.3208657742474,Welder,True,False,False,False,0.6782450017224964,0,0,32.17549982775037,0,2025-03-11 03:34:00
80.6010142744882,2.224094252031413,16.09861861316949,5.244868647447434,21.91287051938296,129.23830001471225,Welder,False,False,True,False,0.8022183702626973,0,0,19.778162973730275,0,2025-03-11 03:35:00
76.55603267943115,1.84007287939525,21.00390593037719,5.033989185054331,17.709318806996365,123.83525109246357,Welder,False,False,False,True,0.7907726390830373,39,0,1.4227360916962652,0,2025-03-11 03:43:00
73.781085257184,1.8876397547749248,19.57069120602057,4.726303127793902,18.163164589662365,120.97820264156158,Welder,False,False,False,True,0.8094712014364809,40,0,0.0,0,2025-03-11 03:45:00
78.08516566688643,1.7828105808596637,19.57815040279982,5.305519908945304,19.06284112583357,116.121070053437,Welder,False,False,True,False,0.7977514832410294,39,0,0.7248516758970567,0,2025-03-11 03:57:00
71.70788131047529,1.8066979198934048,16.741558654305276,4.843331756198387,20.71850393613798,122.10486391265734,Welder,False,False,True,False,0.736640090316738,0,0,26.3359909683262,0,2025-03-11 03:58:00
77.65805783976315,2.35584364221269,15.41375549919006,5.196801621641184,20.395728628519013,119.2246897765076,Welder,True,False,False,False,0.794988073452081,0,0,20.501192654791893,0,2025-03-11 04:00:00
81.93499768357972,2.1147960654432474,17.021687649631566,4.435169757473748,20.34731160322071,120.56342600080188,Welder,False,True,False,False,0.7769253667421818,38,0,3.3074633257818107,0,2025-03-11 04:05:00
78.78325608634009,1.4771684078356877,18.932889193680523,5.38645586434442,21.18602931503876,116.6874142684663,Welder,False,True,False,False,0.7082635668044998,35,0,11.673643319550024,0,2025-03-11 04:07:00
80.31093235360908,2.122831559192676,18.15809560430056,4.548663371893687,21.17902593622131,119.58928477213568,Welder,True,False,False,False,0.8138736756579767,0,0,18.612632434202325,0,2025-03-11 04:08:00
74.39482901609503,1.9169984684842565,17.423687938977764,5.508993332339504,18.27623059667483,129.0732458366154,Welder,True,False,False,False,0.7643667505968565,0,0,23.563324940314345,0,2025-03-11 04:09:00
78.88076543277059,2.034018317590007,18.366025856622965,4.375931669948022,20.787188863251984,120.50401935229888,Welder,True,False,False,False,0.8179464429271515,0,0,18.20535570728485,0,2025-03-11 04:10:00
78.76933866890124,2.125627988038249,16.237132589546007,5.091392871087277,21.221803189542985,116.78639203058644,Welder,False,True,False,False,0.7720181342362927,0,0,22.798186576370725,0,2025-03-11 04:16:00
74.79278986949805,2.011308971937177,17.27500199423586,5.01232285399918,20.68276350480324,125.47467027820964,Welder,False,True,False,False,0.7543029055854117,0,0,24.569709441458823,0,2025-03-11 04:21:00
68.76785193414568,2.311581820762645,16.76326995991174,4.826082122651113,21.95026479021971,118.75638287958732,Welder,True,False,False,False,0.8211430009111768,0,0,17.88569990888233,0,2025-03-11 04:24:00
77.82720874205441,1.9021962512549453,20.27238274928509,4.531226428310722,19.20895499341984,119.17210513716202,Welder,False,False,True,False,0.7959675724490916,0,0,20.403242755090844,0,2025-03-11 04:29:00
78.44260344192841,1.9538284319075936,20.668458388345385,5.747410875229236,18.15353225479211,122.687310433626,Welder,False,False,False,True,0.8531591962457771,42,0,0.0,0,2025-03-11 04:31:00
78.87482929962354,1.4661803208478337,20.27630066193524,5.073647759331267,20.79115797779,123.88043686431284,Welder,True,False,False,False,0.7466128990650132,0,0,25.33871009349869,0,2025-03-11 04:33:00
76.13187913034344,1.71800965125498,16.94216724179069,5.027634077089709,17.583495848172248,122.93917560932894,Welder,False,True,False,False,0.7222963424705255,0,0,27.77036575294744,0,2025-03-11 04:34:00
76.347512328878,2.098343322072237,14.03062411710818,5.141723752607544,18.77661234317128,124.35996732713431,Welder,True,False,False,False,0.7335694509931263,0,0,26.64305490068737,0,2025-03-11 04:38:00
74.6881786540219,1.7778529681003523,15.899124742488066,4.724268372767972,21.61763929170942,122.75641666387794,Welder,False,False,True,False,0.7201105494500227,36,0,9.988945054997728,0,2025-03-11 04:42:00
75.27827785849803,2.2121097078832355,23.273338283891174,4.394170596376577,18.03363198939176,119.07225732703571,Welder,False,True,False,False,0.9241949988270544,46,0,0.0,0,2025-03-11 04:47:00
75.21328630520556,2.228151835875243,15.685168419569132,5.91998764975459,20.200640861081343,122.13884472175306,Welder,False,True,False,False,0.7865365256596661,0,0,21.34634743403339,0,2025-03-11 04:56:00
73.96758444705696,1.8177293624661333,17.923352328605255,5.515652734174978,21.20785978685661,112.27689415696292,Welder,False,False,False,True,0.7615458716156699,38,0,4.845412838433006,0,2025-03-11 04:58:00
76.33702399600332,1.947166269812041,18.437097134679004,4.260755955044585,20.76514809681091,114.51036818466476,Welder,False,False,True,False,0.7231343591998197,0,0,27.68656408001803,0,2025-03-11 05:02:00
79.70508359952129,2.024896225643753,14.13586968296008,4.791293337080371,19.14112092781021,121.30353080985638,Welder,False,False,True,False,0.7329437979476627,0,0,26.70562020523373,0,2025-03-11 05:03:00
75.71925878375768,2.3384719349806518,15.462034845491004,5.164833385948584,21.854307467389397,110.55738293642295,Welder,False,False,True,False,0.777441211832956,0,0,22.2558788167044,0,2025-03-11 05:05:00
78.89632345700953,1.7985463379058362,18.02109142348205,4.892551350424775,22.007779262871907,119.22122345708397,Welder,False,True,False,False,0.7687470588410191,0,0,23.12529411589809,0,2025-03-11 05:11:00
80.0912261065923,2.214976801927896,16.107018408023144,5.128661063836635,20.64818036597565,118.70161018246236,Welder,False,False,False,True,0.7849053524378984,39,0,2.009464756210164,0,2025-03-11 05:19:00
79.82175009096457,1.6043094505092468,14.939441728140425,5.134430165002138,18.65308702153965,121.79117297007228,Welder,False,True,False,False,0.6421476577716058,0,0,35.78523422283942,0,2025-03-11 05:26:00
82.96231417242949,2.0060319400607294,17.755128020505204,5.200045131848347,19.970478868507595,129.419055155924,Welder,False,True,False,False,0.768431387886797,38,0,4.1568612113203045,0,2025-03-11 05:27:00
81.74275930632929,1.6979217917164569,15.107003592918623,4.657702968019397,20.696701204585334,108.59168963789712,Welder,False,False,False,True,0.6610474674091035,0,0,33.89525325908966,0,2025-03-11 05:34:00
71.57202737700585,1.47605998232629,16.911407707371417,5.448881333317347,20.68474705287597,125.3171786093373,Welder,False,True,False,False,0.6371425488933821,0,0,36.28574511066179,0,2025-03-11 05:43:00
73.81418432399951,2.513308642757236,19.852514982168785,5.072712493034864,20.010477374383907,118.24162878578116,Welder,False,False,False,True,0.9432011863770434,47,0,0.0,0,2025-03-11 05:46:00
73.89688307366697,1.7764496689047948,15.928076142786722,4.894969736273751,22.782481036220982,112.31248390882638,Welder,False,False,False,True,0.7010444953030026,0,0,29.895550469699742,0,2025-03-11 05:49:00
77.70524908406254,1.99235176142444,17.71658255659635,4.831547906079567,21.544350385734127,116.1892076848689,Welder,True,False,False,False,0.7731681657445102,38,0,3.6831834255489753,0,2025-03-11 05:52:00
86.27499363223008,1.934852357858943,19.75565206247825,5.179172293109179,19.443403956648723,108.45397989295576,Welder,True,False,False,False,0.8087957489540484,40,1,0.0,0,2025-03-11 05:53:00
80.85003674865936,1.8188423206289135,17.955939854966118,5.541103612245905,18.87832234345103,116.0612087118978,Welder,False,False,False,True,0.7377553480572755,0,0,26.22446519427245,0,2025-03-11 05:55:00
75.48251595523365,2.0896393340965287,19.445349649776595,4.7143833024890185,19.28701487347672,119.95458602952156,Welder,False,False,True,False,0.827573804973853,0,0,17.2426195026147,0,2025-03-11 05:59:00
78.37100707083064,1.767963246789971,16.49359243681806,5.372354953116735,18.795917425662623,115.58005050539,Welder,False,False,False,True,0.6941134440054499,0,0,30.58865559945501,0,2025-03-11 06:00:00
79.49782708894476,2.026104944117716,16.913159140446965,5.485977642741988,19.322937153377985,111.21288314798622,Welder,True,False,False,False,0.7770088163964344,38,0,3.299118360356559,0,2025-03-11 06:02:00
78.58459333209113,1.689156928407441,20.527711878192772,5.04230815340965,20.23029268587553,121.5551953268404,Welder,False,True,False,False,0.7921970133093557,0,0,20.78029866906444,0,2025-03-11 06:03:00
81.26455522287442,2.1667824354937526,19.514064130107958,4.8158430669373375,20.14868868871424,103.46050023751306,Welder,False,True,False,False,0.8521308234150295,0,0,14.786917658497046,0,2025-03-11 06:10:00
83.54223709995652,1.635558159233407,15.347475676101686,5.090516906897374,16.80702631322222,121.43007903817312,Welder,False,True,False,False,0.6452308468713754,0,0,35.47691531286246,0,2025-03-11 06:17:00
78.41902259880892,2.040757827224497,19.36467756411932,4.854857749050558,19.179742317207825,111.0219338967884,Welder,False,False,True,False,0.8362198028893328,0,0,16.378019711066713,0,2025-03-11 06:20:00
79.6661867912985,1.9842484794384043,19.893154007146773,4.389015457552518,18.51821288955164,113.8541448324084,Welder,False,False,False,True,0.8173617525765237,40,0,0.0,0,2025-03-11 06:21:00
81.80524666277155,1.915662354533574,19.996435311943458,5.581815384355103,19.093229209160302,122.86883880572292,Welder,False,False,True,False,0.8148554155578944,0,0,18.51445844421056,0,2025-03-11 06:27:00
80.3845519710757,1.5602978427973715,16.397032156337985,4.313962661126984,19.962953535372517,112.61113946123342,Welder,False,False,False,True,0.6575733013078673,0,0,34.24266986921327,0,2025-03-11 06:35:00
82.26951121363184,2.110023922367677,17.106713906370786,4.996930374526198,16.2940050756809,125.41420716958196,Welder,False,False,True,False,0.7674034271616467,0,0,23.259657283835335,0,2025-03-11 06:37:00
82.02501249823386,1.9864237094106991,19.245888060826616,5.311878472871798,19.96457303087232,115.78201693734144,Welder,True,False,False,False,0.8264854702803887,0,0,17.351452971961137,0,2025-03-11 06:42:00
74.15648690677402,1.9412644187094257,16.986730332424163,4.409134233475047,19.770905082529765,120.8976165076873,Welder,False,False,True,False,0.759336910369917,37,0,5.5663089630082965,0,2025-03-11 06:46:00
74.94713125118442,1.900570588615549,13.9051256284585,5.071131919882173,18.72114111688025,107.93724591040096,Welder,False,True,False,False,0.6811864592491467,34,0,14.881354075085326,0,2025-03-11 06:49:00
74.3256337061137,1.844399984113637,17.558542486083265,4.788092917630784,20.914863683981967,125.28020803229278,Welder,False,False,True,False,0.7613071389110441,38,0,4.869286108895594,0,2025-03-11 06:50:00
78.80541056053728,2.008829177503266,14.69551464529302,4.667009351310645,20.050351472103507,121.15266833605668,Welder,False,False,False,True,0.697676349517695,34,0,13.232365048230506,0,2025-03-11 06:52:00
83.0895830813935,2.061522601770389,17.506857891480852,5.484571001452972,19.131306744489684,120.14575956162508,Welder,False,True,False,False,0.779584881080988,0,0,22.041511891901195,0,2025-03-11 07:00:00
76.7338304880433,2.0924029706652023,20.11220250333998,5.273885941619957,17.452324147399622,116.13292536692492,Welder,True,False,False,False,0.8340691815073181,41,0,0.0,0,2025-03-11 07:06:00
79.06959024931858,1.6091465709425763,19.576583313272007,4.569218183648822,21.17642712989563,123.24186388854896,Welder,False,False,False,True,0.7248277622090261,36,0,9.517223779097392,0,2025-03-11 07:07:00
81.19192574437258,2.0087571511806703,21.231744980244628,5.20848631647549,17.683100409641565,132.63505209164302,Welder,False,True,False,False,0.8486985503509616,42,0,0.0,0,2025-03-11 07:10:00
73.18760398807666,2.13719728432603,17.652252359370827,4.831406801133455,20.27809498470164,119.43868116404352,Welder,True,False,False,False,0.7972741709354713,0,0,20.272582906452868,0,2025-03-11 07:14:00
77.83540742803645,1.967908559042456,18.03999097241284,5.012905924308501,20.97440729766933,118.46703462660808,Welder,False,False,False,True,0.8020402738164492,0,0,19.79597261835508,0,2025-03-11 07:18:00
82.18596585486921,6.9544208267124255,32.809376948125696,4.926966048635023,19.12365636021187,110.34956565338284,Welder,False,False,True,False,1.0,0,1,0.0,0,2025-03-11 07:20:00
73.2155963251657,1.2480285288389852,15.887776861625827,5.846404822732398,21.72170418763963,117.36201328710474,Welder,False,True,False,False,0.6152008116464676,0,0,38.479918835353246,0,2025-03-11 07:23:00
82.62433596666894,2.089238615935345,14.239423178862433,4.4275246667057,19.12107384692928,107.44888929479794,Welder,False,True,False,False,0.7030200126681586,0,0,29.697998733184136,0,2025-03-11 07:24:00
79.57906604169787,2.0418493388442376,15.949561828525134,4.230713485516099,20.76356771719572,119.80674115586338,Welder,False,False,False,True,0.731775991732726,0,0,26.822400826727403,0,2025-03-11 07:25:00
73.83453582733847,1.968141772988074,20.85465730318954,4.392633720468527,21.693435102774423,123.62037525372152,Welder,True,False,False,False,0.830231493646236,0,0,16.976850635376394,0,2025-03-11 07:27:00
77.14507532369159,1.9285298974833147,21.43672799152775,4.208646033370767,18.31704782007588,122.3967712940925,Welder,False,False,False,True,0.8628944493402557,0,0,13.710555065974432,0,2025-03-11 07:33:00
74.79604487801899,1.876844455181081,17.62161963744984,5.010474059674319,19.57119161753132,117.27172302818708,Welder,False,True,False,False,0.7303811894626214,36,0,8.961881053737855,0,2025-03-11 07:34:00
77.47839946091214,1.930801500008088,19.585422035467328,4.556601163681287,19.97920679824359,121.17893532099016,Welder,True,False,False,False,0.7957547416945376,39,0,0.92452583054623,0,2025-03-11 07:41:00
76.87072899097925,2.4325827205857804,20.11560201508384,5.134684918168245,18.847617019412343,120.94239495544744,Welder,False,False,True,False,0.9027249500209784,0,0,9.727504997902145,0,2025-03-11 07:43:00
71.51945042110692,2.0528451355663075,19.562994478921265,4.599891790889284,20.92769358858233,117.08139677155287,Welder,False,False,True,False,0.8195327192762427,0,0,18.04672807237573,0,2025-03-11 07:49:00
79.28219039560645,1.6250538981231908,16.27142947611893,4.835031972060037,21.178961148298196,120.2523552684173,Welder,True,False,False,False,0.6578582837070905,0,0,34.214171629290945,0,2025-03-11 07:50:00
74.45175553540108,2.010115716470316,17.3666409081315,5.388772137376254,20.25045143500125,124.30075397936272,Welder,False,True,False,False,0.7515435464570309,0,0,24.845645354296902,0,2025-03-11 07:52:00
72.53414194519259,1.6655533437942758,19.613352804328727,4.6694538858936525,19.083856016402397,121.08152705624158,Welder,False,False,False,True,0.7363656560484667,36,0,8.363434395153334,0,2025-03-11 07:54:00
77.69975583173012,1.9290653489792424,17.823253424947207,5.130194044929847,21.372432999515336,117.58937857839264,Welder,False,False,False,True,0.7876897631031844,39,0,1.7310236896815638,0,2025-03-11 08:02:00
83.35977618548868,2.246166050866369,22.380834002376847,4.549961469190788,17.74377720357803,110.25810746633924,Welder,True,False,False,False,0.9178322907569312,45,0,0.0,0,2025-03-11 08:05:00
79.46624964938752,1.6316960106631828,17.62554535698624,5.163238423427978,19.81924841266501,116.3328741659138,Welder,False,False,False,True,0.688741458752595,34,0,14.1258541247405,0,2025-03-11 08:10:00
81.27825434342573,2.216299085871691,19.662997733863325,5.622566414228707,21.56657907781487,125.6283996606173,Welder,False,True,False,False,0.8551604429587042,42,0,0.0,0,2025-03-11 08:16:00
76.27074395306805,1.8364441265821037,19.596182097323123,5.373158142077523,25.143365717012323,121.21551529164208,Welder,False,False,False,True,0.8030915486598129,0,0,19.6908451340187,0,2025-03-11 08:17:00
75.51596803050586,2.878181027741999,15.151664799624802,3.792577291772883,20.172728471660715,116.8986785166616,Welder,False,True,False,False,0.8818161300633218,0,0,11.818386993667817,0,2025-03-11 08:18:00
77.75185637937713,1.7064234830034035,16.29804983863687,5.539477279458205,22.30268260971898,122.77929229658704,Welder,False,True,False,False,0.6859354378754637,0,0,31.40645621245362,0,2025-03-11 08:25:00
84.8033691630679,1.9097059062820332,16.349416078338272,5.155978239753375,21.05827007909037,125.86950465787103,Welder,True,False,False,False,0.7230001958960167,36,0,9.699980410398323,0,2025-03-11 08:30:00
79.70440103906239,2.3684090628824404,15.352097831560874,4.347572949922008,18.834839136219408,122.06823949141187,Welder,False,True,False,False,0.8074184803377746,0,0,19.25815196622254,0,2025-03-11 08:33:00
82.20158312936164,1.749744545380213,18.6321357394599,4.995239670762309,21.151765542002167,107.99026528024729,Welder,False,False,True,False,0.7686604233416479,0,0,23.13395766583521,0,2025-03-11 08:59:00
81.35602255356515,1.8947665383195336,20.568209390357797,5.20320491642184,20.050805824152867,117.45216748565085,Welder,False,True,False,False,0.8314785443686845,0,0,16.852145563131543,0,2025-03-11 09:01:00
77.76644132858507,1.543913962327817,19.54092719137445,5.085970385910683,20.138631721008853,120.1514181827648,Welder,False,False,True,False,0.7201490280163126,0,0,27.98509719836873,0,2025-03-11 09:05:00
80.73136512853142,2.3020190213681198,19.911407942227733,4.864364682189269,17.82917333111306,127.7261322294241,Welder,False,True,False,False,0.8983745654223559,0,0,10.1625434577644,0,2025-03-11 09:07:00
74.20543094996808,2.0112625524460466,16.87142029456196,4.998319233843538,18.75628477183489,120.3296555428945,Welder,False,False,True,False,0.7816777804064324,0,0,21.83222195935676,0,2025-03-11 09:10:00
74.66156170132332,1.8836105093277644,18.70332470994812,4.888675897649369,20.11606142414125,124.68703141234748,Welder,False,False,True,False,0.7571998215264987,0,0,24.280017847350138,0,2025-03-11 09:17:00
75.67375448180181,1.1301458360394556,18.765843420114525,5.112356450640468,20.38507875919361,124.6899480014567,Welder,True,False,False,False,0.6018566730908238,30,0,24.814332690917617,0,2025-03-11 09:19:00
87.36923691845071,6.83198033724695,25.16001250215089,4.775579659191092,20.82128979565343,122.55777764261002,Welder,True,False,False,False,1.0,0,1,0.0,0,2025-03-11 09:24:00
76.41903109515144,2.121816836728424,13.118591970449833,4.899666531275508,21.088385263223483,121.82715921412354,Welder,False,False,True,False,0.690429381775661,0,0,30.9570618224339,0,2025-03-11 09:25:00
69.31454128257555,1.929522718543708,17.631421996334577,5.658141980908298,22.159931062142945,119.39256447279794,Welder,False,False,True,False,0.752266254214429,37,0,6.273374578557096,0,2025-03-11 09:26:00
76.9800852184743,1.437967608813615,16.14346832268801,4.726001539949443,21.60296332938513,124.93380808741412,Welder,False,False,False,True,0.6386331651291786,31,0,20.636683487082145,0,2025-03-11 09:29:00
78.16747788936007,2.193767126082768,19.619315060296483,4.780349407604169,18.37752335560391,117.79262097343543,Welder,False,True,False,False,0.8551749256559813,0,0,14.482507434401867,0,2025-03-11 09:30:00
83.20225606734883,2.375685098586992,18.20357666741465,4.488140860660303,20.235647975965744,123.68535335308836,Welder,False,True,False,False,0.8627713015480468,0,0,13.72286984519532,0,2025-03-11 09:32:00
81.1917794071392,2.024596644147416,18.437097134679004,5.23662840738124,21.238779004741563,118.22226664404648,Welder,False,True,False,False,0.822965840731432,0,0,17.703415926856806,0,2025-03-11 09:35:00
78.64908115827392,1.4742868714577009,18.2468583634073,4.847505085090851,17.205704620323147,127.54773431306316,Welder,True,False,False,False,0.7004500549832251,35,0,12.45499450167749,0,2025-03-11 09:36:00
76.76771105279772,2.354296971591701,16.821492538409863,4.887150022744906,22.24209651090396,119.5586988493248,Welder,False,False,True,False,0.8316940028975892,0,0,16.830599710241074,0,2025-03-11 09:40:00
82.90130526191047,6.931122308834684,29.976104129844188,4.918117106591085,20.969068015143097,115.98098409951456,Welder,False,False,False,True,1.0,0,1,0.0,0,2025-03-11 09:44:00
75.99250584297812,2.502032565686896,16.325238420635067,4.6745341699449785,21.02373381389096,126.53140237864102,Welder,False,False,False,True,0.83649374283168,41,0,0.0,0,2025-03-11 09:46:00
81.08106763319849,2.3681103791146616,19.850563785433664,5.128023276597298,23.4995533431672,128.5615386418346,Welder,True,False,False,False,0.8804676716641782,0,0,11.953232833582176,0,2025-03-11 09:48:00
71.8327135055079,1.5258188177572494,18.33730273522039,4.473824693645096,20.605910624102457,119.35724482807436,Welder,False,False,False,True,0.6809630187618123,0,0,31.90369812381877,0,2025-03-11 09:49:00
75.13209309946498,2.147865191555561,20.7047250918523,4.979967760457414,20.847870685962096,123.61998516200951,Welder,False,True,False,False,0.8801496084252554,0,0,11.98503915747446,0,2025-03-11 09:56:00
80.1647692868239,2.349774956076567,14.58808181021853,4.682136326341679,21.91831064705056,122.75530062107968,Welder,False,False,True,False,0.7789473670562407,38,0,3.10526329437593,0,2025-03-11 09:59:00
75.39832880367335,1.4999709779632409,16.745814350455408,4.715472035781373,20.083095367675,113.97208824488122,Welder,False,False,True,False,0.6498723174761072,32,0,19.01276825238928,0,2025-03-11 10:00:00
77.19503588775629,2.040979218676626,17.707038658543677,5.51947731639737,18.757395167377624,125.96303102488658,Welder,False,False,False,True,0.7899047508467895,39,0,1.5095249153210517,0,2025-03-11 10:02:00
80.63479098925227,1.96305906939432,17.870455480404246,5.266887575721811,19.71199809460787,118.427498033249,Welder,False,False,True,False,0.7548860159268439,37,0,6.01139840731561,0,2025-03-11 10:08:00
74.08919140026799,2.037770416518488,17.93499221388462,5.432526783107415,20.54367630293841,125.0858710708508,Welder,False,True,False,False,0.8053368385511431,0,0,19.46631614488568,0,2025-03-11 10:17:00
79.17754490166227,2.2553372295140712,18.437097134679004,4.664870775532887,19.97761194133556,115.04569622991644,Welder,False,True,False,False,0.8587004384159315,0,0,14.129956158406856,0,2025-03-11 10:18:00
90.1134657252329,8.56406241842289,22.85683011630158,5.526328736006489,17.05496203510172,124.43654481229872,Welder,False,False,False,True,1.0,0,1,0.0,0,2025-03-11 10:20:00
76.6139205121587,1.822327746556156,16.93399183634733,5.258697574167458,19.13703708739731,120.17370616769512,Welder,False,True,False,False,0.7089548447341418,0,0,29.10451552658581,0,2025-03-11 10:21:00
75.58846678161864,2.0002266522363787,17.8424231998394,5.189334670221987,20.699100122417907,128.73529572276755,Welder,False,False,False,True,0.770183420221769,0,0,22.981657977823104,0,2025-03-11 10:23:00
75.84228365587641,2.495992891153559,18.31526911688189,4.395781579852201,19.217066651786155,129.80552145645734,Welder,False,False,True,False,0.8783258658682724,0,0,12.167413413172753,0,2025-03-11 10:28:00
79.50417002017107,2.186926204366729,18.389910184824373,4.724886282069828,18.8793458694994,111.69965925297151,Welder,False,False,False,True,0.8312469920787929,0,0,16.87530079212071,0,2025-03-11 10:29:00
82.0715775627575,2.071957323754789,17.951741779090053,4.729195529283863,17.738751625097375,124.12976104462972,Welder,False,False,False,True,0.8075436330024488,0,0,19.245636699755124,0,2025-03-11 10:30:00
82.74971676568366,2.161330457110545,14.488988822590745,4.9701629291967695,19.66261965359672,119.84033054974594,Welder,False,True,False,False,0.7250534120609426,0,0,27.494658793905728,0,2025-03-11 10:42:00
80.30646276076534,2.345794430978508,20.01460871494653,4.985831943723396,19.35525076527822,120.35432498527568,Welder,False,True,False,False,0.8834588497901457,0,0,11.65411502098543,0,2025-03-11 10:48:00
75.83444809755537,1.6347788619509145,18.437097134679004,4.78917355270409,19.27012149544902,129.6532912952813,Welder,False,False,True,False,0.7299596577389764,0,0,27.00403422610236,0,2025-03-11 10:49:00
82.4153779226491,1.9357549067866435,19.97721758699835,5.014148566835456,17.630982256894608,125.09312255016906,Welder,False,False,True,False,0.8076713925548956,0,0,19.232860744510432,0,2025-03-11 10:56:00
85.83885834934458,2.216284899434444,16.810992608101987,5.041076206699435,18.471736295938022,114.98106092268182,Welder,False,False,True,False,0.817875279915606,0,1,18.21247200843939,0,2025-03-11 11:05:00
78.68155668711576,2.05830003900147,14.896925158063748,4.840669194847349,18.913422252316742,130.36299270381258,Welder,False,True,False,False,0.7205618629772614,0,0,27.943813702273857,0,2025-03-11 11:09:00
75.85509092055446,2.2587630453845517,19.070917494819263,4.138564754822179,16.94233021267674,118.59353173665215,Welder,True,False,False,False,0.8345157784021385,0,0,16.548422159786142,0,2025-03-11 11:28:00
82.35513959344792,2.365544064461506,17.096717821646106,4.493745421964076,20.389129986894737,117.2229980027883,Welder,False,False,True,False,0.8516477313363598,0,0,14.83522686636401,0,2025-03-11 11:33:00
94.56917664301348,7.9926445700469,18.437097134679004,4.700763606860535,19.06423962696911,116.45040433523968,Welder,False,True,False,False,1.0,50,1,0.0,0,2025-03-11 11:34:00
75.61894153856687,2.4598620066908934,16.323647035336936,4.58950304987884,18.414122806969846,119.62590789824708,Welder,False,False,False,True,0.8462490351885319,0,0,15.375096481146812,0,2025-03-11 11:39:00
82.09410785503026,1.5964956548207994,18.437097134679004,5.244094002277598,19.383239906670024,125.5603034001658,Welder,False,False,True,False,0.6868628231736775,0,0,31.313717682632245,0,2025-03-11 11:40:00
90.73718472471568,5.797363723710952,23.37047707952276,5.151021893135164,19.01315226713789,125.13595780020206,Welder,False,False,False,True,1.0,0,1,0.0,0,2025-03-11 11:42:00
85.29440547957586,1.8910605059548768,18.47565908151667,5.732297529932505,20.521084762562836,123.21053879499308,Welder,False,False,True,False,0.7533979671348443,37,1,6.160203286515568,0,2025-03-11 11:44:00
75.4714860967363,2.022352878148032,16.145253988608133,5.300993350829687,15.769746766638963,131.20306060087142,Welder,False,False,True,False,0.7712001195990306,0,0,22.879988040096947,0,2025-03-11 11:48:00
75.92794953745732,2.014798449738453,17.53278607803427,4.063008664933861,21.909365325871136,122.7990588096538,Welder,False,False,False,True,0.7782578255575958,0,0,22.17421744424041,0,2025-03-11 11:52:00
76.24446099091475,2.2167340955662937,18.40399802151464,5.11986879093517,19.90535367056848,120.71310696334442,Welder,True,False,False,False,0.8551081656135662,0,0,14.48918343864338,0,2025-03-11 11:53:00
80.75427939052362,2.0540213113087944,14.510479224789396,5.377685936100725,24.779862367716586,113.09805076637966,Welder,False,False,True,False,0.7441174601950526,0,0,25.58825398049474,0,2025-03-11 11:56:00
81.659943854346,2.3291660574819315,18.423758357657768,4.928517246174602,18.63079327009821,118.98350877711596,Welder,False,True,False,False,0.8416275239066783,0,0,15.837247609332168,0,2025-03-11 11:59:00
77.17241481665832,1.850793688575772,17.108485080406304,5.321977029454939,18.78031385923042,119.2515952604234,Welder,False,True,False,False,0.7141135107661387,0,0,28.58864892338613,0,2025-03-11 12:01:00
77.8868763059926,2.216284899434444,18.96012723580821,4.762130805135133,18.31321748057916,115.15975102225153,Welder,False,False,True,False,0.8025256149235067,40,0,0.0,0,2025-03-11 12:04:00
79.61364885121782,2.1358269056230084,20.766389030658686,4.8309726323915125,20.121686875127757,117.17223618798788,Welder,True,False,False,False,0.8893419662232993,0,0,11.065803377670065,0,2025-03-11 12:05:00
78.08516566688643,1.7313716117224875,21.39524755941868,5.471705263431692,20.04123145004122,119.91315996245451,Welder,False,False,False,True,0.8098750106179965,0,0,19.012498938200352,0,2025-03-11 12:09:00
82.02064482800577,1.599029449905524,18.664162922833626,5.316456001742353,21.12570479290264,117.06692132220124,Welder,False,True,False,False,0.7256665698051741,0,0,27.433343019482592,0,2025-03-11 12:10:00
78.58732768300096,2.0401875141740704,17.98168192293069,5.302073989521578,18.33922509517736,125.9403093812553,Welder,False,False,False,True,0.8154141450902013,0,0,18.45858549097987,0,2025-03-11 12:15:00
75.60691151879085,1.900088714283872,21.852571709710787,4.915244187520703,21.9763112285261,117.52544902254849,Welder,False,False,True,False,0.8346970898245406,41,0,0.0,0,2025-03-11 12:17:00
86.2234276853056,7.264274153887818,24.07898878589141,4.9482810171857965,16.964102583525584,119.79241015365965,Welder,False,False,True,False,1.0,50,1,0.0,0,2025-03-11 12:23:00
79.7335280432083,2.0216459710465284,19.885877239794468,5.3766476054205965,17.74208123575784,123.3255302576074,Welder,False,False,True,False,0.8061081704162605,40,0,0.0,0,2025-03-11 12:26:00
79.2713783283738,2.221471169244849,18.3625078966901,5.0306072248974845,20.60230795357881,125.50399902711358,Welder,False,True,False,False,0.8340963182568375,0,0,16.590368174316254,0,2025-03-11 12:27:00
78.10582513985526,2.0699128854588453,17.812192862573905,4.467234755843566,20.52447463572121,116.36267146883164,Welder,True,False,False,False,0.7739187552270104,0,0,22.60812447729896,0,2025-03-11 12:30:00
82.00017841215879,6.813671207253441,29.12967510996442,5.305256920283862,22.16016518010376,118.13840823214758,Welder,False,True,False,False,1.0,0,1,0.0,0,2025-03-11 12:34:00
79.83981146009504,2.1441760275283137,18.820766553573783,4.332933893523656,19.664090863530088,115.72233665047192,Welder,False,True,False,False,0.8140937603238888,0,0,18.590623967611123,0,2025-03-11 12:44:00
76.0305623350828,1.7381033099331942,20.429333560265803,5.396226730977116,19.87987550262636,125.8976913380387,Welder,False,True,False,False,0.7628165297088597,0,0,23.718347029114028,0,2025-03-11 12:45:00
79.60401096543117,1.690692417455808,18.811648173347628,4.606021549953187,20.39793251717571,123.1461909014762,Welder,True,False,False,False,0.7333462886137948,0,0,26.665371138620515,0,2025-03-11 12:47:00
78.53515882487999,2.246705141268726,18.032748483862587,4.95447009107701,17.8560102935389,117.46234328237117,Welder,False,True,False,False,0.8498379511652313,0,0,15.016204883476874,0,2025-03-11 12:48:00
72.25622379593189,1.748905893668124,18.437097134679004,5.173189171217454,21.929378129682288,124.17050285955034,Welder,False,True,False,False,0.6798661648458297,0,0,32.01338351541703,0,2025-03-11 12:49:00
78.99915898985456,2.1655892777995485,13.488417337810503,5.065569625437372,20.181773227851014,124.559067967854,Welder,False,True,False,False,0.7391544599583049,0,0,26.08455400416952,0,2025-03-11 12:50:00
77.44163900544113,1.965658288460341,18.34789441682562,4.797564283523244,20.64626900775462,112.91504930159503,Welder,False,False,True,False,0.8100725420849942,0,0,18.99274579150058,0,2025-03-11 12:52:00
79.46499148377873,2.063110134062266,19.25947902881748,5.430008485804364,20.80697550822641,120.76007888918888,Welder,False,False,False,True,0.8149291824705692,40,0,0.0,0,2025-03-11 12:55:00
78.11158397600228,1.7551535032915868,16.600798382595272,4.925370698777854,18.31564826588475,117.42895277818486,Welder,False,False,False,True,0.6965437196189918,0,0,30.345628038100827,0,2025-03-11 13:00:00
81.63046272539694,2.090588270051529,20.9096523482933,5.577737364791978,19.64341493997933,130.30170771918415,Welder,False,True,False,False,0.8837925111572702,44,0,0.0,0,2025-03-11 13:02:00
81.00866488153525,2.0104422621499496,18.271711803132582,5.000223996935878,20.507709657968167,133.7439120795503,Welder,False,True,False,False,0.7789891619628458,0,0,22.10108380371541,0,2025-03-11 13:05:00
78.35615785306022,1.7593401775894462,17.807998676532282,5.330581244343505,20.22332990593065,120.3329441345146,Welder,False,False,False,True,0.7184334279983866,0,0,28.156657200161334,0,2025-03-11 13:06:00
78.77388133494082,2.326971487727249,17.12747393563994,4.664156651183731,20.679911063199764,123.9424947367551,Welder,False,False,True,False,0.850046023174053,0,0,14.9953976825947,0,2025-03-11 13:08:00
78.30923652305505,2.2867408235337443,18.690828363287707,5.326129666723606,19.145958211863697,125.66143687419468,Welder,False,False,False,True,0.8452963790301096,0,0,15.47036209698905,0,2025-03-11 13:11:00
86.03019358086222,2.0190947184489554,15.157300109362906,4.880820254074711,17.929470596880222,115.74442606582808,Welder,False,False,True,False,0.743246069776284,0,1,25.675393022371598,0,2025-03-11 13:18:00
78.12558057076079,2.0772802572194387,16.46246717992296,5.163444299025567,20.849911749252637,119.08538350793704,Welder,False,False,True,False,0.7632906756072765,0,0,23.67093243927235,0,2025-03-11 13:21:00
82.24140804742218,1.768091087119189,18.437436532282977,4.553949494934605,22.56456204301328,122.32243802788616,Welder,True,False,False,False,0.7371122038702196,0,0,26.288779612978047,0,2025-03-11 13:24:00
81.76096217518307,1.7387816685068775,17.666370518603213,5.029287780124986,21.814840940028656,118.20122491697184,Welder,False,False,False,True,0.7477746755261638,0,0,25.22253244738361,0,2025-03-11 13:25:00
77.64766375924403,2.134545636258932,18.437097134679004,5.077987082396303,21.355837100954,122.35196371004578,Welder,True,False,False,False,0.7602146875167318,0,0,23.978531248326817,0,2025-03-11 13:27:00
76.87971917384715,1.952438692275063,15.005535211031653,4.7788303935055065,18.67109761180233,125.95180709876033,Welder,False,False,True,False,0.7064198470380081,0,0,29.3580152961992,0,2025-03-11 13:28:00
79.59481317757691,1.7245942815083106,19.45302324467212,4.576741427482236,21.164440386120983,118.58603394945338,Welder,True,False,False,False,0.7715735926260527,0,0,22.84264073739473,0,2025-03-11 13:29:00
81.7986065844144,2.043027970057248,16.419965806369582,5.355595099673457,15.376156737285145,124.39653646354488,Welder,True,False,False,False,0.7516220014048862,0,0,24.837799859511374,0,2025-03-11 13:32:00
77.04158972730397,2.3407843537831465,17.320939686668027,5.088336708116141,18.374605182991196,117.5799018840186,Welder,False,False,False,True,0.8308874756970869,0,0,16.911252430291313,0,2025-03-11 13:38:00
79.89155804693843,1.9514135549176015,19.29380904651313,3.821238312286394,23.15878451654499,118.3597177466162,Welder,False,True,False,False,0.7988002821488542,39,0,0.6199717851145721,0,2025-03-11 13:40:00
79.47051860078442,1.885553175552772,21.030827630696415,4.975289575091776,19.212996829151955,113.7935036362952,Welder,False,False,True,False,0.8287868666050772,0,0,17.12131333949229,0,2025-03-11 13:44:00
73.73373714652074,1.481245133148974,20.286723060411656,4.613669291641615,17.171203073203685,124.1207618172782,Welder,False,False,False,True,0.7387238293884226,36,0,8.127617061157736,0,2025-03-11 13:54:00
73.29073126965372,2.5858752147468533,18.36971730812073,5.094686848410557,19.441156579143627,118.7825946518355,Welder,False,True,False,False,0.8877697817382508,44,0,0.0,0,2025-03-11 13:55:00
71.71362615814502,2.383572550381812,15.749604344524553,4.464192830573985,16.869396131435725,127.3315590145893,Welder,True,False,False,False,0.8058534836165784,40,0,0.0,0,2025-03-11 14:01:00
78.3080864320217,1.9551632920505035,15.651595408559707,5.195684729865721,19.782971358886485,125.61070866959764,Welder,True,False,False,False,0.7313548547906534,0,0,26.864514520934662,0,2025-03-11 14:07:00
78.20023782572576,1.8570338595699427,21.295755211567347,4.96998919984128,20.74582697067979,120.25858942406592,Welder,False,True,False,False,0.8163071372775299,0,0,18.36928627224701,0,2025-03-11 14:09:00
78.1500818108683,2.4746350253910703,19.71926157370969,5.359824550695323,20.781465310237657,123.31339178843082,Welder,False,False,True,False,0.9344380721734368,0,0,6.556192782656325,0,2025-03-11 14:17:00
82.98726446138295,1.9810178120309248,18.769932832095268,4.719500182238369,18.94345951366868,123.36982575855023,Welder,False,False,True,False,0.7821758078664017,0,0,21.78241921335983,0,2025-03-11 14:20:00
77.36618422348671,1.6086231668598585,20.387223510345176,5.465059223474477,21.848425744266248,117.59789890298254,Welder,True,False,False,False,0.7451511585382187,37,0,6.984884146178132,0,2025-03-11 14:25:00
76.63614043147844,1.731921495884264,17.3153903131017,5.072135476265555,20.058373742026,121.8956181653462,Welder,False,True,False,False,0.7038949385911857,0,0,29.610506140881427,0,2025-03-11 14:26:00
78.65622121616988,2.411030556083112,14.790589980404375,4.926839373030429,20.469714534700294,115.31471161766932,Welder,True,False,False,False,0.8132824804496995,0,0,18.671751955030047,0,2025-03-11 14:31:00
78.08516566688643,2.359789871876476,15.751756282278452,4.533823389511578,18.663955872106584,118.5050800131408,Welder,False,False,False,True,0.7998766156790941,0,0,20.012338432090587,0,2025-03-11 14:32:00
81.20103128831006,2.5639623648263026,19.662422206399512,5.5384413695449926,22.021517128268936,109.90036913028862,Welder,False,True,False,False,0.9403527915912916,47,0,0.0,0,2025-03-11 14:35:00
82.64984872463714,2.118161965449423,20.76027787773703,5.13698035167076,21.738132251764803,117.24755869866183,Welder,True,False,False,False,0.8392891783829842,0,0,16.071082161701582,0,2025-03-11 14:39:00
80.73546651172117,2.2487971317748587,22.07442127943672,4.489051546579753,19.31505682141714,111.15868245249256,Welder,False,True,False,False,0.9401688218990384,0,0,5.983117810096147,0,2025-03-11 14:40:00
77.25474580123316,1.8909280115254912,18.403477309592088,4.836271914165326,18.773627619833466,113.05853784257572,Welder,False,False,True,False,0.7935596410366446,0,0,20.644035896335534,0,2025-03-11 14:43:00
76.47241565772588,2.216284899434444,17.760882486747207,4.008997552548394,18.9195821351181,123.00456891207668,Welder,False,False,True,False,0.6435214530625949,0,0,35.64785469374051,0,2025-03-11 14:45:00
78.08516566688643,1.9334655788851596,17.930871520312394,4.584583657185697,23.727970886800527,120.697262330146,Welder,False,False,False,True,0.7793083211769668,38,0,3.0691678823033186,0,2025-03-11 14:46:00
78.31479705757397,1.935043040739148,21.184049797152166,5.530001861978255,22.15729337781312,118.94836113567254,Welder,False,True,False,False,0.8168617517603,0,0,18.31382482397001,0,2025-03-11 14:52:00
80.54458930845773,1.8290903111222805,17.776305791827372,5.357783537242051,18.8779857700992,120.7205818138984,Welder,False,False,True,False,0.7393918597265622,0,0,26.06081402734378,0,2025-03-11 15:02:00
77.55088379951893,1.89265161996762,17.094619702980932,5.133749898749319,17.322592200691844,123.94866062316004,Welder,False,True,False,False,0.7574619961975776,0,0,24.25380038024224,0,2025-03-11 15:03:00
77.81942548527877,1.3384116881732282,19.13320429678545,5.204100888962008,20.56362032257949,115.45829374146008,Welder,True,False,False,False,0.6896100205198553,34,0,14.038997948014469,0,2025-03-11 15:07:00
75.1586439932857,1.952648747047922,18.555031717763782,5.305561163430258,17.73008079626334,126.3363682315919,Welder,False,True,False,False,0.7687907415408569,0,0,23.120925845914314,0,2025-03-11 15:14:00
76.13619621724943,1.819884292138668,17.723329435967244,4.813509043313156,21.927375177312623,125.59456135853588,Welder,True,False,False,False,0.7199549617291385,0,0,28.004503827086157,0,2025-03-11 15:16:00
80.78761890394607,2.2901534367316847,18.826294951905243,5.330165839129234,18.02286194630674,117.04779614898362,Welder,False,True,False,False,0.8614297048978918,0,0,13.857029510210822,0,2025-03-11 15:20:00
81.2571214349451,2.1481932146616933,17.53358300358721,4.309514415216844,20.91471877981213,120.09629654515606,Welder,False,True,False,False,0.81243896261722,0,0,18.756103738278,0,2025-03-11 15:21:00
87.94293063372714,7.4188542632830226,24.53257298839849,4.935819982693746,20.56656764017075,119.1166245364588,Welder,True,False,False,False,1.0,0,1,0.0,0,2025-03-11 15:22:00
80.91502648269497,6.495999964107508,24.597254181891294,5.3398579130826604,19.52509483564539,127.65023720780816,Welder,False,False,False,True,1.0,50,1,0.0,0,2025-03-11 15:27:00
77.69050735755394,2.273064735099424,18.414278873557137,4.2348594586608685,23.08221472795797,124.2342687158995,Welder,False,False,True,False,0.8358789280269372,41,0,0.0,0,2025-03-11 15:28:00
77.64998653932699,1.6372403866281182,20.956242452198968,5.193536450010584,20.254527636286628,116.94085591630048,Welder,False,True,False,False,0.7734823736000364,0,0,22.651762639996363,0,2025-03-11 15:30:00
79.65700991857994,2.055751288670826,21.040183481982204,4.419266101932626,20.86936677067077,113.94115896255316,Welder,False,False,True,False,0.8406266923789161,0,0,15.937330762108388,0,2025-03-11 15:33:00
76.84488010014198,1.8217367382855,22.102493886538927,5.546224148172871,20.6918423922482,124.11773059920986,Welder,False,True,False,False,0.8145884247014127,40,0,0.0,0,2025-03-11 15:36:00
80.02096211918409,1.6597939442195129,18.588164077586427,4.949136561250047,20.128009663692342,119.09932197795074,Welder,True,False,False,False,0.726063017288465,0,0,27.393698271153497,0,2025-03-11 15:49:00
77.95480278868465,1.8242621829653929,20.92343403251424,4.846762031536082,20.028828278325907,118.4796737096712,Welder,False,True,False,False,0.8094912006777001,0,0,19.05087993222999,0,2025-03-11 15:51:00
77.04478981943946,1.933520091684488,19.94282471534472,4.630771041473769,17.45747331053704,114.39085599793708,Welder,False,True,False,False,0.8045430198348403,40,0,0.0,0,2025-03-11 15:52:00
81.3826150567271,2.293537341699965,17.08965643209247,3.893069830959041,22.20710052224978,118.64747347951912,Welder,False,True,False,False,0.8196077367836271,40,0,0.0,0,2025-03-11 15:57:00
78.08516566688643,2.2871914467780594,20.31448909546205,5.065379098646991,18.5573563688402,120.75923774820784,Welder,False,False,False,True,0.8832538199037848,0,0,11.674618009621511,0,2025-03-11 16:10:00
78.91135792684422,1.8836372654412592,20.36709820516321,4.858538978047379,18.60689552670082,112.17572787522268,Welder,False,False,True,False,0.8043318167501146,0,0,19.566818324988542,0,2025-03-11 16:14:00
77.82098593022785,1.8525314182943209,15.59217270206724,5.518919013570218,20.78239274052876,117.60653905530404,Welder,False,False,True,False,0.7104673041431581,0,0,28.9532695856842,0,2025-03-11 16:16:00
75.66072139526248,1.867020960554629,18.126464293026203,4.656216110620793,21.19949677302136,116.69776315996208,Welder,True,False,False,False,0.7836067017550743,0,0,21.639329824492563,0,2025-03-11 16:24:00
82.53462439608333,2.025228316475059,14.368702048242366,5.248200359639665,16.670016368665436,114.79766346055216,Welder,False,True,False,False,0.7403895908811216,37,0,7.461040911887849,0,2025-03-11 16:27:00
81.81100722574052,2.207273287217658,16.971822391264205,3.908238246030506,21.41982704213521,112.71363170900274,Welder,False,False,False,True,0.820790619330553,0,0,17.9209380669447,0,2025-03-11 16:28:00
73.44177907062324,1.9569021410308645,18.99326922995979,4.980805682059768,19.31996982484912,124.86668724806712,Welder,False,False,True,False,0.789267397189394,0,0,21.0732602810606,0,2025-03-11 16:34:00
80.7391738994927,1.688602593503231,18.66156761307647,4.800319200689628,19.922122461835908,112.45915395313912,Welder,False,True,False,False,0.7375226601837961,0,0,26.247733981620385,0,2025-03-11 16:43:00
78.08516566688643,1.5938735975870724,18.437097134679004,4.712606405935554,22.266924686166117,113.2108839646728,Welder,True,False,False,False,0.7196021475536165,0,0,28.039785244638352,0,2025-03-11 16:44:00
80.14664566333602,1.550245639412691,18.534950777796123,4.60784469940661,17.196538886259685,120.89119871952528,Welder,True,False,False,False,0.6950531453094806,0,0,30.494685469051944,0,2025-03-11 16:51:00
84.02103533632405,1.8462233609064476,18.530327845493176,4.876713628735668,18.902211185212906,115.98234519286454,Welder,False,True,False,False,0.7701609103278694,0,0,22.98390896721307,0,2025-03-11 16:54:00
86.83443995539243,8.159510879154393,23.001638992354717,4.70822518046094,19.105064459024828,117.11389521808944,Welder,False,False,True,False,1.0,0,1,0.0,0,2025-03-11 16:57:00
74.80354846479733,1.309558484699004,18.67169452944014,4.453681628779622,21.050332866923437,117.6546469102809,Welder,False,True,False,False,0.6726326551600696,0,0,32.73673448399303,0,2025-03-11 16:59:00
79.6877290080787,1.943642179697384,16.787832335560683,5.370361670691088,19.91788040648568,121.00523832140848,Welder,False,False,True,False,0.7671900740060846,38,0,4.2809925993915385,0,2025-03-11 17:03:00
82.06257559352275,2.335668379379201,17.026647354236808,5.470883514966766,19.36852119798024,126.45526116351216,Welder,False,True,False,False,0.8549744790500233,0,0,14.502552094997668,0,2025-03-11 17:04:00
78.77998762895923,2.1072984099893266,16.908076145770146,4.6785105356421255,22.524332583421742,112.95548047787298,Welder,False,False,True,False,0.7596586453740118,0,0,24.03413546259881,0,2025-03-11 17:08:00
81.89514402316219,2.271963247132989,20.840369877563894,4.879772243765901,21.07749731479137,115.98295270103782,Welder,False,False,False,True,0.8768941004393954,0,0,12.310589956060454,0,2025-03-11 17:10:00
78.87014811214023,2.216284899434444,19.18422780056984,4.821208978877584,19.848203559023705,122.51818318088932,Welder,False,False,True,False,0.8321730639081818,41,0,0.0,0,2025-03-11 17:11:00
81.08535398692364,1.4174424021861782,21.73813300735652,4.949672259380667,20.450262573926786,114.2787259186769,Welder,False,True,False,False,0.7268840378918182,36,0,9.31159621081818,0,2025-03-11 17:22:00
81.73733906775661,1.5229574507959107,14.669749407391912,4.660438137451815,19.794182445433695,124.99690473196397,Welder,False,False,False,True,0.5990044302112657,0,0,40.09955697887343,0,2025-03-11 17:24:00
81.35940047533785,1.8006046707493812,13.996519665047476,4.476526347604344,20.8451149262332,119.37935812591148,Welder,False,False,True,False,0.6678218522567905,0,0,33.21781477432096,0,2025-03-11 17:25:00
79.25915184313789,1.72915732191116,17.699063717010034,4.938599721772087,19.75563170993565,113.9590377082098,Welder,False,False,False,True,0.7462685996659552,0,0,25.37314003340448,0,2025-03-11 17:26:00
82.7837938144676,1.7557967992125332,18.270857669439916,5.276280355739455,18.884450124642225,119.47589817029768,Welder,False,False,False,True,0.7221232931014204,36,0,9.78767068985796,0,2025-03-11 17:33:00
81.8416818711234,2.401090722066788,18.437097134679004,5.365442887027214,21.64735370528514,124.26007517454248,Welder,False,True,False,False,0.919354624644575,0,0,8.064537535542499,0,2025-03-11 17:37:00
75.27230185396773,2.0545969647868394,15.26777183813263,4.816640654714883,19.55885853741705,125.23439516161643,Welder,False,False,True,False,0.7260058867524114,0,0,27.39941132475886,0,2025-03-11 17:41:00
76.61061532630117,1.9705070457636875,18.16368866905908,5.136839792622952,20.661135131658146,108.58359771236384,Welder,True,False,False,False,0.772692537184848,38,0,3.730746281515195,0,2025-03-11 17:43:00
77.37761588941014,2.109368443206637,18.926603020468463,4.430011531273835,18.798169460280675,115.2628855249077,Welder,False,False,True,False,0.8304129509723223,0,0,16.958704902767778,0,2025-03-11 17:46:00
84.80511628076218,1.7534555514735963,17.257485258659212,4.793812290766456,17.39639909457856,124.28661095953088,Welder,False,True,False,False,0.7266028512157975,36,0,9.339714878420253,0,2025-03-11 17:53:00
79.28375256674448,2.390777119035869,18.437097134679004,4.807935086722782,23.66268287799465,118.22895119167276,Welder,True,False,False,False,0.8886075075430139,0,0,11.139249245698608,0,2025-03-11 17:54:00
80.23127449608432,2.1529067693673967,18.857935897097036,4.817320342122595,19.947024710607657,124.83441708377872,Welder,False,False,True,False,0.8139078403879098,40,0,0.0,0,2025-03-11 17:57:00
80.19884588248426,1.5555257685345896,16.12833754041887,5.62171297664441,20.431879431869,113.99232302630357,Welder,False,False,False,True,0.6397932000744583,31,0,20.52067999255417,0,2025-03-11 18:04:00
80.6830173965473,1.5963993537754275,19.06068580334116,5.021353708991609,20.12601528638653,119.17079547168998,Welder,False,False,True,False,0.7167142252201169,0,0,28.32857747798832,0,2025-03-11 18:08:00
83.50824487369391,1.9156507872606328,18.60898440336029,5.251241187933482,18.816130107670705,118.20153667149587,Welder,True,False,False,False,0.7634866302659885,38,0,4.651336973401143,0,2025-03-11 18:09:00
76.02142797256664,2.158351804974676,19.246684601349656,5.116906182462285,20.255015328470314,126.308805801975,Welder,False,False,True,False,0.8307969654791371,41,0,0.0,0,2025-03-11 18:11:00
75.80804575713358,2.270518609142082,18.320537714835154,5.038995575609479,21.135090504280143,123.0096811855162,Welder,False,False,True,False,0.8578866379634541,0,0,14.211336203654596,0,2025-03-11 18:15:00
79.90920724319218,2.2352439249060496,17.152332923587032,4.9093351185104,23.07726419612837,119.79271018835108,Welder,False,True,False,False,0.8092352608271106,0,0,19.076473917288936,0,2025-03-11 18:16:00
80.84407536665695,1.77018643927988,19.4682126716145,4.818696189621183,21.729754547682266,116.58729976923227,Welder,False,True,False,False,0.7460360131049354,0,0,25.39639868950645,0,2025-03-11 18:18:00
81.4521596892641,1.8142631155250208,18.56407242092444,4.898156805594446,21.54079218236429,125.15869490257028,Welder,False,False,False,True,0.7564256910738046,37,0,5.857430892619533,0,2025-03-11 18:25:00
72.97152590684051,1.6454054011795345,21.5259593050748,4.996655685091417,21.352647031910426,119.13984318942164,Welder,False,True,False,False,0.7787508101184595,38,0,3.1249189881540502,0,2025-03-11 18:28:00
76.62261393907022,1.8857709788414587,21.366629151855054,5.191539029287094,22.28127684809567,119.14414402379232,Welder,False,False,False,True,0.8065398160390047,0,0,19.346018396099524,0,2025-03-11 18:32:00
75.12065305167846,1.6376721822369944,15.762953031576735,4.918732588406129,22.67303616905221,117.56709376822631,Welder,False,False,False,True,0.6870666169166254,34,0,14.293338308337454,0,2025-03-11 18:36:00
77.33767452509645,1.855104822178148,17.3997424263436,5.3029216895098985,22.195153481391493,112.3290951965639,Welder,False,False,False,True,0.7555845941766595,0,0,24.441540582334056,0,2025-03-11 18:39:00
77.76454000172222,2.159204936903014,15.991324347412188,5.24205320630358,20.22051625041929,133.64249872648304,Welder,True,False,False,False,0.7888458802183815,39,0,1.6154119781618448,0,2025-03-11 18:40:00
81.13137535417955,1.8009691528341536,18.253649370269923,4.887886914769128,21.705588290068285,113.18297876331243,Welder,False,False,False,True,0.7683251061074885,38,0,4.167489389251145,0,2025-03-11 18:41:00
75.01877240817493,1.905592751363572,18.353524206500527,5.164828454826409,19.692061217557228,111.1398608578798,Welder,False,True,False,False,0.7573769684597829,37,0,5.7623031540217085,0,2025-03-11 18:43:00
77.50622262839248,2.1847901018140514,17.90246869631377,4.723578249042442,20.385027846337216,126.30749495401191,Welder,True,False,False,False,0.8243307279844201,41,0,0.0,0,2025-03-11 18:47:00
81.33616564255554,2.216284899434444,22.481853112411585,4.678655826893722,19.37928482206716,119.25094640627104,Welder,True,False,False,False,0.8132126029635413,40,0,0.0,0,2025-03-11 18:49:00
81.61063072680737,1.9002261860450376,18.694794972869524,4.567893176087723,20.166902778751236,120.72026115763248,Welder,False,False,True,False,0.7976605706295707,0,0,20.23394293704293,0,2025-03-11 18:55:00
75.82470064475375,2.2873981824440057,16.12306578851783,5.160879129964941,22.18874149128304,111.85395480459974,Welder,False,False,False,True,0.8123012696110672,0,0,18.76987303889328,0,2025-03-11 19:04:00
80.8371347892134,2.299179670297662,15.674122026294176,4.986171109805673,16.529210756589688,121.25934724159012,Welder,False,False,True,False,0.7855410732068789,39,0,1.9458926793121092,0,2025-03-11 19:08:00
79.22346108459207,1.9800653074071632,19.9060189964281,4.8790601734673,20.45268789597931,118.89572859935224,Welder,False,False,False,True,0.8340825147986408,41,0,0.0,0,2025-03-11 19:10:00
81.40873054721983,2.3805749706942407,17.27337598322291,3.671554177764344,21.281940965826053,120.00827927810975,Welder,True,False,False,False,0.8702171101971229,0,0,12.978288980287717,0,2025-03-11 19:18:00
80.49264990154099,2.427388319623173,20.985905245507656,5.225469461708062,19.307036603043077,123.20812616220604,Welder,False,False,False,True,0.9460540280080848,47,0,0.0,0,2025-03-11 19:21:00
79.86054893310913,2.2646859477797645,20.958963523721746,5.139069416898,21.43888006467356,112.90087343271216,Welder,True,False,False,False,0.8866462422318773,0,0,11.33537577681227,0,2025-03-11 19:23:00
80.69964366713886,1.771523640489134,16.68195234668066,4.128084535443902,19.85295339308032,122.08540249004322,Welder,False,True,False,False,0.7372214897700825,36,0,8.277851022991754,0,2025-03-11 19:24:00
80.17493242884234,1.9775220331644656,20.738189165525704,4.714548442718213,19.66073706847886,117.12470901906316,Welder,True,False,False,False,0.8216935472191305,41,0,0.0,0,2025-03-11 19:33:00
80.29675862236734,2.2421139249820063,19.65284464838353,5.170950418188319,18.800385667834203,107.8931012406136,Welder,True,False,False,False,0.8606678824892761,0,0,13.933211751072392,0,2025-03-11 19:35:00
76.36813896453877,2.3359063335660144,17.5492970299116,4.445855792622202,17.769065310188857,120.70855895158756,Welder,False,True,False,False,0.8455514769553003,0,0,15.444852304469975,0,2025-03-11 19:36:00
77.2432770762499,2.13801269715814,19.783681159189623,4.65778892482375,22.125251123208205,120.77425224155192,Welder,True,False,False,False,0.8261095280593065,0,0,17.38904719406935,0,2025-03-11 19:43:00
78.45687182498945,1.6930240329873247,19.602363527976365,4.847291521330383,23.028798879066898,116.65321951874851,Welder,False,False,True,False,0.7760159646533531,0,0,22.39840353466469,0,2025-03-11 19:51:00
83.31739838604716,2.0247325299904526,17.68915513494448,6.315104474955495,23.222358802936466,116.31967390729676,Welder,False,False,False,True,0.7634594077960318,0,0,23.654059220396817,0,2025-03-11 19:56:00
80.06687143551272,1.7757633038125364,18.29761752335918,4.935342482208555,19.556778779148825,120.05584004753165,Welder,False,False,True,False,0.7350648229045971,36,0,8.4935177095403,0,2025-03-11 20:05:00
82.08110304928427,2.441475524770968,19.762117784114867,4.807932166317106,19.215343539673256,128.10079342478355,Welder,False,False,True,False,0.9112029462514042,0,0,8.879705374859583,0,2025-03-11 20:15:00
79.23664409843715,1.9934429757673628,18.094597486257456,4.762880306728541,18.70014416836176,124.9426305232372,Welder,False,False,False,True,0.7946041143247979,39,0,1.0395885675202123,0,2025-03-11 20:16:00
78.54590200728745,2.442533709292957,17.126970273468913,4.046895059170774,24.928585570522763,113.45873372287814,Welder,False,False,True,False,0.8511423950434338,0,0,14.885760495656626,0,2025-03-11 20:18:00
83.50041302856975,1.9419717114256383,20.14336074778118,4.559469348492116,21.042749026427384,120.7782914883587,Welder,False,False,False,True,0.7961125388153714,0,0,20.388746118462866,0,2025-03-11 20:19:00
78.83163848459229,2.065516696263252,18.590449516690484,4.74917966182106,24.103940239075232,121.28288697924654,Welder,False,False,False,True,0.8141286513096294,0,0,18.587134869037055,0,2025-03-11 20:20:00
84.11719715902139,2.642902116375473,18.978356701275587,5.090617100372398,22.67095789921656,130.50493594906555,Welder,True,False,False,False,0.9317608596405552,0,0,6.823914035944469,0,2025-03-11 20:24:00
84.33382269264706,2.0476268152812627,17.941296595768613,5.50503096278566,19.13699394793538,122.09670936230812,Welder,True,False,False,False,0.7852906202408022,39,0,1.9709379759197816,0,2025-03-11 20:26:00
76.33564344067291,1.4620770806262833,17.985038406518505,4.82638665827056,20.059699181174025,119.19286050983592,Welder,True,False,False,False,0.666717288456278,0,0,33.3282711543722,0,2025-03-11 20:31:00
82.33453791783921,1.9190144309524508,18.806599208333648,5.236720476458006,20.626188547044748,112.46207432618031,Welder,True,False,False,False,0.7612242175214423,0,0,23.87757824785577,0,2025-03-11 20:34:00
83.29920715601523,1.8133189331318007,17.329666053547232,4.442188624853809,19.035274384816017,123.14567649128892,Welder,True,False,False,False,0.7106001372552201,0,0,28.939986274477988,0,2025-03-11 20:45:00
80.50553586245154,1.8176528322153127,17.770098137016316,5.314050634184022,20.49958765260057,112.75937612361564,Welder,True,False,False,False,0.7316821490039362,0,0,26.83178509960638,0,2025-03-11 20:49:00
84.41487586212392,2.017534844211695,18.075106153321126,3.836535702207798,19.145554885180434,126.67726530850872,Welder,False,False,True,False,0.8121394488995278,0,0,18.78605511004721,0,2025-03-11 20:53:00
80.6750905874465,2.216284899434444,16.206828918705618,5.116015121221561,20.165503149739063,122.67031478158476,Welder,False,False,False,True,0.7153057185719935,0,0,28.46942814280065,0,2025-03-11 20:58:00
79.22752405280237,2.0563401014127565,18.437097134679004,5.157596228870003,21.6617349236252,119.58704837291744,Welder,False,False,True,False,0.8358736757215774,41,0,0.0,0,2025-03-11 20:59:00
77.96968206878974,1.763847779003901,20.98334771760361,5.238432597652995,18.59448952813084,120.1605772771616,Welder,False,False,False,True,0.7866086512899388,39,0,1.8391348710061093,0,2025-03-11 21:00:00
82.9034708861026,2.2887508657400306,16.9587387868754,5.158527872803145,18.24400620469972,129.60618708544806,Welder,True,False,False,False,0.8350634766123989,41,0,0.0,0,2025-03-11 21:03:00
79.04076174495134,1.7718909076351608,20.43289477455416,5.172057189726148,19.48815316846487,115.17671205552472,Welder,True,False,False,False,0.7889743884623379,39,0,1.602561153766203,0,2025-03-11 21:26:00
79.54309812172194,2.1147299947077607,15.474270492543644,5.169051446877027,21.384630938675198,132.12706295901947,Welder,False,False,False,True,0.7332494947333164,0,0,26.67505052666837,0,2025-03-11 21:28:00
78.15095486697214,1.7065076150532508,16.018753553245485,5.427778955249676,17.25775260810929,116.2294376010447,Welder,False,False,True,False,0.6733228444939157,33,0,16.167715550608435,0,2025-03-11 21:36:00
86.63852463541744,2.1658715685798446,19.517963390920222,5.073907460099609,19.48550866159665,117.61994999989574,Welder,False,False,False,True,0.8575130057541043,0,1,14.248699424589574,0,2025-03-11 21:38:00
80.39211644562442,1.8966568373742645,19.08003560344628,4.898765263594355,20.752778074039835,124.30092605390922,Welder,False,True,False,False,0.7643617281571462,0,0,23.563827184285373,0,2025-03-11 21:43:00
71.07011757127057,1.9355135485763144,16.371194358013618,4.62288990390781,19.93075708404504,120.10402011886272,Welder,False,False,True,False,0.737967623097947,0,0,26.2032376902053,0,2025-03-11 21:59:00
78.8710755655332,2.072263027160122,20.441101207862467,5.225799281618999,20.429410005166165,114.37024551932303,Welder,False,False,False,True,0.8461107001929905,42,0,0.0,0,2025-03-11 22:02:00
81.32527360473068,2.233081010879455,16.937177197723152,5.34695779719919,21.41555245159976,123.38050806824955,Welder,True,False,False,False,0.8158293819493403,0,0,18.41706180506597,0,2025-03-11 22:07:00
75.54835579018713,2.0048374363701416,17.14192550381467,4.782290226830185,19.92132845052632,115.50276011870164,Welder,True,False,False,False,0.7562809976621856,0,0,24.37190023378145,0,2025-03-11 22:16:00
78.08516566688643,2.042991891500001,14.590428188419772,4.568902426027862,20.86995825655041,112.78555712971152,Welder,False,False,True,False,0.7004906322725795,35,0,12.450936772742054,0,2025-03-11 22:17:00
80.93378132283512,1.7223823227071131,17.040063707702547,5.0903152136342085,18.584022476978166,115.60196845418004,Welder,False,False,False,True,0.6868311391362892,0,0,31.31688608637107,0,2025-03-11 22:19:00
74.96812016705252,2.141943635980336,19.31726390558102,5.265309352505791,19.83296839642173,120.93463526277247,Welder,False,False,True,False,0.8283040132845851,41,0,0.0,0,2025-03-11 22:22:00
83.74951669245027,1.7891265685881297,18.464389009284652,6.040991949949725,19.68476659371369,126.40989181188344,Welder,True,False,False,False,0.7731099472622812,38,0,3.6890052737718833,0,2025-03-11 22:23:00
83.99822681743083,2.2991178069360925,18.625644473533693,4.860230019745717,19.3497322681947,117.3034353819451,Welder,False,False,True,False,0.8477993745845304,0,0,15.220062541546966,0,2025-03-11 22:28:00
84.05685774166972,1.661045042834432,20.795688614063,5.08698939320569,19.16177556239481,108.8010418481694,Welder,False,True,False,False,0.7777892509736188,38,0,3.2210749026381222,0,2025-03-11 22:30:00
79.4643726832555,1.7528489391076538,20.38234608988019,5.363140953963948,21.003446722577277,112.78442355411094,Welder,False,False,False,True,0.804109852156846,0,0,19.589014784315395,0,2025-03-11 22:31:00
79.78486399749622,1.925189112448256,19.877938937409585,5.870928152416889,19.116962450796088,114.01416703654886,Welder,False,True,False,False,0.8185993449988398,0,0,18.140065500116023,0,2025-03-11 22:36:00
75.08191005793634,1.6510872049146197,17.872244334337307,4.2700089012155535,19.22930037093795,128.36494851422475,Welder,True,False,False,False,0.7222585727902802,0,0,27.77414272097198,0,2025-03-11 22:37:00
86.3040008620013,2.0097188641050736,16.002127247508817,4.749188859267842,18.096873488598074,115.28518313775118,Welder,False,False,True,False,0.7444660429895402,0,1,25.55339570104597,0,2025-03-11 22:39:00
82.94746168208054,2.321762539871828,15.802641253131233,5.597571257456879,19.976468049864597,126.37029821633398,Welder,False,True,False,False,0.8215248146157444,0,0,17.84751853842556,0,2025-03-11 22:42:00
80.35547021870815,2.428628048611031,18.08913922177854,4.867736535049468,19.59333546102981,115.24979059867093,Welder,False,False,False,True,0.8855050547162517,44,0,0.0,0,2025-03-11 22:43:00
80.43110894113455,1.4110132556483077,20.209994403608828,5.390905348121249,19.85067397522255,121.67563066536832,Welder,False,True,False,False,0.7112683123946217,0,0,28.873168760537823,0,2025-03-11 22:46:00
77.22544510124364,2.3145199663440623,20.515226225153302,4.9802133714707,21.030163233571496,127.390919678195,Welder,False,False,True,False,0.8918568284091724,0,0,10.814317159082762,0,2025-03-11 22:48:00
82.73466117586037,2.1704820131458358,17.80970375384536,5.146879919510155,16.758416003976095,124.2786766043042,Welder,False,True,False,False,0.83337075433554,41,0,0.0,0,2025-03-11 22:52:00
79.57041990206584,1.8502583145588904,17.6576412604072,5.203954899168478,18.894107485412057,112.7719489961172,Welder,False,False,True,False,0.7711347286848987,38,0,3.886527131510121,0,2025-03-11 22:56:00
80.62665619920352,1.7577225979705111,14.581547201594809,5.458785147302068,22.72861578529371,116.13663304669772,Welder,False,False,False,True,0.6600293381252401,0,0,33.997066187475994,0,2025-03-11 22:58:00
76.87656816925634,2.099575534312366,20.828220781213563,5.437015133443321,22.40284818738497,132.26969336462696,Welder,False,False,False,True,0.853673543792777,0,0,14.6326456207223,0,2025-03-11 23:09:00
80.87231042854846,1.6916228704967784,18.437097134679004,4.820561250756352,18.694755263330148,130.8198816665079,Welder,True,False,False,False,0.6919872490377992,0,0,30.80127509622008,0,2025-03-11 23:11:00
75.24881497107856,1.8820729397895613,17.047874884444266,4.763513752303051,19.55964974511367,122.752867968508,Welder,False,False,False,True,0.7358302327766014,0,0,26.416976722339854,0,2025-03-11 23:13:00
83.26464170655875,1.5296035203319198,17.018775531946694,5.619203288327477,21.35166767159326,117.70262284023678,Welder,False,True,False,False,0.6851993959582795,34,0,14.48006040417205,0,2025-03-11 23:14:00
82.70783660659137,1.5522613189982022,17.434481344741265,4.7486229243378615,19.08234820671092,124.41462402793375,Welder,False,False,True,False,0.6703759931476232,0,0,32.96240068523768,0,2025-03-11 23:15:00
77.45328705230504,1.69960560374061,15.75820605246368,5.040569185695863,23.21516722781547,113.92228393974472,Welder,False,True,False,False,0.6944511613250782,34,0,13.55488386749218,0,2025-03-11 23:16:00
84.3260916982047,1.8481432816743992,18.49454290421751,4.960962443938234,20.43083051776292,127.38963368079769,Welder,False,False,False,True,0.7768139060871977,38,0,3.318609391280233,0,2025-03-11 23:20:00
83.43072320391667,1.4175296598139338,16.765428586242226,4.1753907551551,20.24084317744613,118.04866234534192,Welder,False,True,False,False,0.6443131169393166,0,0,35.56868830606834,0,2025-03-11 23:26:00
75.23142851644496,1.2845283473148252,20.404498006722346,4.679929880534358,20.84572483907976,117.0991813893774,Welder,True,False,False,False,0.7111874510492631,0,0,28.881254895073692,0,2025-03-11 23:27:00
78.55230307547427,2.245921915177429,18.57277348791078,4.603738369000305,19.77125048253512,122.36670591692572,Welder,False,False,False,True,0.86011860020532,0,0,13.988139979468002,0,2025-03-11 23:32:00
77.94522396339099,2.6406760190232097,17.01691117238619,5.445544959192889,18.30655510230025,114.79497390858108,Welder,True,False,False,False,0.878680599911114,43,0,0.0,0,2025-03-11 23:38:00
76.63982841669228,1.920322210021277,15.786534024541098,5.619927442531336,22.452571505929185,118.3033207779197,Welder,False,False,False,True,0.7436763294632038,0,0,25.632367053679616,0,2025-03-11 23:55:00
84.97834048257634,1.670325123581542,20.659588730410157,5.450557379888826,19.3238232603598,127.19014360936632,Welder,True,False,False,False,0.7514906862005275,0,0,24.85093137994725,0,2025-03-12 00:00:00
81.9281862070541,1.973436735625096,16.386960335086876,5.800768983699345,18.05760217198961,121.4490559778331,Welder,False,False,True,False,0.7634594423410347,0,0,23.65405576589653,0,2025-03-12 00:02:00
73.71015654500167,1.9153622669198267,23.536747211251885,4.661440677688925,17.59031164843938,115.58805348460687,Welder,False,False,True,False,0.9028167721012216,45,0,0.0,0,2025-03-12 00:10:00
80.48215925072607,1.7279291375833816,20.98741951801107,4.598679267609802,22.38833761047316,121.63426203130469,Welder,False,False,True,False,0.8070910959818383,0,0,19.29089040181617,0,2025-03-12 00:13:00
85.75352732436538,1.2948632442126915,19.222141810221142,4.85634734875645,19.722101127604464,121.1365689774616,Welder,False,True,False,False,0.6645497685075691,0,1,33.54502314924309,0,2025-03-12 00:14:00
77.95087091879716,1.7408060452771763,16.133761822627715,5.573553787278508,20.46708490654464,128.0667946453974,Welder,False,True,False,False,0.7207268227238449,0,0,27.927317727615502,0,2025-03-12 00:16:00
80.86731034315662,2.5976109907877927,20.287132089857227,4.992664773346516,17.90098542832119,112.64394127860425,Welder,False,True,False,False,0.9293863187720716,0,0,7.061368122792828,0,2025-03-12 00:32:00
77.94390962109038,1.9481462975557664,18.04024225916172,5.119917949665266,18.752043337882203,120.42738625174148,Welder,True,False,False,False,0.7717586817023656,0,0,22.824131829763445,0,2025-03-12 00:40:00
74.73876802498152,2.132695060449345,16.655212831346997,5.25852806525433,19.77801687871572,111.56714878459282,Welder,False,False,False,True,0.7812917885805551,0,0,21.87082114194449,0,2025-03-12 00:42:00
80.37754818723117,2.0327248911049494,18.814180766797666,4.895287711062918,19.770379243277898,118.7543949825564,Welder,True,False,False,False,0.8104166715152871,40,0,0.0,0,2025-03-12 00:45:00
82.14691754013805,5.505854012665022,23.767257891450463,5.038011154108829,20.05093532774775,115.6820080363409,Welder,False,False,False,True,1.0,0,1,0.0,0,2025-03-12 00:48:00
80.8675396998618,1.826565962385307,18.25999645160319,5.165501681178955,21.14968393977456,118.46584127805704,Welder,False,False,True,False,0.7450833658541175,0,0,25.491663414588245,0,2025-03-12 00:50:00
78.78284732815197,2.1311380339193158,19.87473482850736,5.290167530863107,22.55145727912475,114.35092484867718,Welder,False,False,True,False,0.8476501566897063,0,0,15.234984331029366,0,2025-03-12 00:57:00
