temperature,vibration_level,power_consumption,pressure,material_flow_rate,cycle_time,machine_type,machine_M001,machine_M002,machine_M003,machine_M004,error_rate,downtime,maintenance_flag,efficiency_score,production_status,timestamp
80.87707570955077,2.1755898309549013,16.012813992137104,5.412955759250559,18.375739206697485,123.06205826457688,Conveyor,False,False,False,True,0.7770729421913675,38,0,3.2927057808632583,0,2025-03-10 08:01:00
76.4961977103765,2.2459775757905702,16.490267606856158,4.61878381465406,21.09068372222824,118.9902696562349,Conveyor,False,False,True,False,0.796480892485538,39,0,0.8519107514461979,0,2025-03-10 08:03:00
86.60067370881524,6.947796744860119,28.25262084160412,4.56072544648874,18.736556424844892,120.3292424878296,Conveyor,False,False,True,False,1.0,0,1,0.0,0,2025-03-10 08:11:00
76.1679014257082,1.9654327302343408,20.18959700445465,4.68102475317196,19.015947862639017,127.60332086490592,Conveyor,False,False,False,True,0.8403599457734064,0,0,15.964005422659357,0,2025-03-10 08:18:00
73.26588313698299,2.060137889424119,15.305492164837302,5.203805425571875,21.984389240503297,129.32863677984227,Conveyor,False,True,False,False,0.743839363642197,37,0,7.116063635780293,0,2025-03-10 08:26:00
79.1782146455149,2.1826716068763896,16.202400379512326,4.92506787607148,19.172487292929983,118.38725644886688,Conveyor,False,True,False,False,0.7873001366105374,0,0,21.269986338946254,0,2025-03-10 08:27:00
75.34397587865797,2.324564567211362,16.37026370218131,4.935293087533732,19.15675648709791,118.10046016729711,Conveyor,True,False,False,False,0.6950562477196429,0,0,30.494375228035707,0,2025-03-10 08:37:00
83.94585666261939,7.256574342135263,24.08120608745352,5.243695532355901,21.610049873667457,121.8980502820724,Conveyor,False,False,True,False,1.0,0,1,0.0,0,2025-03-10 08:40:00
66.26626801223327,1.3308595942626624,25.05811037514097,5.191975896459312,18.12315812693349,124.73910388206234,Conveyor,False,False,False,True,0.7864542511631794,0,0,21.354574883682066,0,2025-03-10 08:43:00
88.24288421437217,2.324564567211362,23.257803343848938,4.597122004989209,19.573718176767837,113.08491095627762,Conveyor,False,False,False,True,1.0,50,1,0.0,0,2025-03-10 08:44:00
73.93001194451536,2.2087591517281355,16.922419390846578,5.193013483928474,21.05594701519135,122.5570762751094,Conveyor,False,False,True,False,0.8212229150587431,0,0,17.877708494125685,0,2025-03-10 08:47:00
72.19076383460308,1.5929193290901271,19.89361513302374,5.569581538216466,19.18075084367297,112.078362110758,Conveyor,False,False,True,False,0.7569564286479972,0,0,24.30435713520028,0,2025-03-10 08:52:00
87.2401664560133,7.02593554599525,24.996154775350547,4.39967919389513,21.23288222362385,109.92389047283812,Conveyor,True,False,False,False,1.0,0,1,0.0,0,2025-03-10 08:57:00
77.29322148010479,1.73652102415296,15.67189873518835,4.870769702929191,22.52114857008229,122.9666829981568,Conveyor,False,False,True,False,0.6640897384516091,33,0,17.091026154839085,0,2025-03-10 08:58:00
76.41980179424957,2.4490131222337945,16.21886237881797,5.147705511059962,20.184528010290133,126.39242603725836,Conveyor,False,False,True,False,0.8303238102558753,0,0,16.967618974412474,0,2025-03-10 09:01:00
74.65313339039726,1.5345463252823213,21.50185188385429,4.840091795422777,22.812838082725083,128.43003474885222,Conveyor,False,True,False,False,0.7655226126854184,0,0,23.44773873145816,0,2025-03-10 09:10:00
72.90965969469818,2.198615550427542,17.936962973343793,5.062858313481014,20.156771054113733,132.05820095894285,Conveyor,False,True,False,False,0.8246893706875823,0,0,17.531062931241763,0,2025-03-10 09:11:00
74.71487831074893,2.554808642415914,16.738307194105623,4.5730264268158,18.53670059657805,116.21609816489568,Conveyor,False,True,False,False,0.8726091884743135,43,0,0.0,0,2025-03-10 09:13:00
72.77320790678458,2.252931599696972,18.86470542840068,4.496374035420723,21.151906495274805,127.37727065521148,Conveyor,True,False,False,False,0.860619946191727,43,0,0.0,0,2025-03-10 09:14:00
75.79644883257022,1.653075254976843,15.356888426977898,5.146642498805522,19.836727062396257,116.5194147432685,Conveyor,False,False,False,True,0.6732171632023273,0,0,32.67828367976728,0,2025-03-10 09:17:00
72.86337408931237,2.388495675445087,18.49496109528021,4.912797747551551,21.848306356120865,118.14743321703064,Conveyor,False,False,True,False,0.8795956037498615,0,0,12.04043962501386,0,2025-03-10 09:24:00
74.38539000229835,1.8616490803896144,20.89312658250273,5.254763231601194,19.644031648707173,124.12350870393048,Conveyor,False,False,False,True,0.7999275318422872,0,0,20.00724681577128,0,2025-03-10 09:28:00
71.26670675709569,2.166016694922328,19.920610336173336,4.917073561596702,22.45568268500256,118.71341749705368,Conveyor,False,True,False,False,0.8654123039005309,0,0,13.458769609946913,0,2025-03-10 09:35:00
78.91814040082726,1.8266237669501868,19.796234648244692,4.82937149886777,16.663423837086697,106.91443441284396,Conveyor,True,False,False,False,0.791154517204432,0,0,20.8845482795568,0,2025-03-10 09:39:00
75.8323129347218,2.264344016244011,17.26443094685789,4.844238575389849,20.505354895964924,126.66967819943974,Conveyor,False,False,True,False,0.8462915071154161,0,0,15.370849288458388,0,2025-03-10 09:40:00
76.64054138452249,1.8232003305717916,15.070050507790222,5.223478113168728,20.612728007219705,113.5582429039798,Conveyor,False,True,False,False,0.6766964974790441,0,0,32.330350252095585,0,2025-03-10 09:44:00
90.418120188644,8.073301450562395,18.802947763340796,4.64289067708954,17.712221845006702,125.42835954591818,Conveyor,False,False,False,True,1.0,50,1,0.0,0,2025-03-10 09:47:00
75.14694522121172,1.3490967746822893,23.33381044464002,5.0431040221810175,20.448799649133345,115.32695543704884,Conveyor,False,False,False,True,0.7549420235949781,0,0,24.505797640502195,0,2025-03-10 09:50:00
86.8498989654442,6.984196726800411,25.691798692465348,5.045938036111101,20.120543488944545,121.44915020935356,Conveyor,False,False,False,True,1.0,0,1,0.0,0,2025-03-10 09:55:00
75.21406731637269,2.07968509795176,17.845011400214023,4.755030843639653,19.47517197631549,110.87243945507645,Conveyor,True,False,False,False,0.8197362036603157,0,0,18.026379633968432,0,2025-03-10 09:59:00
74.26031747713876,2.1973289528451123,18.586657318471552,4.208392522604115,19.72878883236916,125.28521709582682,Conveyor,False,False,False,True,0.8113534250119087,0,0,18.864657498809137,0,2025-03-10 10:00:00
77.72336311445838,1.6439019835082769,15.867935656744638,5.345101836781074,19.460133359649998,125.97970953717652,Conveyor,False,True,False,False,0.6788949563435152,0,0,32.11050436564848,0,2025-03-10 10:02:00
72.64871102021175,2.317344254246239,17.896915582784697,4.667971801948305,23.046738069609848,124.40873200380004,Conveyor,False,False,True,False,0.8636419080947209,43,0,0.0,0,2025-03-10 10:03:00
74.34299027479241,1.7193211103712722,20.32812030517188,4.7452494103174265,19.58201549918104,123.06442035881592,Conveyor,False,False,False,True,0.7644411257267114,0,0,23.55588742732885,0,2025-03-10 10:05:00
71.21858893759175,1.9466246372586808,20.69835809777741,5.617018884549647,19.418767005095464,116.92343058963148,Conveyor,False,True,False,False,0.8475503660200812,0,0,15.24496339799188,0,2025-03-10 10:06:00
72.80046147573587,1.726156724211046,18.048863680356067,4.432049134291629,19.6292425816334,129.28925075645333,Conveyor,True,False,False,False,0.7102215244486207,0,0,28.977847555137927,0,2025-03-10 10:07:00
73.83160578115537,1.8747708854031704,18.641995127372045,5.045790423527512,19.503141036682408,120.21562715476524,Conveyor,False,False,False,True,0.7780664599264356,0,0,22.193354007356437,0,2025-03-10 10:08:00
76.05201908257308,2.104502521773838,21.12051105906186,5.330735452283646,17.434737347912307,116.7546183321668,Conveyor,False,False,False,True,0.8893978630535815,44,0,0.0,0,2025-03-10 10:10:00
75.84713817655891,1.730650980072311,14.096794174234226,4.958396308910122,21.555757208798006,115.3441736961152,Conveyor,True,False,False,False,0.6287004422107901,0,0,37.12995577892099,0,2025-03-10 10:11:00
79.55291297275691,1.9840679594909267,17.955127896038853,4.847347561834716,18.965516742648585,127.2517012937953,Conveyor,False,False,False,True,0.7633000117108911,0,0,23.66999882891089,0,2025-03-10 10:20:00
78.18492771200856,2.0504046021597584,19.176153350335664,4.930582232975445,20.380525331447146,116.36502587141472,Conveyor,False,False,False,True,0.8059532333242165,40,0,0.0,0,2025-03-10 10:22:00
77.14824878888236,2.0650049356892857,19.53806331088455,5.312543247922606,21.160815760164237,117.09822498573637,Conveyor,True,False,False,False,0.8130186108842091,0,0,18.698138911579093,0,2025-03-10 10:28:00
75.31065260369465,1.6879418840552307,18.586657318471552,5.152497862064839,21.07182464219526,119.47237530614522,Conveyor,True,False,False,False,0.7672399154627823,0,0,23.27600845372177,0,2025-03-10 10:32:00
70.98157097250218,1.4536741792116512,19.42949129977789,4.961515095183769,20.20091282442802,128.3152112979806,Conveyor,True,False,False,False,0.6987732439033008,0,0,30.12267560966993,0,2025-03-10 10:34:00
73.66559156620602,2.1110635669825224,19.41491542172876,5.214722987689962,19.25468580898771,127.2568773053519,Conveyor,False,False,True,False,0.823823706097798,41,0,0.0,0,2025-03-10 10:36:00
71.91900288333927,1.7101529829888749,19.46416190286605,4.796922348644116,21.360305801915427,120.6909637389566,Conveyor,True,False,False,False,0.741040847937983,0,0,25.895915206201707,0,2025-03-10 10:45:00
78.45487094583136,1.9761834726782888,17.38186752652348,4.149266604880294,19.436107631792964,121.48066794942802,Conveyor,False,False,False,True,0.7544050335288077,0,0,24.559496647119232,0,2025-03-10 10:46:00
75.11227607085316,1.909860215383789,18.80964681761653,5.012648789564099,20.39177681191944,117.05923437339716,Conveyor,False,False,True,False,0.8027238333871742,40,0,0.0,0,2025-03-10 10:47:00
77.35304412907215,1.6983195872931602,17.92980706643081,5.108673433800012,21.187617911013085,127.2539973315437,Conveyor,False,False,True,False,0.7084960791081167,0,0,29.15039208918833,0,2025-03-10 10:48:00
72.7448131148583,1.7311002024223816,16.88644245431327,4.436415701283185,21.18091443968437,124.35408775931732,Conveyor,False,False,False,True,0.7114003860313086,0,0,28.85996139686914,0,2025-03-10 10:54:00
78.73214005881567,2.06579070116013,18.065277673381743,5.110000919316724,20.6893632324666,123.717553351673,Conveyor,False,True,False,False,0.8038490238421143,40,0,0.0,0,2025-03-10 10:55:00
80.28792125911721,1.8288078709399664,18.79893874520437,5.518082829067858,20.065862452815736,123.5374360360268,Conveyor,False,False,True,False,0.762315185015557,0,0,23.768481498444302,0,2025-03-10 10:57:00
72.6600735422947,2.255740593029885,18.6209455083615,4.93517515918527,20.865893550801378,121.87453843150388,Conveyor,True,False,False,False,0.8259970958129319,0,0,17.400290418706817,0,2025-03-10 10:58:00
77.60067555761053,1.7751926931731667,21.21071192472361,4.629534694606717,18.753068156777164,117.77760235061147,Conveyor,False,True,False,False,0.8207399990117726,0,0,17.92600009882274,0,2025-03-10 11:06:00
72.40125443819154,2.5461631723825446,16.135257513636027,5.2908671955568405,20.594941908832187,125.70006643200392,Conveyor,False,True,False,False,0.8751285994726514,0,0,12.487140052734858,0,2025-03-10 11:09:00
77.55281332411958,1.862102968318101,15.456902958215432,4.8385186264008375,20.577582751906757,116.18709285251477,Conveyor,False,False,True,False,0.7164191995132122,0,0,28.358080048678787,0,2025-03-10 11:20:00
77.56325990180864,1.6760472656655538,15.693831336520436,5.331659614023817,15.938651459491838,125.21888478200876,Conveyor,False,False,False,True,0.6953947927438506,34,0,13.46052072561494,0,2025-03-10 11:21:00
76.726163288003,1.8159237183911616,19.93558893800685,4.043568573886416,20.393962981807537,111.73948834153532,Conveyor,False,False,True,False,0.7974932934230641,0,0,20.25067065769359,0,2025-03-10 11:22:00
77.43338647325223,2.163736014059707,20.10009808310685,5.391703897714785,18.55104361308269,127.23411420055768,Conveyor,False,False,False,True,0.8352937911985947,41,0,0.0,0,2025-03-10 11:24:00
75.92535206417314,1.9352118438949304,21.07212236341905,5.4118417445678775,18.005961411598904,126.27968520007848,Conveyor,True,False,False,False,0.8438356877370917,0,0,15.616431226290828,0,2025-03-10 11:32:00
79.91082659071475,1.9238971767372857,16.121688860458637,4.672245267800483,21.0809588470359,115.27623573995557,Conveyor,True,False,False,False,0.7281122329354424,36,0,9.18877670645577,0,2025-03-10 11:37:00
75.51812916801924,2.432583501740567,15.255841625460771,4.389735036285263,19.39077287513929,119.53077191888316,Conveyor,False,True,False,False,0.8280729923625365,0,0,17.192700763746345,0,2025-03-10 11:44:00
73.61248551967986,1.9071050858035816,20.50903740476238,4.812904526456567,18.228209690855756,109.01776869178453,Conveyor,False,True,False,False,0.8230847810623556,0,0,17.691521893764445,0,2025-03-10 11:47:00
78.89828363447393,2.231538853170698,16.696222834937238,4.772449209921052,19.937509964928,119.37103686170836,Conveyor,False,False,False,True,0.8055306430068223,0,0,19.446935699317763,0,2025-03-10 11:55:00
71.71323632972219,1.7801093302628723,14.227742592097949,5.298409581193127,19.94688884143197,120.1589195243532,Conveyor,False,False,False,True,0.665471553023677,0,0,33.4528446976323,0,2025-03-10 11:59:00
75.95344396454614,2.251329266463977,20.382521363263663,4.909389011046865,21.270156663512367,119.17742734101915,Conveyor,False,True,False,False,0.8627488775371639,43,0,0.0,0,2025-03-10 12:05:00
81.77085284666221,1.1257232030549176,14.567933503378622,5.80338920439268,19.218117789715805,122.4590720054398,Conveyor,True,False,False,False,0.5445137878804457,0,0,45.54862121195543,0,2025-03-10 12:07:00
81.57915537993374,1.3947983605632768,16.245031955688738,4.770159256726644,20.95727606109232,116.47097972442177,Conveyor,False,True,False,False,0.6274336650910548,0,0,37.25663349089452,0,2025-03-10 12:10:00
74.9422863110183,2.244194258059322,17.559963944680653,4.873158866970414,19.10551296636212,115.7057786085052,Conveyor,False,False,False,True,0.8356187506478661,41,0,0.0,0,2025-03-10 12:12:00
74.97529506451352,1.9323030857863248,18.20529105707933,5.228489684094495,20.81988458853296,114.10654434101872,Conveyor,True,False,False,False,0.7987097167879239,0,0,20.129028321207613,0,2025-03-10 12:14:00
68.88495106959017,2.1911974049069216,19.266450620230188,5.188005464498665,21.449220518613945,121.54578859758732,Conveyor,False,False,True,False,0.8369582920442261,0,0,16.30417079557739,0,2025-03-10 12:16:00
74.72667985654239,1.989634812813811,17.701277008700718,5.20673010632978,23.672880482261085,127.63566192077565,Conveyor,False,False,True,False,0.7828163871982977,0,0,21.718361280170228,0,2025-03-10 12:19:00
74.24093693023862,1.5149859875155958,13.265044693253444,5.86253985269172,17.894575683392283,115.12969921540888,Conveyor,True,False,False,False,0.6169286331132261,30,0,23.30713668867739,0,2025-03-10 12:20:00
71.44931491180107,2.1870221414839746,16.102502609464,3.901880178531046,19.88187067063304,123.26040118677454,Conveyor,False,True,False,False,0.7669692311545389,0,0,23.303076884546115,0,2025-03-10 12:25:00
77.0146538615266,1.759315991858137,19.374476900790576,4.864532378446497,18.394297635469893,123.38051819148576,Conveyor,False,False,False,True,0.7547424287565847,37,0,6.025757124341524,0,2025-03-10 12:31:00
71.6793515208558,1.8586052836546647,17.910786935633997,5.107722475824935,21.214792977306317,123.590310219186,Conveyor,False,False,False,True,0.7514223644267324,37,0,6.357763557326763,0,2025-03-10 12:35:00
76.98045592188838,1.9526759050305544,14.131824509080849,4.370263312907214,20.377240504912987,118.38994014691298,Conveyor,False,True,False,False,0.7142773831723876,35,0,11.072261682761235,0,2025-03-10 12:37:00
76.63414382838221,2.499605575287059,19.24980718930809,5.232399815984677,20.493337305090563,117.05819217846611,Conveyor,False,True,False,False,0.9282002804144835,46,0,0.0,0,2025-03-10 12:39:00
74.63016303734473,1.743149047801475,18.386897149983596,4.176335806523072,21.526297135895938,120.06407152283248,Conveyor,False,False,False,True,0.7453940833361968,37,0,6.96059166638031,0,2025-03-10 12:40:00
75.56924469207324,2.010669822209898,20.61973033886707,5.319400535162888,19.305625430770508,114.15754553950369,Conveyor,False,False,False,True,0.8374606043792387,0,0,16.253939562076127,0,2025-03-10 12:41:00
74.22323286485985,1.683467697355865,18.1986276299027,5.454582229729938,19.009778198995285,117.47491364627412,Conveyor,False,False,True,False,0.7389600828584162,0,0,26.103991714158383,0,2025-03-10 12:45:00
74.27544469590424,2.207830709554658,16.69494341356671,4.610868842966817,17.94373693275649,124.74628650926456,Conveyor,True,False,False,False,0.809000585493403,0,0,19.0999414506597,0,2025-03-10 12:48:00
75.38923940703754,2.3317499198884137,16.777645695961347,4.984974596253523,22.39238031212902,117.68107814310946,Conveyor,False,False,False,True,0.8224202692227429,41,0,0.0,0,2025-03-10 12:49:00
73.65314522156545,1.8270741270995468,18.79119766952589,5.507485557830628,18.009683660949467,120.7682456464831,Conveyor,False,True,False,False,0.7599671356875791,0,0,24.00328643124209,0,2025-03-10 12:53:00
79.86474638645673,1.7611589590440513,19.1792784627148,3.8792353722048434,20.520086024362925,120.20663415938502,Conveyor,True,False,False,False,0.7827273068343867,39,0,2.227269316561319,0,2025-03-10 12:58:00
78.6421853055324,3.9049385615263374,29.11488591823513,4.429340315675861,20.74437284936814,126.71773253311024,Conveyor,True,False,False,False,1.0,0,0,0.0,0,2025-03-10 13:00:00
71.98868836018531,1.942738334134046,17.229013518175282,4.819852723497332,18.433000204053137,118.84567944401032,Conveyor,False,False,False,True,0.7567475458866016,37,0,5.825245411339836,0,2025-03-10 13:06:00
78.41765468713572,1.988377131503137,18.077110337568637,5.816053554398768,16.969915378215163,117.58258045798092,Conveyor,True,False,False,False,0.7617643120447868,0,0,23.823568795521325,0,2025-03-10 13:21:00
80.19023583588235,2.1777590921953283,17.50655115177112,4.961075539719364,18.03403132354344,120.70254452142802,Conveyor,False,True,False,False,0.8135188257182893,0,0,18.64811742817108,0,2025-03-10 13:23:00
71.3052773218746,2.1228908356051983,17.66316057594224,4.88073898952004,19.98911645230151,128.24595661667232,Conveyor,False,True,False,False,0.7987297558820446,0,0,20.12702441179553,0,2025-03-10 13:24:00
71.90569075256788,2.02438352661686,20.74922253515311,4.972718987866933,20.99260491814542,117.46153614909954,Conveyor,False,False,True,False,0.8566235513248661,0,0,14.33764486751339,0,2025-03-10 13:26:00
78.3275999498771,2.7165115978611314,20.37415535748351,4.969504393071761,22.01767576041768,111.58966358151108,Conveyor,False,False,False,True,0.9784497475209436,48,0,0.0,0,2025-03-10 13:28:00
67.85836290348175,2.2168480684956537,17.17073898237194,4.755565975009313,21.063671584449924,115.22458855932086,Conveyor,True,False,False,False,0.8049058518754852,0,0,19.50941481245148,0,2025-03-10 13:30:00
75.44880326983699,2.0058032212435264,13.949920172647657,5.085993126981819,19.509011637391406,110.44178894540478,Conveyor,False,False,False,True,0.6905213758137613,0,0,30.94786241862387,0,2025-03-10 13:41:00
74.97535487501007,1.674162110245577,20.9791988188953,4.846966462911027,21.1789892190547,117.61991126200527,Conveyor,False,False,True,False,0.7842684707687555,39,0,2.0731529231244537,0,2025-03-10 13:59:00
75.99609269528352,1.9292250412063627,15.418115561013552,4.589099244997948,18.435607607286894,126.1120108082525,Conveyor,False,False,True,False,0.7323090769070448,36,0,8.769092309295516,0,2025-03-10 14:04:00
78.0189326772398,1.877934426648688,17.18605126725326,4.359527520475371,20.553578072884957,120.31089614906143,Conveyor,False,False,True,False,0.7343900029973046,36,0,8.560999700269534,0,2025-03-10 14:05:00
73.25287174169671,1.839572998746703,18.586657318471552,5.250236521002624,19.42550117827481,110.60266518026916,Conveyor,False,True,False,False,0.731859994953102,0,0,26.8140005046898,0,2025-03-10 14:06:00
71.24513079053185,2.2165710456314422,14.5215896956544,4.997174838179668,21.48509184607454,122.24856303748254,Conveyor,False,False,False,True,0.74297044981544,0,0,25.702955018455995,0,2025-03-10 14:11:00
81.75154089960809,1.7016714434600624,17.975912894080135,4.68807732970496,19.47111035440339,109.33407786185929,Conveyor,False,False,False,True,0.7067275242814863,0,0,29.327247571851373,0,2025-03-10 14:16:00
76.47101748294224,2.193676313652258,18.490228568745238,6.012147867456676,21.76713105284326,124.99042086301829,Conveyor,True,False,False,False,0.8217435359701437,0,0,17.825646402985626,0,2025-03-10 14:24:00
77.78264465530938,1.303905320530873,16.743701200488715,4.907685539158911,21.05031477127815,114.81102263490908,Conveyor,False,False,True,False,0.6300540669982267,0,0,36.99459330017733,0,2025-03-10 14:26:00
73.93921238017217,2.3607353743949218,18.555105026987064,5.24598449281871,21.061687421232527,127.67765386685942,Conveyor,True,False,False,False,0.8787052558106687,0,0,12.129474418933128,0,2025-03-10 14:29:00
78.13591483790519,2.087469103004592,17.112786339585227,5.178681444323658,21.057722988407264,131.1617301659287,Conveyor,False,False,False,True,0.769491843990996,38,0,4.050815600900393,0,2025-03-10 14:33:00
77.17445727271348,1.4927985117180644,16.292353824991245,5.234823013837814,20.352975752726955,119.12378318517844,Conveyor,False,False,True,False,0.6611548130916016,33,0,17.38451869083984,0,2025-03-10 14:34:00
75.78841731154864,2.8265653231159704,19.39790614343484,5.216969587812841,22.337524940212965,110.67865081371764,Conveyor,False,False,False,True,0.9824888076231352,0,0,1.7511192376864813,0,2025-03-10 14:36:00
71.26785090310518,1.9656077493480824,20.11344982256084,4.486108893433013,16.946146144842835,118.95746784523124,Conveyor,False,False,False,True,0.829046603225721,0,0,17.0953396774279,0,2025-03-10 14:44:00
77.55318723213425,1.6207981496157908,21.639543574625197,4.9735336261814265,19.50530261443124,119.74302536403738,Conveyor,False,False,False,True,0.7692605835880851,0,0,23.07394164119148,0,2025-03-10 14:47:00
73.85474215295014,2.2217541484104704,22.904739825737447,4.754715243009602,20.576240266951217,117.08219726051964,Conveyor,False,False,False,True,0.9209386941088796,0,0,7.906130589112024,0,2025-03-10 14:51:00
74.26573443092366,1.7876267177977774,20.718595198729613,5.009592007606237,17.908553374693373,117.3989549327296,Conveyor,True,False,False,False,0.8021784643427657,0,0,19.78215356572342,0,2025-03-10 14:55:00
77.25695658438075,5.983619656637084,26.226465536769982,4.699749271209297,20.770282053882102,120.48433016237938,Conveyor,True,False,False,False,1.0,0,1,0.0,0,2025-03-10 14:56:00
77.93444242911328,2.428191609286765,18.36598889929052,4.814986813474649,17.85789923584183,132.09177876786225,Conveyor,False,True,False,False,0.8563523354364483,42,0,0.0,0,2025-03-10 15:00:00
76.65199071529571,1.9256742745280877,16.59216734916891,4.942567364515146,20.75980158707888,130.56044663626454,Conveyor,False,False,False,True,0.7470981177987235,0,0,25.290188220127646,0,2025-03-10 15:07:00
70.54563346356612,2.1882818892685494,17.83481484929742,5.369217930890705,18.72743329417679,122.2631201499006,Conveyor,True,False,False,False,0.8081046880552841,40,0,0.0,0,2025-03-10 15:10:00
72.79029133149282,1.9525083565971009,16.45007435187203,4.674338697360959,20.49629529660037,123.10466697806996,Conveyor,True,False,False,False,0.7374099173515846,36,0,8.25900826484154,0,2025-03-10 15:12:00
73.99874906251658,1.9812055333634533,20.49942084036864,5.228988564711894,22.22185488743539,124.13887607185958,Conveyor,False,False,False,True,0.8249874567092815,0,0,17.50125432907184,0,2025-03-10 15:16:00
74.28320154821601,2.025351543707859,20.150443082363832,4.952807562157049,21.24941816423756,120.50367904060673,Conveyor,False,False,True,False,0.8321250541842811,41,0,0.0,0,2025-03-10 15:18:00
79.6858911077262,7.032705011289552,27.90333471131346,4.537201417734255,20.88154235280172,130.88777094340386,Conveyor,False,False,True,False,1.0,50,1,0.0,0,2025-03-10 15:19:00
72.5450993113049,2.2770525848142107,19.72687456037976,4.727170080790486,21.947501734663124,117.81088938569174,Conveyor,True,False,False,False,0.8920153413578097,0,0,10.798465864219024,0,2025-03-10 15:20:00
79.60414083806066,1.6848130034516595,17.96887382225941,5.460939455584771,18.36878274783145,115.50071014182366,Conveyor,False,False,False,True,0.7066844924083886,35,0,11.831550759161146,0,2025-03-10 15:21:00
74.25591078234602,1.6440990718670436,16.71654571269574,5.057367052272591,19.99049878930212,116.6253107154325,Conveyor,False,False,False,True,0.7081559832193431,0,0,29.184401678065683,0,2025-03-10 15:23:00
73.0277960151868,1.758086921264585,16.677949890745012,4.432226721381996,20.83734816031745,116.53528384926466,Conveyor,False,True,False,False,0.6951898123767383,0,0,30.481018762326173,0,2025-03-10 15:32:00
73.16060678923657,1.841159910947897,20.87273606848751,5.025416761824375,19.861751283767784,116.97172183244685,Conveyor,False,False,True,False,0.8107576390017247,0,0,18.924236099827525,0,2025-03-10 15:39:00
71.45388519121613,2.159307828468263,18.447853747893213,4.430093738511404,18.709214198028143,114.64622811830748,Conveyor,False,False,False,True,0.8024269868845587,0,0,19.75730131154413,0,2025-03-10 15:44:00
73.99543450015466,2.0446630411753075,14.106949427282272,4.915019318914777,19.891283420608943,124.8304642767816,Conveyor,False,False,True,False,0.7075625787146526,0,0,29.24374212853475,0,2025-03-10 15:45:00
71.60063733805772,2.703096215843788,21.07839440034981,5.634960240966215,19.17239322225156,110.06854694064788,Conveyor,True,False,False,False,0.9871314629379102,0,0,1.2868537062089729,0,2025-03-10 15:47:00
73.18602690466635,2.261223993376521,16.143560065303966,5.159998621177443,23.452512278076163,121.38710555618673,Conveyor,True,False,False,False,0.800396532122754,0,0,19.960346787724603,0,2025-03-10 15:48:00
76.57747502601708,2.0392070073393147,18.710676391180275,5.334796461853469,21.507395441101824,125.48537653206314,Conveyor,True,False,False,False,0.7940580431408393,0,0,20.59419568591608,0,2025-03-10 15:50:00
73.23366477811216,2.069860426228069,20.79086816439837,4.617545718816585,21.284072142163268,126.9271889082819,Conveyor,False,True,False,False,0.8538598091976961,0,0,14.614019080230392,0,2025-03-10 16:05:00
76.80472586740984,1.6956560819877755,18.602814139562238,5.498016403289302,18.936456646527542,105.90847856898912,Conveyor,False,False,False,True,0.727502973279968,0,0,27.249702672003195,0,2025-03-10 16:07:00
77.64670210754045,1.5979783786628197,17.92683992024631,4.979396322498429,21.224121566170908,118.9365513284744,Conveyor,True,False,False,False,0.6817150790366694,34,0,14.828492096333065,0,2025-03-10 16:08:00
77.16842773838427,1.795585929479128,18.03609450493645,4.9539246684894085,18.09164355915205,118.75113693979807,Conveyor,False,False,False,True,0.7220579763726183,0,0,27.794202362738176,0,2025-03-10 16:10:00
79.14235978924214,2.298134664359132,16.800720010357594,5.373524170429999,17.078990191007115,124.38106289660831,Conveyor,True,False,False,False,0.8405410970045626,0,0,15.945890299543748,0,2025-03-10 16:12:00
79.5112099935501,2.4121743155634348,18.823905998123617,5.201292953812999,19.865996201793436,124.95149773549764,Conveyor,False,True,False,False,0.890588639497839,0,0,10.941136050216102,0,2025-03-10 16:13:00
75.31630113095167,1.744283970177769,19.703182091786395,5.922254734946876,21.66807026315481,122.22854570067685,Conveyor,True,False,False,False,0.7757555970179411,0,0,22.42444029820589,0,2025-03-10 16:14:00
72.96378046908022,1.6342146600433418,18.25291843812138,4.719217080681951,20.254917066577224,118.80237841544464,Conveyor,False,False,False,True,0.714199226087665,35,0,11.080077391233502,0,2025-03-10 16:23:00
75.95415037942283,1.829165067652367,16.994262492658088,5.154085060903742,19.7586425925851,119.81053584102656,Conveyor,False,False,True,False,0.7271070081738449,0,0,27.28929918261551,0,2025-03-10 16:24:00
71.21930895805237,2.181137156083368,21.8870577622444,5.443377840689157,18.19350525923156,115.82920476641708,Conveyor,False,True,False,False,0.909519571280125,0,0,9.048042871987503,0,2025-03-10 16:31:00
73.92022714938186,2.0473922936754354,14.181605082045516,4.858456414871959,22.40298898192012,112.47464062873098,Conveyor,False,False,True,False,0.7152860154650031,0,0,28.47139845349969,0,2025-03-10 16:45:00
78.11569666074095,1.618424299666183,18.940965992258214,5.866208580882622,21.46700446399761,125.08415444506426,Conveyor,False,False,True,False,0.7196707267360222,0,0,28.032927326397783,0,2025-03-10 16:46:00
77.57672918206781,2.4053342269960147,19.144890612310203,4.60047165226638,18.832119429782438,116.13180077530934,Conveyor,True,False,False,False,0.8872295518095695,44,0,0.0,0,2025-03-10 16:50:00
77.49571401080581,2.387823586855462,18.7940933397648,4.511054154005104,20.966097384435837,121.11799727222952,Conveyor,False,False,False,True,0.8601746267000316,0,0,13.98253732999683,0,2025-03-10 16:51:00
76.30960634868522,2.499119849643042,19.86333193373619,4.557251883386377,20.340594579716225,116.52750794875976,Conveyor,True,False,False,False,0.8977588896199216,0,0,10.224111038007848,0,2025-03-10 16:52:00
78.3118211469051,2.091572937959406,18.79074736237133,5.533802453335135,19.88416743260236,122.17446481338668,Conveyor,True,False,False,False,0.8160528888675488,0,0,18.394711113245123,0,2025-03-10 16:53:00
77.5325540967569,2.176217509941804,17.37464566069345,4.781123284447004,21.942722816293013,109.19543698616638,Conveyor,False,False,True,False,0.784734172630907,0,0,21.526582736909305,0,2025-03-10 16:54:00
73.8040823137351,1.8654371490416417,17.367834077754054,5.107365309477824,21.022989948881214,120.83396832265495,Conveyor,True,False,False,False,0.7299465677778773,0,0,27.005343222212275,0,2025-03-10 16:58:00
75.4720992081997,1.9570223253907424,19.666358862540363,5.274262557005485,22.84533312180812,115.92344442605946,Conveyor,False,True,False,False,0.8084464674534614,0,0,19.15535325465386,0,2025-03-10 17:01:00
79.32100815712481,2.328964135469076,20.56558993767796,4.744322586499937,22.452510748597128,117.99413414126306,Conveyor,False,False,True,False,0.8800907902959716,0,0,11.99092097040284,0,2025-03-10 17:02:00
77.02166318819731,1.862070615250857,18.0881251348132,4.772259430567545,19.41892738247793,124.98977161071276,Conveyor,True,False,False,False,0.7779707016047751,38,0,3.202929839522483,0,2025-03-10 17:06:00
72.10252338976885,2.2948049428309822,18.76270566916057,5.222296871217157,21.75308419134685,119.3834420046692,Conveyor,True,False,False,False,0.84582976400646,0,0,15.417023599353996,0,2025-03-10 17:10:00
76.21483951945561,1.8842982107066453,14.249985225056127,5.151879870966845,19.45132888204699,118.25150627320625,Conveyor,False,False,False,True,0.7011020232943137,0,0,29.889797670568623,0,2025-03-10 17:20:00
70.3816881361244,2.130350793827392,18.586657318471552,4.875413122040319,19.892621460659186,120.12836157603806,Conveyor,False,False,True,False,0.833857312932969,0,0,16.6142687067031,0,2025-03-10 17:21:00
76.10122771332362,2.324564567211362,20.10442231191412,5.023443566948717,18.67411557525748,121.24796238037192,Conveyor,False,False,True,False,0.8508904599457836,0,0,14.910954005421644,0,2025-03-10 17:22:00
77.83412608911598,1.697465380235795,18.922544168635664,4.854729776506874,16.446463532628123,116.3252406158231,Conveyor,False,True,False,False,0.7260682673643101,36,0,9.393173263568997,0,2025-03-10 17:44:00
75.81517849693314,1.5583888780919626,17.09801196594138,4.945431139888954,21.38653605203901,128.83964333419766,Conveyor,False,True,False,False,0.6889020951357714,0,0,31.109790486422867,0,2025-03-10 17:46:00
77.1772131963089,1.587849552530402,18.587898775886323,4.688676578797399,20.85082685815081,124.80370005912016,Conveyor,False,False,True,False,0.7009895202297542,35,0,12.401047977024575,0,2025-03-10 17:47:00
85.16155171297493,2.266123932933886,23.584417735819923,5.147970245201756,21.452748203937315,125.7928274641116,Conveyor,False,False,False,True,0.9291297770466524,0,1,7.087022295334748,0,2025-03-10 17:53:00
72.82937617429879,2.717632890582198,17.491047846709318,5.565611654224795,21.00482673532361,115.79246270544236,Conveyor,False,False,False,True,0.9190338613227906,0,0,8.096613867720933,0,2025-03-10 18:01:00
73.44696478410987,2.2049669044366422,18.950669850854982,5.387172779505996,19.706412531374177,116.67866067520708,Conveyor,False,True,False,False,0.8305120600187464,0,0,16.948793998125353,0,2025-03-10 18:03:00
93.3594037256208,5.727916546151613,23.084243809156085,4.7128587142583855,20.80696395473973,122.5207727547514,Conveyor,False,False,True,False,1.0,50,1,0.0,0,2025-03-10 18:04:00
73.47411533337416,2.170031517855254,20.043249528799898,5.318345524936491,18.570708439120548,122.38306753509907,Conveyor,False,False,True,False,0.8772747332305391,0,0,12.2725266769461,0,2025-03-10 18:05:00
78.99367158721562,2.933873060313152,19.519000075032245,4.784486064861045,17.26157723215303,117.8185490450292,Conveyor,False,False,False,True,0.9787506306520024,0,0,2.124936934799763,0,2025-03-10 18:09:00
76.40717728216588,1.7455803205908476,15.304008431265665,5.038184816543319,21.15909256687909,124.02948888500536,Conveyor,False,True,False,False,0.6988778229027964,0,0,30.112217709720355,0,2025-03-10 18:11:00
83.53269114264779,2.2198487245465235,22.22259266819917,5.018654946626386,19.407399640809185,121.00412144837236,Conveyor,True,False,False,False,0.914251876425048,0,0,8.57481235749519,0,2025-03-10 18:16:00
81.88170398483841,2.002635096469444,15.527043426815302,5.2627594825278585,22.003210846775985,123.67840381879869,Conveyor,True,False,False,False,0.7561366462491154,37,0,5.886335375088464,0,2025-03-10 18:24:00
73.66799695687192,2.022982721135498,17.809317817606633,5.023963909631801,18.95628558406075,122.18383875555249,Conveyor,True,False,False,False,0.7685346186491222,0,0,23.14653813508778,0,2025-03-10 18:26:00
90.27169217185268,6.047786445900986,25.957944323383963,4.235536269895805,19.248234294570448,119.92111155550164,Conveyor,False,False,False,True,1.0,0,1,0.0,0,2025-03-10 18:31:00
78.0189326772398,1.7794649597826235,18.59102338318068,5.720611363132875,21.03491041534413,118.13871739937149,Conveyor,True,False,False,False,0.7724122933354364,0,0,22.75877066645636,0,2025-03-10 18:33:00
73.30982913079808,1.690410114845846,20.45771310040112,4.062784359339264,21.291028132052944,125.1185116829505,Conveyor,False,True,False,False,0.7472463548839071,0,0,25.275364511609283,0,2025-03-10 18:38:00
71.96166780571303,2.376301508227202,16.4515923632942,5.090962031596648,18.91976903446765,124.32679354525035,Conveyor,True,False,False,False,0.8232024055958996,0,0,17.679759440410038,0,2025-03-10 18:43:00
75.41044545248229,2.2193001880356444,16.794751390770884,4.644062091623543,20.361564916793167,120.4468036929812,Conveyor,False,False,False,True,0.8259714152909381,0,0,17.402858470906196,0,2025-03-10 18:44:00
84.17592136337053,2.214720272351252,15.881576583254196,5.101651074828574,22.26810192371218,123.07052902644844,Conveyor,True,False,False,False,0.7907461129616355,39,0,1.4253887038364468,0,2025-03-10 18:46:00
79.31021845134497,1.7939853970990114,22.24911245965803,4.586160816157338,20.25960147285583,120.45740002988784,Conveyor,True,False,False,False,0.8336604910408119,41,0,0.0,0,2025-03-10 18:49:00
77.44205858943506,2.1497287448413247,21.45138758562954,4.571733437523928,18.56769637762389,120.83009423937284,Conveyor,False,False,True,False,0.8932538438015633,44,0,0.0,0,2025-03-10 18:52:00
76.1704469063398,1.9488842703835407,19.506834946842183,5.275398389824627,18.168053923092163,124.44470002796518,Conveyor,False,True,False,False,0.8078689490429444,40,0,0.0,0,2025-03-10 18:54:00
74.45887704357074,2.3213241501208417,13.516168130982171,5.20045171042583,19.088718635118934,126.3584839576128,Conveyor,False,False,True,False,0.7573083155907468,0,0,24.269168440925316,0,2025-03-10 18:57:00
80.05839004455669,2.218719093500709,21.48972281324699,4.6349647207289495,22.02398589171611,116.54830938328048,Conveyor,True,False,False,False,0.886710366992342,44,0,0.0,0,2025-03-10 19:02:00
78.89950167467603,1.6350257587592871,15.64554716509758,5.60612723772952,18.83470685206791,116.24870596154132,Conveyor,False,True,False,False,0.6594909819680723,0,0,34.05090180319277,0,2025-03-10 19:06:00
70.73675099126844,1.9084433463557744,19.9707994229001,4.821681874469273,20.44186520081048,117.25801606094409,Conveyor,False,True,False,False,0.806290948380503,0,0,19.370905161949707,0,2025-03-10 19:12:00
74.46438863669513,1.899426775439592,18.352968367325907,5.2103749121018605,19.056200589544517,117.4917666060177,Conveyor,False,False,False,True,0.7505605731774041,0,0,24.94394268225959,0,2025-03-10 19:14:00
75.82299977087142,1.938537000840585,16.418458161829292,4.842909504629673,22.943102542847797,125.66478082403069,Conveyor,False,False,False,True,0.7220776640898772,0,0,27.79223359101228,0,2025-03-10 19:17:00
89.14060116299461,7.289532658423438,22.8241882525406,4.607621309194652,20.47989179276716,126.45212662308433,Conveyor,False,False,False,True,1.0,0,1,0.0,0,2025-03-10 19:20:00
78.19125913452551,2.0602535279347127,16.942003171593747,5.4776857932055965,19.36328612361233,125.19363949957456,Conveyor,False,True,False,False,0.7873954957920242,0,0,21.260450420797586,0,2025-03-10 19:26:00
80.77250966672497,2.443421569506933,17.37812496729781,5.257755381415273,19.927520481898483,114.945592517052,Conveyor,False,True,False,False,0.8788610166502144,43,0,0.0,0,2025-03-10 19:31:00
75.09421075890003,2.0253555427445984,19.479888102758636,4.660949115001246,22.289323938194418,111.70047218747408,Conveyor,False,True,False,False,0.8249598986142891,0,0,17.50401013857109,0,2025-03-10 19:40:00
77.31713615148573,1.4537719166593952,18.684212079300835,5.368774551203047,22.217770817860316,132.17992562114625,Conveyor,True,False,False,False,0.675880285128874,33,0,15.911971487112597,0,2025-03-10 19:42:00
81.5354150273485,1.965467091823028,19.710403015496524,5.329195436801329,20.526636937515104,125.52087578271838,Conveyor,False,False,False,True,0.827349716912927,0,0,17.2650283087073,0,2025-03-10 19:46:00
77.0115163711924,2.324564567211362,18.586657318471552,4.570522861521014,19.66881627531192,121.030676898113,Conveyor,False,False,False,True,0.8941413056497393,44,0,0.0,0,2025-03-10 19:48:00
75.7956386456651,2.150505513550637,15.74281865380593,5.241638970542227,19.79870346607182,120.56374469038374,Conveyor,False,False,False,True,0.7469059825762119,0,0,25.30940174237881,0,2025-03-10 19:53:00
74.49757635984099,2.023435320570805,19.74557482893922,5.025916540049352,21.585588517034864,113.6169089987767,Conveyor,False,False,False,True,0.8041465466302563,40,0,0.0,0,2025-03-10 19:55:00
73.18697726048198,2.1200707566580324,18.726008569612155,5.306174997750007,18.406639523985078,119.79359613303816,Conveyor,False,False,True,False,0.8373727431493317,0,0,16.262725685066826,0,2025-03-10 19:56:00
79.56591825138213,1.5787281301215237,20.967487820407413,4.783480362015104,17.848128708643475,116.22697808803365,Conveyor,True,False,False,False,0.7366707811968828,36,0,8.332921880311716,0,2025-03-10 20:05:00
73.20447483399096,2.502009183845757,13.694172968484969,4.878262051578419,21.37889163752194,119.71746937670396,Conveyor,True,False,False,False,0.8225109878103227,0,0,17.74890121896773,0,2025-03-10 20:08:00
79.1530523845754,1.8231642800183845,17.93842699517317,4.8748284131239945,21.118784777147862,117.4912111941514,Conveyor,False,False,False,True,0.7649406606157391,38,0,4.505933938426097,0,2025-03-10 20:09:00
76.99986124833545,1.525271607792908,16.876139772284148,5.24742254279117,19.723083508344427,116.80984917173812,Conveyor,False,False,True,False,0.6509167029067607,0,0,34.90832970932392,0,2025-03-10 20:10:00
78.28416127127093,1.9227138543467015,17.94356424212554,4.896311274798363,18.862304115603703,121.43633964560397,Conveyor,False,True,False,False,0.785268193284688,39,0,1.973180671531196,0,2025-03-10 20:14:00
74.89831786371134,2.136075657052765,17.796026690812646,4.561664334798417,21.25726582939916,118.5441811478683,Conveyor,False,True,False,False,0.8155528890272679,0,0,18.444711097273213,0,2025-03-10 20:25:00
88.72425909734874,5.919360283939963,26.13327159735381,5.055928543407284,20.004796985922933,114.02920671954342,Conveyor,False,True,False,False,1.0,0,1,0.0,0,2025-03-10 20:32:00
78.81570967558518,2.223983409380647,17.249185107032076,5.086267508373448,21.128069575428245,124.25671061086568,Conveyor,False,False,False,True,0.7907481428083136,39,0,1.4251857191686383,0,2025-03-10 20:40:00
73.4993609436727,2.6827476282942917,18.47091159022223,4.823639124555658,20.000477917197603,126.755444731685,Conveyor,True,False,False,False,0.910971673148877,0,0,8.902832685112301,0,2025-03-10 20:42:00
76.43555516029726,2.155430510608993,16.38469888450647,5.395144632962603,20.405126617021647,121.0614980883024,Conveyor,True,False,False,False,0.7622083201582328,38,0,4.779167984176723,0,2025-03-10 20:44:00
80.85367740934063,1.9967398588895084,15.839994783235737,4.875841545409795,17.699911866621903,115.4517398708348,Conveyor,False,False,False,True,0.7256160898263857,0,0,27.438391017361425,0,2025-03-10 20:47:00
72.62698617733082,2.875452066518028,20.990060619471677,4.568673973348309,20.4865489613657,126.56103996800766,Conveyor,True,False,False,False,1.0,0,0,0.0,0,2025-03-10 20:49:00
78.43188707543217,1.9447562552950397,15.374062940105452,5.143567033496264,18.31970179783823,115.5794542948504,Conveyor,True,False,False,False,0.7366545259506384,0,0,26.33454740493616,0,2025-03-10 20:50:00
80.55451041000924,1.660946381154595,18.787950451728804,4.5840827101887065,18.899912943628824,119.23107417426904,Conveyor,True,False,False,False,0.7232442407525076,0,0,27.67557592474924,0,2025-03-10 20:51:00
92.57114822179553,8.469636656390097,26.135544883682837,5.109464047685001,19.51447586893822,120.32147439293792,Conveyor,False,True,False,False,1.0,0,1,0.0,0,2025-03-10 20:54:00
89.39599795680508,7.662438943685769,21.64726578290731,5.626741882885515,19.60017904357888,124.7343073082309,Conveyor,True,False,False,False,1.0,50,1,0.0,0,2025-03-10 20:55:00
77.01660737891655,1.8489291143276847,20.203475723572417,4.612606541215242,19.656823484120928,126.18309871071487,Conveyor,False,False,False,True,0.7991654872002907,0,0,20.08345127997093,0,2025-03-10 20:58:00
75.53176786626263,1.7701637508167989,14.787486423196084,5.308020043567034,19.52555519545273,113.68482323211468,Conveyor,True,False,False,False,0.6574925171877475,0,0,34.250748281225256,0,2025-03-10 21:00:00
81.1892137881051,1.6179243354210202,16.293201051921777,4.54437539695346,17.613731214711954,127.77481363862884,Conveyor,False,False,False,True,0.6861388259681777,0,0,31.38611740318224,0,2025-03-10 21:03:00
72.3982587834429,1.7014478120302288,19.40867241970816,4.607694062534985,20.908315973878373,125.73760308316122,Conveyor,True,False,False,False,0.7423003890188851,37,0,7.269961098111494,0,2025-03-10 21:05:00
81.06150098412631,2.1102531231621806,18.01545578635137,4.730584140841103,19.87488389788016,114.29292103886392,Conveyor,False,False,True,False,0.7992032112017567,39,0,0.5796788798243284,0,2025-03-10 21:15:00
90.0525654596238,7.850321364091377,23.336356382032623,4.65671358729135,18.34583543926952,122.5011917534912,Conveyor,True,False,False,False,1.0,50,1,0.0,0,2025-03-10 21:16:00
76.63166448606,1.413485368904515,16.894861307762294,4.781494396329014,19.34776908070083,113.7584859906534,Conveyor,False,False,True,False,0.6305407206194129,0,0,36.94592793805871,0,2025-03-10 21:17:00
77.67199113665309,1.8989314619644584,13.728400302530387,5.17353409603555,19.926835603249074,113.32154239153462,Conveyor,True,False,False,False,0.6560281016724108,32,0,18.39718983275893,0,2025-03-10 21:29:00
78.33159625807362,2.231225062885636,19.325682186043267,4.356943475790722,22.41917034904556,115.76640336036746,Conveyor,True,False,False,False,0.8723427001408491,0,0,12.765729985915089,0,2025-03-10 21:35:00
81.3925036652745,1.6764461775906208,13.970197534986784,4.585468321264735,22.110211293099447,124.64036003330344,Conveyor,False,False,True,False,0.6617347479517603,0,0,33.826525204823966,0,2025-03-10 21:43:00
87.43331270505662,7.264437653364975,24.04552765844359,4.579068212158722,22.20106398249152,118.99456032199816,Conveyor,False,False,True,False,1.0,50,1,0.0,0,2025-03-10 21:46:00
83.89924077378629,7.117096571584737,25.535390842703983,4.809786221305858,18.80508114555803,113.81523370778578,Conveyor,False,True,False,False,1.0,0,1,0.0,0,2025-03-10 21:47:00
77.2686861761592,2.087289419041233,17.57092467096407,4.522649692582674,20.030020707502416,117.9006291885782,Conveyor,False,False,True,False,0.7958239027695939,0,0,20.417609723040613,0,2025-03-10 21:48:00
77.4593737133006,2.880697370698333,19.988703039630845,5.090495235466968,21.287559847958192,121.03964845980838,Conveyor,False,False,True,False,1.0,50,0,0.0,0,2025-03-10 21:56:00
76.60310699885349,1.871345622318178,17.000255139178297,4.532273893965413,20.436925498535384,123.32276207197091,Conveyor,False,False,False,True,0.7347556355591958,0,0,26.524436444080425,0,2025-03-10 21:58:00
75.15872245507987,2.180063889723283,17.532204399092812,4.3070021620130685,16.923421388219218,118.15833644980412,Conveyor,False,False,True,False,0.80532617115388,0,0,19.467382884611997,0,2025-03-10 22:00:00
76.18582228495116,1.6831907600099998,20.98600620888641,4.817203266469908,17.707118026604498,125.41189355661722,Conveyor,True,False,False,False,0.7881284453749586,0,0,21.187155462504137,0,2025-03-10 22:04:00
86.05454727439515,7.488262162861024,29.71668848622773,5.0308314445525975,20.113113693387,121.52586317290252,Conveyor,False,True,False,False,1.0,50,1,0.0,0,2025-03-10 22:06:00
76.00181917113106,2.360772951567568,15.18216179461895,4.750931293379047,20.84114190200836,125.20833366541676,Conveyor,False,True,False,False,0.7805386085224247,0,0,21.94613914775752,0,2025-03-10 22:09:00
75.6868143304057,1.9960086093864091,17.40060788667137,5.2004360037235084,20.64355935135132,120.07327954935064,Conveyor,False,False,True,False,0.7904893515410166,39,0,1.451064845898344,0,2025-03-10 22:17:00
72.8582949848835,1.5323639014928476,17.90440149923042,5.046664700467802,19.49569439499985,123.66109036545498,Conveyor,False,False,True,False,0.6829050678650523,34,0,14.709493213494769,0,2025-03-10 22:19:00
77.29499153175306,2.127166844733196,16.24476528627419,4.794749101454287,17.84965411555184,109.21481637388324,Conveyor,True,False,False,False,0.7938280100543522,0,0,20.61719899456477,0,2025-03-10 22:21:00
75.08250920586413,1.8384278980110127,15.333703983045584,5.363985016344223,19.8458488077686,117.14962330407673,Conveyor,False,True,False,False,0.6875526535409624,34,0,14.244734645903762,0,2025-03-10 22:23:00
85.16823301271704,5.244489985457318,26.451692915135816,5.14256503341375,18.551905684800616,120.98318870875124,Conveyor,True,False,False,False,1.0,0,1,0.0,0,2025-03-10 22:25:00
78.48432853935759,1.876256296433619,16.571869764035643,4.968830905728594,21.55387431414805,119.51927856037756,Conveyor,False,False,True,False,0.7333454906697056,36,0,8.665450933029447,0,2025-03-10 22:28:00
89.85998819756271,2.324564567211362,22.25465386157352,4.432246257681584,17.824755249444948,127.36491788814917,Conveyor,False,True,False,False,1.0,0,1,0.0,0,2025-03-10 22:32:00
76.49481913347861,2.357325756432043,21.274423289405707,4.748306494645032,20.46408566368973,123.00618394075836,Conveyor,False,True,False,False,0.9032670284706724,0,0,9.673297152932776,0,2025-03-10 22:36:00
71.45450622123546,1.7544184920019763,15.137290305891144,6.1656436863073445,22.41846729185532,129.30957439075087,Conveyor,False,True,False,False,0.6558489897269774,0,0,34.41510102730227,0,2025-03-10 22:37:00
76.54347932063351,2.327632035194728,15.428801771894456,4.489166175067552,21.796232810057266,118.93510671724894,Conveyor,True,False,False,False,0.789584652962193,0,0,21.041534703780695,0,2025-03-10 22:38:00
75.14275778540413,2.217240967794349,18.33298625423025,5.846721221985542,22.07836285091222,118.35301772018728,Conveyor,False,True,False,False,0.8451022975710492,0,0,15.48977024289509,0,2025-03-10 22:41:00
74.88877177875548,2.7763726920592053,18.48695015427354,4.893668653741203,17.950682613646663,120.96096124729348,Conveyor,False,False,False,True,0.9719664424091692,0,0,2.8033557590830758,0,2025-03-10 22:43:00
82.01403270541766,1.640082420472936,17.191685681041395,5.430917469206277,22.26386002974125,118.39915245889637,Conveyor,False,False,False,True,0.6736522514786752,0,0,32.63477485213248,0,2025-03-10 22:44:00
85.12195770973972,8.638385062906899,26.842814964710712,4.992855138044907,20.573175755888776,117.2985723605216,Conveyor,True,False,False,False,1.0,0,1,0.0,0,2025-03-10 22:45:00
82.29921647407323,1.87705962686194,18.235414836921915,4.866158458187882,20.24102824718848,115.3352576491349,Conveyor,True,False,False,False,0.7430522571521487,0,0,25.69477428478513,0,2025-03-10 22:46:00
71.02869434004369,2.023689213700425,19.23032796855716,5.122801224002145,20.924591435795534,130.4942061517622,Conveyor,False,False,True,False,0.7918683527625852,0,0,20.81316472374148,0,2025-03-10 22:51:00
76.664665460793,2.4856362918982606,18.771421681062904,4.999756607071085,19.4500491819966,119.70696462108764,Conveyor,False,True,False,False,0.9024995939253284,0,0,9.750040607467142,0,2025-03-10 22:56:00
80.56662065290753,1.6349309868979498,20.838071222734527,5.606446472142017,20.205119753972696,122.25773745619752,Conveyor,False,False,True,False,0.7895266493159299,0,0,21.04733506840701,0,2025-03-10 22:58:00
79.6843600312556,1.8184531293182007,19.45963872453526,5.004008460696228,20.75335208052796,118.70520582616244,Conveyor,True,False,False,False,0.77419575590217,0,0,22.580424409782992,0,2025-03-10 23:00:00
85.0755893212995,8.285597891382894,27.842341063366234,4.7245222266219065,17.56651908005935,112.19060714137784,Conveyor,False,False,False,True,1.0,0,1,0.0,0,2025-03-10 23:01:00
74.06271427635961,2.13700640321912,18.63390401396823,5.161006483894129,20.197327460266244,114.26724918146272,Conveyor,False,False,True,False,0.8110955397913163,0,0,18.890446020868367,0,2025-03-10 23:03:00
76.01819968903833,1.7245363500470623,16.550277832399896,4.955149422555462,19.741410950286152,120.1661161925848,Conveyor,False,True,False,False,0.7193397680859253,35,0,10.56602319140748,0,2025-03-10 23:05:00
75.94473103947955,1.949263194307155,18.25109717330229,4.613981767769528,20.53471565700424,128.90226375646202,Conveyor,False,False,True,False,0.7946501053247489,0,0,20.534989467525108,0,2025-03-10 23:07:00
83.50668636931553,2.208896858624097,15.185413113015194,5.4749708606728,21.558090589163275,121.5298001221892,Conveyor,False,False,True,False,0.7833554225203759,0,0,21.6644577479624,0,2025-03-10 23:10:00
81.28928233488188,2.257369647587403,15.948070365038443,4.1754378303908375,21.03132607938874,111.38476985354384,Conveyor,False,False,False,True,0.7999195712216737,0,0,20.00804287783264,0,2025-03-10 23:14:00
78.0189326772398,1.922809999814663,20.93570088999462,5.509861249615336,18.659628548032984,117.35774501049804,Conveyor,False,True,False,False,0.8130856552141534,0,0,18.69143447858465,0,2025-03-10 23:16:00
75.10001196386688,1.9612897654610648,23.197645800149164,4.734923406604786,16.30934626685569,113.6621114773346,Conveyor,False,False,False,True,0.8696371758795001,0,0,13.03628241205,0,2025-03-10 23:18:00
74.35685849782284,1.744501347699682,14.551876378263929,5.034704430185059,19.789733105261984,120.80487748793578,Conveyor,False,False,False,True,0.6855798550530077,0,0,31.44201449469924,0,2025-03-10 23:19:00
77.54247015334741,2.056542728305431,18.888290342174518,4.558389746611046,20.04627423913541,123.67405671755208,Conveyor,False,False,True,False,0.8252591723780096,0,0,17.474082762199032,0,2025-03-10 23:25:00
76.19740538432097,1.9338385312530388,15.962260085866529,4.926049297501894,19.799914516832565,124.46538717282846,Conveyor,True,False,False,False,0.7275303828644596,36,0,9.246961713554043,0,2025-03-10 23:29:00
75.30143641670587,2.0669842739766118,17.227774447827716,5.674280701613989,19.724017009845557,115.8010129632565,Conveyor,True,False,False,False,0.7710517402615301,38,0,3.894825973846992,0,2025-03-10 23:32:00
76.83036935836168,1.7684777556209652,18.14772686882176,5.019637892522269,20.23908979666433,131.01654907628878,Conveyor,True,False,False,False,0.7414639056241518,0,0,25.853609437584826,0,2025-03-10 23:46:00
74.11809372638355,1.846239766806035,15.319022717267126,5.274356182575168,19.829627197653817,120.62961910242728,Conveyor,False,True,False,False,0.7225602235266249,0,0,27.74397764733752,0,2025-03-10 23:48:00
70.22105253833334,1.6838493513906962,16.332803434067188,5.0161230797321,17.959964635534106,118.00334988549892,Conveyor,True,False,False,False,0.6844876830545127,0,0,31.551231694548733,0,2025-03-10 23:52:00
68.70136509768847,1.901153209934604,17.678880780996405,5.305467259887598,21.03164577284265,118.59402993901286,Conveyor,False,False,False,True,0.773940242410726,0,0,22.6059757589274,0,2025-03-10 23:56:00
75.44672244429826,2.5024579018742195,16.88942779479793,5.160294901476645,21.492954350793838,118.70457970459684,Conveyor,True,False,False,False,0.8687815519445682,43,0,0.0,0,2025-03-10 23:57:00
77.60836926423384,2.3486778792517,17.2034339329149,5.3758941926988415,23.060519898359733,123.97320601786828,Conveyor,True,False,False,False,0.8165828999510732,0,0,18.34171000489268,0,2025-03-11 00:05:00
78.48901901377772,1.8381226337788603,18.235177259774403,4.695759734229944,19.39322737303746,119.45833058377706,Conveyor,True,False,False,False,0.73808936301674,0,0,26.191063698326005,0,2025-03-11 00:06:00
70.71594097003617,1.5103955344920748,16.842096485302154,5.047340026262071,18.845439351143217,122.32251082607108,Conveyor,False,True,False,False,0.6415452398455858,0,0,35.84547601544142,0,2025-03-11 00:08:00
82.14440308470424,1.72851565011858,16.20726490434964,5.156620470104038,19.055044952216463,119.58333899687828,Conveyor,False,False,True,False,0.6859053739580036,0,0,31.409462604199646,0,2025-03-11 00:09:00
77.8363665424079,1.9175464097990624,18.46851852891353,5.475857058194094,21.410554532934945,126.16364171034142,Conveyor,False,False,True,False,0.7702909209611599,0,0,22.97090790388401,0,2025-03-11 00:11:00
74.80794451160918,2.324564567211362,19.2838942588874,4.648113055446178,18.22765013134638,123.95320791943836,Conveyor,False,False,False,True,0.7537936246266461,0,0,24.620637537335384,0,2025-03-11 00:24:00
78.0189326772398,1.9796385854901557,17.45946479127222,4.9302931862132295,20.330193781231664,124.69659945116229,Conveyor,False,True,False,False,0.7901925507801842,39,0,1.4807449219815825,0,2025-03-11 00:25:00
79.90941529813742,2.044802573317964,19.08264258801656,5.324365509046278,21.08460548620337,117.98203331506544,Conveyor,True,False,False,False,0.8199697251439511,0,0,18.00302748560489,0,2025-03-11 00:45:00
81.46559234445506,2.2409464227842064,16.28980905118159,5.366161188193975,20.47824056536929,120.970105022529,Conveyor,True,False,False,False,0.8171314968088847,0,0,18.28685031911152,0,2025-03-11 00:47:00
80.04745858338535,1.643670428024742,22.108387682512134,5.100801504480772,21.71134396572541,122.06813188857168,Conveyor,False,True,False,False,0.783427082711539,39,0,2.15729172884609,0,2025-03-11 00:52:00
68.0985725671677,2.324564567211362,19.620520088750663,5.1992447982578165,16.948466198173456,113.3756934807488,Conveyor,True,False,False,False,0.8837639756634496,0,0,11.623602433655051,0,2025-03-11 00:59:00
76.51332535227289,1.9384147941511247,15.68909641236468,5.206465209170588,18.535361690402603,119.12818581793732,Conveyor,False,False,True,False,0.738220746498345,0,0,26.17792535016549,0,2025-03-11 01:00:00
78.482160160213,1.7707439640086462,23.73042404617193,5.758202938396542,22.523971391019945,122.40572945382593,Conveyor,False,False,False,True,0.8307593377609075,0,0,16.92406622390925,0,2025-03-11 01:04:00
83.51569923327588,2.324564567211362,30.066941226744863,5.080013514924931,23.754856707604237,116.965873291068,Conveyor,False,True,False,False,1.0,0,1,0.0,0,2025-03-11 01:06:00
79.88685529465182,1.885264280699213,16.81506908923897,4.671327669477991,18.55599719838646,124.60198080627242,Conveyor,True,False,False,False,0.7404914700924364,37,0,7.45085299075636,0,2025-03-11 01:08:00
76.38264808710281,2.324564567211362,18.65414474975569,5.649411684356723,19.049540201134132,125.339283386472,Conveyor,True,False,False,False,0.6940255478030389,0,0,30.597445219696112,0,2025-03-11 01:09:00
74.62487150484357,2.010170817104701,15.359845624525397,4.819703889078899,22.392142983565797,116.36555308397644,Conveyor,True,False,False,False,0.7565075809419408,0,0,24.34924190580591,0,2025-03-11 01:12:00
75.27467816659649,1.642877679297653,17.522494795873133,4.199317599309786,18.47673884178002,125.22603791016124,Conveyor,False,True,False,False,0.6796735201348845,33,0,15.532647986511549,0,2025-03-11 01:13:00
80.7757965782685,1.9467212015723785,18.283191573479765,5.246971452370929,18.55947042178683,121.53654676868167,Conveyor,False,False,False,True,0.7801125886248728,0,0,21.98874113751272,0,2025-03-11 01:16:00
78.16812897583111,2.289172080222759,20.34132325863532,5.355121574231539,19.684463594334638,122.07655738620169,Conveyor,True,False,False,False,0.9067537493804744,0,0,9.32462506195256,0,2025-03-11 01:18:00
83.08667549667575,1.896455935658592,15.97471111711382,4.655824612773267,21.090305785617403,124.58164476719286,Conveyor,False,False,True,False,0.7392159996003385,36,0,8.078400039966155,0,2025-03-11 01:25:00
79.86096901239647,2.206379891615428,14.129140080572387,5.27773055245972,20.831214389769123,122.04342381137704,Conveyor,False,False,True,False,0.7415253517588277,0,0,25.847464824117225,0,2025-03-11 01:26:00
78.7654523694385,2.10254756418649,15.31975020869043,4.855507922834251,18.307472993733832,120.87682620327666,Conveyor,False,True,False,False,0.7393593496051342,36,0,8.064065039486579,0,2025-03-11 01:30:00
74.31179240358517,2.292812215806784,17.324244449052387,5.057362384428521,20.74457246979327,109.28016584189002,Conveyor,True,False,False,False,0.842714343179793,0,0,15.7285656820207,0,2025-03-11 01:46:00
78.0189326772398,2.419845928091703,18.004463244324803,5.2301426898080505,18.380789120638184,120.51191099173826,Conveyor,False,False,True,False,0.8576203120726436,42,0,0.0,0,2025-03-11 01:47:00
73.44836609787396,1.9167459143419296,17.085562921361607,5.316598974389183,19.101045817064414,120.48215189764252,Conveyor,True,False,False,False,0.7262895219855963,0,0,27.37104780144037,0,2025-03-11 01:49:00
74.60062617953625,2.1978949994247112,20.34220394333912,5.379955627299717,18.24918577157846,125.43970126634277,Conveyor,False,False,True,False,0.8853320530875135,0,0,11.466794691248651,0,2025-03-11 01:53:00
80.44408780175883,1.9019980257472868,18.627446365793816,5.724622309277565,17.64018059065744,104.52855375454304,Conveyor,False,False,True,False,0.7720751859373117,38,0,3.792481406268834,0,2025-03-11 02:00:00
75.78467403153294,2.03742562989918,15.030790416160697,5.231630520350201,18.3198723012117,117.7638782016124,Conveyor,True,False,False,False,0.7436147818704956,0,0,25.638521812950444,0,2025-03-11 02:01:00
81.17950462339111,2.1145202506887526,20.69187001567663,5.486689396999179,22.6341523845403,119.01853191127115,Conveyor,False,False,False,True,0.8496171505413133,0,0,15.038284945868668,0,2025-03-11 02:03:00
75.83296406339812,2.1351839148294163,18.57605673661098,4.968564642834258,19.24496489292579,121.73681701758062,Conveyor,False,False,True,False,0.8206081560225748,0,0,17.939184397742522,0,2025-03-11 02:13:00
77.80388655387439,2.040249924798753,20.24193404722876,5.0483160930004445,20.49061282707996,118.03620523791596,Conveyor,False,True,False,False,0.8471476421146504,42,0,0.0,0,2025-03-11 02:18:00
78.5823043948433,2.1285026151982174,19.61114940561235,4.6999909273737135,20.231972814854934,112.4908153768508,Conveyor,False,False,True,False,0.831303020068283,0,0,16.869697993171698,0,2025-03-11 02:19:00
75.70726149830455,1.786561341774889,19.951646674577127,5.461999024216647,20.74178373807316,120.19932103745792,Conveyor,False,False,True,False,0.7639800791283028,38,0,4.60199208716972,0,2025-03-11 02:20:00
76.22530075041573,1.961436112024413,17.917503742041593,5.508971353126638,16.678597721173173,112.29783641437852,Conveyor,False,True,False,False,0.7746193536944581,38,0,3.5380646305541887,0,2025-03-11 02:28:00
76.63921455456781,2.479841282034137,17.239088191667296,5.00375814183034,21.26532543683318,118.9015647748808,Conveyor,True,False,False,False,0.8880161778451878,44,0,0.0,0,2025-03-11 02:31:00
77.93313523026067,2.324564567211362,21.277921055199663,5.366261521703338,22.61207548293006,120.85519746318572,Conveyor,False,False,False,True,0.9433696890283264,47,0,0.0,0,2025-03-11 03:04:00
75.13111654819826,1.951874185407396,16.585120910375625,4.604451060945767,19.582122914364927,111.51841882441887,Conveyor,False,False,True,False,0.7279713945097492,0,0,27.202860549025075,0,2025-03-11 03:06:00
78.28257930004567,1.4986490682517806,19.140974661727142,4.716488718911401,19.942608076303767,124.38022888335964,Conveyor,True,False,False,False,0.7041084868131969,35,0,12.089151318680308,0,2025-03-11 03:17:00
71.50537679910006,1.852412928539155,17.374327053896955,5.489517449005266,17.781989605534555,120.4765169957681,Conveyor,False,False,False,True,0.7415474999540064,37,0,7.345250004599364,0,2025-03-11 03:20:00
77.7914795476204,2.3984170666960902,20.061838676733814,5.379718599350126,16.655485038905027,123.90504477303575,Conveyor,True,False,False,False,0.8926982798644207,44,0,0.0,0,2025-03-11 03:21:00
78.6276790417332,2.1916031419640905,17.88829563469438,4.618736998097964,19.98669360156564,118.24332532272145,Conveyor,False,True,False,False,0.8389245136657055,0,0,16.107548633429445,0,2025-03-11 03:25:00
83.8202657187392,7.255777176742438,26.25893892858984,5.145198281373075,21.700532747147765,120.08876273086643,Conveyor,True,False,False,False,1.0,0,1,0.0,0,2025-03-11 03:26:00
85.30368622353842,5.763274513779846,22.34844940041545,4.903049816757956,21.230911213863006,119.51405228088282,Conveyor,False,False,True,False,1.0,50,1,0.0,0,2025-03-11 03:38:00
78.0189326772398,2.081935530288093,14.749757482234951,4.6057067866290105,22.97506039913386,119.258584310363,Conveyor,False,True,False,False,0.7263328553669232,0,0,27.366714463307687,0,2025-03-11 03:40:00
76.50490347512897,1.896780812988732,20.82271372349125,4.564842795156297,23.176595004512848,117.83076238323714,Conveyor,False,False,False,True,0.8248525808837562,0,0,17.51474191162437,0,2025-03-11 03:44:00
78.57848559838595,1.7060223275653268,17.346772438677576,4.717697775109121,21.53732964914889,115.9803982788029,Conveyor,False,False,False,True,0.6899466412773849,34,0,14.005335872261512,0,2025-03-11 03:46:00
80.565804177135,1.595546886371753,17.83243380022187,5.498921460265871,21.54132907051273,118.42519793772628,Conveyor,False,False,True,False,0.6830273997228323,34,0,14.697260027716766,0,2025-03-11 03:50:00
75.97306504012366,2.5700805272932894,17.595322186259825,5.616528457920529,21.63570825358549,123.61247884721467,Conveyor,True,False,False,False,0.914468584533594,0,0,8.553141546640603,0,2025-03-11 03:52:00
78.90143918167722,2.493062452736159,15.11617928777638,5.311094018899142,18.59306988673266,126.96962265270535,Conveyor,False,True,False,False,0.8380249218674347,0,0,16.19750781325652,0,2025-03-11 03:54:00
76.35576139308925,2.117338363079818,19.891859170540755,5.029874337054754,22.397971390386665,115.90762456934915,Conveyor,True,False,False,False,0.8654274137787829,0,0,13.457258622121714,0,2025-03-11 03:55:00
76.20757017997755,2.462097193945966,18.167745003521865,4.547572548026012,20.361614118204944,125.9423748325176,Conveyor,False,True,False,False,0.8870228407774977,0,0,11.297715922250234,0,2025-03-11 04:01:00
77.17638049788873,1.834046826395819,15.839185341442995,4.615143508723846,19.71938859511592,116.72829064472448,Conveyor,False,False,False,True,0.7278389602382433,36,0,9.21610397617566,0,2025-03-11 04:02:00
76.65945980985751,2.137698200502287,16.016945917790736,5.846929657748381,18.682251813545744,128.27334157933353,Conveyor,False,False,False,True,0.7671998514485964,0,0,23.280014855140365,0,2025-03-11 04:11:00
71.08476751527735,1.9689239439782655,18.301204985689267,5.058246798730757,19.892440480572542,118.0645787776253,Conveyor,False,True,False,False,0.7677541602532133,0,0,23.224583974678666,0,2025-03-11 04:13:00
78.88471572599236,2.0661750613212084,18.18061959841287,4.965535158360202,17.146060645352836,122.35285729700148,Conveyor,False,True,False,False,0.8165285094974779,0,0,18.347149050252213,0,2025-03-11 04:17:00
78.0189326772398,6.775636582846289,27.85146052124286,4.789407058082031,19.115361138999297,122.11071846097632,Conveyor,False,False,True,False,1.0,0,1,0.0,0,2025-03-11 04:23:00
76.36638376913417,2.027947501309922,16.41021270599662,5.326237697838465,16.542714241105568,124.17494713689292,Conveyor,False,True,False,False,0.7819918648755285,0,0,21.80081351244715,0,2025-03-11 04:25:00
72.60108918639472,1.2339351211832306,18.308063683367173,4.514614655938831,19.18356756026677,128.1914059156821,Conveyor,False,False,False,True,0.6620909602420926,0,0,33.79090397579074,0,2025-03-11 04:27:00
73.7846700649988,1.949484523258144,17.834604509963203,5.438993988541266,19.88283648483081,119.7768618846678,Conveyor,False,True,False,False,0.7732087646109589,0,0,22.679123538904108,0,2025-03-11 04:28:00
81.48693915818919,2.1171098583186128,18.71811018696073,4.272379593878981,22.31433215830868,116.42227790120737,Conveyor,False,False,True,False,0.8200038317543936,0,0,17.999616824560633,0,2025-03-11 04:30:00
74.05012875007941,2.5147722893398083,15.082483214938613,4.893073190732877,19.777732199752656,120.6911261825092,Conveyor,True,False,False,False,0.8316976737646131,0,0,16.83023262353869,0,2025-03-11 04:36:00
76.2754827053812,2.324564567211362,16.958062897537808,5.2850017768368645,19.485923334682784,115.6016309329268,Conveyor,False,False,False,True,0.7910200862029159,0,0,20.89799137970841,0,2025-03-11 04:41:00
79.35218875805613,2.259447331547303,19.69223693859187,4.43581303343489,18.50336332601097,114.9993053938002,Conveyor,False,False,True,False,0.8773291286457162,0,0,12.267087135428383,0,2025-03-11 04:43:00
80.467620986658,1.898072297705743,18.871092637984727,4.958940570619747,19.48804322800991,128.04671687804938,Conveyor,False,False,True,False,0.8048481624057124,0,0,19.51518375942875,0,2025-03-11 04:50:00
79.11421128969282,1.8321361144131596,16.642039307073738,5.244640624619874,21.51941432700467,118.66991652219826,Conveyor,False,True,False,False,0.7226398989959669,36,0,9.736010100403306,0,2025-03-11 04:53:00
76.5594826726863,2.4077568482492078,14.250215871904937,4.939192437746921,23.51608066824894,117.57444990347967,Conveyor,False,True,False,False,0.8084571577059565,0,0,19.154284229404357,0,2025-03-11 04:55:00
81.54764175156404,1.4771157408540003,14.038327058154731,4.423463301713852,21.59267715043748,118.60660548580222,Conveyor,False,False,True,False,0.6130991681608192,0,0,38.69008318391808,0,2025-03-11 04:57:00
80.24107680139221,2.470454728858198,19.63753194169763,5.262562626195989,19.945329019612945,134.37041349004957,Conveyor,False,False,True,False,0.9124963468890264,0,0,8.750365311097369,0,2025-03-11 04:59:00
72.96909641885067,1.737247278051467,16.222280603928652,4.554774359525129,23.10492160860452,114.64872279992792,Conveyor,False,False,True,False,0.7153644469882695,0,0,28.463555301173045,0,2025-03-11 05:06:00
71.93622040661344,1.7582601035347385,17.680503004016828,5.173225578696528,21.281553980524134,123.97463008836972,Conveyor,False,False,False,True,0.7065238250666244,35,0,11.847617493337566,0,2025-03-11 05:07:00
76.4653933901899,2.413540206636142,17.535452994401055,5.1554588984133245,21.05282337808894,125.51541639146684,Conveyor,False,True,False,False,0.881858258138108,0,0,11.814174186189192,0,2025-03-11 05:10:00
78.25735350396214,2.0022088044270703,18.837409156584737,4.805133126788342,22.60685714275288,128.31388644589734,Conveyor,False,False,True,False,0.8027895815268378,0,0,19.72104184731623,0,2025-03-11 05:14:00
81.42911472338874,1.5564359189003605,17.972053543047853,4.112956367939194,18.53735171631959,126.5054834673281,Conveyor,False,False,False,True,0.708843220665125,0,0,29.115677933487504,0,2025-03-11 05:15:00
78.95839332273796,2.400165723650172,18.56242336516813,4.851991013665102,19.34221324159253,124.10288405834474,Conveyor,False,False,True,False,0.8766513329861529,0,0,12.334866701384712,0,2025-03-11 05:21:00
76.0476397311063,2.403544286135725,19.208214910878088,5.353776974952695,18.372287685256502,123.4342348853186,Conveyor,True,False,False,False,0.8730542800874957,0,0,12.694571991250427,0,2025-03-11 05:29:00
85.34386825395906,5.447639737764459,25.871570987003476,4.258507103512351,22.51708340067889,125.48711343711354,Conveyor,True,False,False,False,1.0,0,1,0.0,0,2025-03-11 05:37:00
77.5283257444294,1.9495222596537376,16.882400855875318,4.731233075814004,19.176792465834247,123.2840291425474,Conveyor,False,False,False,True,0.7625602685305402,0,0,23.74397314694599,0,2025-03-11 05:41:00
78.21781584890608,1.9685096877309127,18.871895259430943,5.512553359249454,21.529892908141637,119.72204738400364,Conveyor,False,False,True,False,0.802194560514149,0,0,19.780543948585105,0,2025-03-11 05:50:00
78.0189326772398,2.183837222474987,16.476117523729833,4.244118606551382,20.802055924454297,121.8154921633052,Conveyor,False,True,False,False,0.8066989830962268,40,0,0.0,0,2025-03-11 05:51:00
79.60813178693785,2.2570212264411373,18.52500578170367,4.867288491291151,20.67698423711512,105.7186229332942,Conveyor,True,False,False,False,0.864120684138657,0,0,13.587931586134305,0,2025-03-11 06:04:00
80.86853960315896,2.119414464952779,16.431672283280335,4.388563481496286,18.294960321618777,118.5525495978319,Conveyor,True,False,False,False,0.7627760978813741,38,0,4.722390211862589,0,2025-03-11 06:05:00
75.05707965858059,2.1351487171334105,21.20019569364096,4.682746134554425,22.33757601782117,123.582151018287,Conveyor,False,True,False,False,0.8942188524883965,44,0,0.0,0,2025-03-11 06:08:00
82.01539092634934,1.4285166637968083,17.494750262394728,4.988812234205208,20.059033632491293,119.24318548212128,Conveyor,False,True,False,False,0.6677094217977786,0,0,33.22905782022214,0,2025-03-11 06:11:00
81.23278863258965,1.818848510752044,18.27996419264271,4.9167178968040135,17.860304132864382,107.5872800704458,Conveyor,False,True,False,False,0.7704392765741226,0,0,22.956072342587746,0,2025-03-11 06:15:00
87.25722727934193,5.610734826994955,27.95619345426593,4.912235071611172,21.906268431613324,108.5027223816505,Conveyor,False,False,True,False,1.0,0,1,0.0,0,2025-03-11 06:22:00
82.16815163968135,6.218105197837986,23.76800367111625,5.093971250035247,20.491439325992623,129.00522598269666,Conveyor,True,False,False,False,1.0,50,1,0.0,0,2025-03-11 06:23:00
80.37704080555883,2.3068524414652294,17.858326304167818,4.844967643497772,21.30813529330068,121.66173185736002,Conveyor,False,False,True,False,0.8635457154213699,0,0,13.645428457863003,0,2025-03-11 06:24:00
79.89825765331385,1.942866144221235,18.182249734506755,4.3338461447036,19.75063689151876,123.29700894924248,Conveyor,False,False,True,False,0.7566574873190889,0,0,24.33425126809111,0,2025-03-11 06:25:00
74.9880626108749,1.8277752268738192,18.21539889821324,4.659773844198626,24.019443040850003,121.50500616959238,Conveyor,False,False,True,False,0.7370833384042048,0,0,26.29166615957952,0,2025-03-11 06:26:00
78.1458744449764,2.324564567211362,22.154686879139906,4.645344332318161,19.90795093985013,121.3546067135372,Conveyor,True,False,False,False,0.9325879128046544,0,0,6.741208719534555,0,2025-03-11 06:29:00
77.98381188725011,1.8115568782492464,22.412937959769344,5.269102714879769,17.51823440763088,120.53801718111475,Conveyor,False,False,False,True,0.8472577473160666,0,0,15.274225268393335,0,2025-03-11 06:30:00
78.0189326772398,2.101507232580788,10.326688903081262,5.561726512797981,20.472143842182746,119.76687617392663,Conveyor,False,False,True,False,0.6559113610860291,0,0,34.40886389139709,0,2025-03-11 06:32:00
76.90326849413455,2.324564567211362,18.68631710839483,4.759668144361634,21.41159982717789,112.63427061676737,Conveyor,False,True,False,False,0.7430913201705787,0,0,25.690867982942137,0,2025-03-11 06:41:00
78.78958894676182,1.5932088965420108,16.04346870146752,4.631939107416926,19.99772824557793,126.46966761552856,Conveyor,False,True,False,False,0.6434841259963715,0,0,35.65158740036284,0,2025-03-11 06:45:00
81.19966221188476,2.2559604635154664,15.334643117949591,5.321942375272032,19.783268237833354,112.45224188765025,Conveyor,False,False,True,False,0.8038939391740169,0,0,19.61060608259831,0,2025-03-11 06:51:00
74.97800854895932,2.1549933337807903,19.933913290689635,5.038140109733112,21.634069754231916,116.12657971168078,Conveyor,False,True,False,False,0.8668812593781067,0,0,13.311874062189332,0,2025-03-11 06:53:00
74.71859392142565,1.578554916821748,18.898867031894525,5.3116522502353405,20.022550888312686,127.19798963715068,Conveyor,True,False,False,False,0.7159431583458672,0,0,28.40568416541328,0,2025-03-11 06:55:00
80.98403156074384,1.9043460933515808,17.04056220646773,4.659920901674138,20.64610990097277,119.36321165939444,Conveyor,True,False,False,False,0.7564913826759222,0,0,24.35086173240778,0,2025-03-11 06:57:00
78.88896854364344,1.976027464201235,22.37146123344515,4.896161311276292,21.35116269768584,124.31707035780803,Conveyor,False,True,False,False,0.8836797844250609,0,0,11.632021557493914,0,2025-03-11 06:59:00
79.16054048595524,1.9507274044903904,14.30348293984317,5.348689769673655,20.378319505044296,119.97759101811604,Conveyor,False,False,False,True,0.7104085895868457,0,0,28.959141041315437,0,2025-03-11 07:03:00
84.07229324295864,2.20927609110176,13.910741992397464,5.42741982338212,18.64067281071096,126.17228489382346,Conveyor,True,False,False,False,0.7238994194391543,0,0,27.61005805608457,0,2025-03-11 07:04:00
74.77190696167871,1.749172498934112,16.84203156012019,4.964571573092484,21.95983110160175,122.13918930268022,Conveyor,False,False,False,True,0.7048278852834646,0,0,29.51721147165354,0,2025-03-11 07:05:00
81.15018428696382,1.9585752996015555,16.589778959668077,5.235262905774346,18.64339924650369,119.0315816997781,Conveyor,False,False,True,False,0.762641855819728,0,0,23.735814418027203,0,2025-03-11 07:16:00
80.35297297043459,2.0283863134008078,19.35301495287995,4.778162703826979,24.56103043123916,122.15998281684806,Conveyor,False,False,True,False,0.8296544385281487,0,0,17.03455614718513,0,2025-03-11 07:21:00
82.05766966134222,1.91454891867734,18.229883543518262,4.901931031259446,20.981533535894325,120.08591925192763,Conveyor,False,True,False,False,0.7812243956672086,0,0,21.877560433279143,0,2025-03-11 07:26:00
73.76547995343648,2.929489830221377,20.24337828477584,5.018484641468367,19.699619259780835,130.05451517706717,Conveyor,False,False,True,False,1.0,0,0,0.0,0,2025-03-11 07:28:00
77.41807783726989,1.9225474585905695,18.45818966329276,5.299574445522371,22.98332695813228,118.09973174699849,Conveyor,False,True,False,False,0.7542722764672727,37,0,6.072772353272725,0,2025-03-11 07:29:00
79.37537239414634,2.1530373083750223,17.35366466859503,5.59765675890673,19.115995153122228,115.7185593816986,Conveyor,False,False,False,True,0.8180296251967267,40,0,0.0,0,2025-03-11 07:30:00
77.03013193975306,1.3087364192168098,19.672968275929883,4.825978959905656,18.742064489600704,115.48792639627938,Conveyor,True,False,False,False,0.6903574554888309,34,0,13.964254451116917,0,2025-03-11 07:38:00
79.92414645252838,2.810908269321525,16.498559331014373,4.083482877246373,21.28468971972318,107.85122351158728,Conveyor,True,False,False,False,0.9185168160726912,0,0,8.148318392730886,0,2025-03-11 07:40:00
79.18043604703217,2.0656891747567925,16.935712219653794,4.792746377333257,19.223049051175234,122.5215950778228,Conveyor,False,False,False,True,0.77757975668274,0,0,22.242024331726,0,2025-03-11 07:44:00
78.12898880544859,1.7474535104395543,17.222863559017593,4.784705147970084,17.321388077080606,121.92910743216112,Conveyor,False,True,False,False,0.7271660750920669,36,0,9.283392490793318,0,2025-03-11 07:45:00
76.11811843947831,1.2694063004651337,15.752243189748812,4.606234781529915,18.494801861301063,119.44808409676982,Conveyor,False,False,True,False,0.5803729949609409,29,0,27.462700503905918,0,2025-03-11 07:46:00
73.85151027634838,2.3590732846284057,12.113716869056534,4.843108155462391,20.160004483050567,120.58282828407668,Conveyor,False,True,False,False,0.7551841162598762,37,0,5.981588374012375,0,2025-03-11 07:55:00
79.12946367964912,2.048176829951528,16.732820969012373,4.242167539811079,20.21298417586339,125.97074074006564,Conveyor,True,False,False,False,0.7587915555292182,0,0,24.120844447078184,0,2025-03-11 08:00:00
75.76556972868906,1.8226165971890884,20.065315033244023,4.6386827556883565,17.919070229853702,119.94496839185796,Conveyor,True,False,False,False,0.7897360187147413,0,0,21.02639812852587,0,2025-03-11 08:11:00
81.03947851342402,1.3628157251898003,18.27771206486176,5.640363196755566,19.754549493713764,131.90193873082245,Conveyor,True,False,False,False,0.6722178362601066,0,0,32.77821637398934,0,2025-03-11 08:15:00
73.24176370511469,2.0729403965415467,16.19469128002436,5.494985836693416,17.592793533652905,123.9186569837644,Conveyor,True,False,False,False,0.7612372199494393,38,0,4.876278005056079,0,2025-03-11 08:22:00
77.75490125468251,2.183699664200754,18.48414134057593,5.351461940072151,20.570504975473824,118.77800082231244,Conveyor,False,False,True,False,0.8469322144152501,42,0,0.0,0,2025-03-11 08:24:00
82.4543259048954,1.844579294157483,19.681213425566767,4.877015639993943,21.381579692071888,115.82199379656127,Conveyor,True,False,False,False,0.777813499969232,0,0,22.218650003076803,0,2025-03-11 08:29:00
77.7026510575265,1.461823666042411,21.28285725544463,5.32309582239366,16.977487340739366,120.36552127190372,Conveyor,False,False,False,True,0.7294381114633987,0,0,27.05618885366013,0,2025-03-11 08:35:00
79.30914617663352,1.829988467583484,18.131577297297927,5.632135908329188,19.995627272877808,115.45183913627648,Conveyor,False,False,True,False,0.760579869173327,38,0,4.942013082667302,0,2025-03-11 08:36:00
84.15197332973696,1.884037515230672,17.75015680935287,4.817911767646918,17.646351462960162,113.21150636566225,Conveyor,True,False,False,False,0.7740376013761607,0,0,22.596239862383925,0,2025-03-11 08:41:00
75.9886180330956,1.809337670355333,17.56960735287964,4.8964942352510485,19.204865620992692,127.95607645441147,Conveyor,False,True,False,False,0.7367205671109651,0,0,26.327943288903484,0,2025-03-11 08:42:00
76.80622546916115,2.062496752587678,20.286796214299105,4.801179005265727,20.14534681405147,122.7138733695628,Conveyor,True,False,False,False,0.8596893243090196,42,0,0.0,0,2025-03-11 08:43:00
87.12334449098695,6.342607508237848,28.247794472756603,5.176567903957181,19.36669897279288,116.7171151832654,Conveyor,False,False,True,False,1.0,0,1,0.0,0,2025-03-11 08:45:00
76.21169025872041,1.2788994196698409,18.17478285784024,4.772876863126358,20.91893956600567,124.31913672077884,Conveyor,False,False,True,False,0.6278688628154692,0,0,37.21311371845309,0,2025-03-11 08:52:00
79.31535122802451,2.2016880224121205,23.167147320333136,5.116035159854173,19.51888044278173,114.75162942121602,Conveyor,False,True,False,False,0.9128174884619688,0,0,8.718251153803124,0,2025-03-11 08:54:00
79.29447086668792,1.5498570352510996,15.339547488717324,5.017560213249356,20.250224089277417,117.76636567138586,Conveyor,True,False,False,False,0.6623244318758116,0,0,33.767556812418846,0,2025-03-11 08:55:00
79.62490562907814,1.5802764715446571,18.857522517761527,4.959930892485297,22.01199510432452,123.12644756271034,Conveyor,False,False,True,False,0.7272849106695379,36,0,9.271508933046206,0,2025-03-11 09:04:00
79.78752037159396,1.528654294664635,17.886422808227447,5.03840370719882,19.536134138550903,122.16523189301974,Conveyor,False,False,False,True,0.6854454852433471,34,0,14.455451475665283,0,2025-03-11 09:08:00
74.23940720585469,2.324454225889922,16.219128494114678,5.080829802464525,19.638027644382905,121.56619124500357,Conveyor,False,False,False,True,0.8266785433261253,41,0,0.0,0,2025-03-11 09:09:00
78.95053359567322,2.3275416017223938,16.814594354085788,5.682144942605234,20.032498117555345,106.72458991060256,Conveyor,False,False,True,False,0.8482240140062696,0,0,15.177598599373042,0,2025-03-11 09:11:00
78.50143528875077,1.9544097853051885,15.352700858315645,4.370548391153206,20.1822545147284,123.08012854373835,Conveyor,False,False,False,True,0.7226642177378328,0,0,27.73357822621672,0,2025-03-11 09:14:00
76.92758752202279,2.501404272631243,21.25286146921772,4.778883632981928,19.007097230123858,124.94799664795237,Conveyor,False,True,False,False,0.9682734250738606,0,0,3.1726574926139364,0,2025-03-11 09:20:00
76.6618172172144,2.15172062974184,17.227954404258604,5.574342585634359,22.56132333398264,125.379670613504,Conveyor,True,False,False,False,0.7940607141841034,0,0,20.593928581589665,0,2025-03-11 09:22:00
74.33138119599522,1.9739896591555373,16.168489917732877,5.11382671618981,21.375059708883526,120.72879319663828,Conveyor,True,False,False,False,0.7386566737646139,0,0,26.13433262353861,0,2025-03-11 09:23:00
78.58923531243376,2.1932371303550324,18.185255175897847,4.668271850255452,19.184134919730116,126.94400051809788,Conveyor,False,False,True,False,0.8379844271605424,41,0,0.0,0,2025-03-11 09:34:00
74.11507785173333,1.7417812509813984,15.0835737723625,4.917135324362384,19.19784161591329,122.17063490770488,Conveyor,False,True,False,False,0.6673182894952208,33,0,16.768171050477918,0,2025-03-11 09:37:00
76.89181740835913,2.2017168012834145,21.26025992974882,5.508035210101959,19.27256668268358,119.92067040773244,Conveyor,False,True,False,False,0.8907114630161771,44,0,0.0,0,2025-03-11 09:38:00
78.52510476245496,2.0499967452079533,18.74068053465769,5.518002859975367,17.54554732235081,115.56099309831173,Conveyor,True,False,False,False,0.815208175564561,40,0,0.0,0,2025-03-11 09:39:00
83.97180237220577,6.428425100085297,18.586657318471552,4.845402043870884,18.33773795527288,122.9299588448939,Conveyor,False,False,False,True,1.0,50,1,0.0,0,2025-03-11 09:45:00
74.29183484015101,2.132524020913267,19.791592436471856,4.692133436395444,20.434676717987333,113.8654216185238,Conveyor,False,False,True,False,0.8524588812334635,0,0,14.754111876653653,0,2025-03-11 09:47:00
81.61245870786863,2.373369548106577,19.352714095349818,5.397947477515175,19.788137268397204,115.12489307530744,Conveyor,True,False,False,False,0.8893697131476436,44,0,0.0,0,2025-03-11 09:50:00
77.24921261074795,1.6037364933868048,18.46773020201849,4.940145622299283,18.883634949566645,117.76772760872475,Conveyor,False,False,True,False,0.7295365452497223,0,0,27.046345475027763,0,2025-03-11 09:52:00
77.96930192849628,1.5366698455255268,17.66145112333475,4.868671622923776,20.026954872524705,115.9163103406755,Conveyor,True,False,False,False,0.6810594695947306,0,0,31.89405304052694,0,2025-03-11 09:55:00
77.53775084942328,2.0076155833916816,20.01282208005311,5.11276720830042,18.867313402327223,114.01830050394894,Conveyor,False,True,False,False,0.8086927074821878,0,0,19.13072925178122,0,2025-03-11 10:03:00
79.66875209645352,1.7850279534727684,15.884326762779532,5.275485097821908,20.73326883471948,108.41777571536257,Conveyor,False,False,True,False,0.7201173349386679,36,0,9.988266506133217,0,2025-03-11 10:04:00
78.04605574681614,2.180774080393502,18.18587130536596,5.393494417561426,19.09969366312156,121.15834969509363,Conveyor,False,True,False,False,0.8393518890930055,0,0,16.06481109069945,0,2025-03-11 10:09:00
76.31651431851047,2.631589228837494,19.88743101151209,4.708483921449047,18.9126209856626,122.2243745833856,Conveyor,False,True,False,False,0.9499521200220112,0,0,5.004787997798871,0,2025-03-11 10:13:00
76.69920211859672,2.4104238051465803,19.226920331343678,5.346269860466948,20.197625164620938,114.8813277736109,Conveyor,False,False,True,False,0.8831512086104584,0,0,11.68487913895416,0,2025-03-11 10:16:00
79.52919835959177,2.134094515102956,17.42369947515497,4.865573321397704,21.13542910419173,121.27892126163182,Conveyor,True,False,False,False,0.8229206368606317,0,0,17.70793631393684,0,2025-03-11 10:26:00
90.32705430452944,7.391294390541066,27.07132211310625,5.107521973775692,19.799711396821262,123.12538398502036,Conveyor,True,False,False,False,1.0,0,1,0.0,0,2025-03-11 10:27:00
71.5845983823038,2.1458929980050665,19.021201380820628,4.850243986717234,21.487780550761787,123.71504847025038,Conveyor,False,False,True,False,0.8255425476196294,0,0,17.445745238037063,0,2025-03-11 10:31:00
75.34416053046333,2.597411125525072,17.52692523326293,4.394234375040751,18.76026293643465,124.67137008818274,Conveyor,False,False,False,True,0.8756375913724749,0,0,12.436240862752513,0,2025-03-11 10:34:00
76.49987553463474,2.477121070572092,18.376146713983545,4.966994592435443,20.06453672752269,128.74883252940415,Conveyor,False,False,False,True,0.8705030821887957,0,0,12.949691781120436,0,2025-03-11 10:36:00
72.75830828074874,2.1304823115103697,16.4268558168843,4.7827912214456845,19.71622949726162,129.62470256593528,Conveyor,False,False,False,True,0.7686072388376054,38,0,4.139276116239458,0,2025-03-11 10:40:00
91.87768208726708,6.792584181587802,22.78940843393203,5.676925207641951,20.7889162709372,116.65783484675616,Conveyor,False,True,False,False,1.0,50,1,0.0,0,2025-03-11 10:54:00
80.35115265394519,1.9036522883882891,19.207426481088397,4.691492233329008,19.72592230727851,116.88409842345968,Conveyor,False,True,False,False,0.7791617690188815,0,0,22.08382309811185,0,2025-03-11 10:58:00
78.18857857091598,1.7488729599154882,16.868125738215188,4.916432817051652,19.05433221381023,129.40810644678885,Conveyor,False,True,False,False,0.7290364805777781,0,0,27.096351942222185,0,2025-03-11 11:01:00
80.23191754048256,2.6535686521974986,18.305051765795238,5.274730998181135,20.4236746460834,117.16598273952091,Conveyor,False,False,True,False,0.9443442545430244,0,0,5.565574545697544,0,2025-03-11 11:08:00
77.97497127148898,1.955797932013548,22.42865988511319,4.003044139366773,19.1224052429051,129.5233994104082,Conveyor,False,False,True,False,0.8568214274573651,42,0,0.0,0,2025-03-11 11:10:00
71.75272370165645,2.747655199580206,21.82537626871359,5.275160833156959,19.922628114176632,117.7464672041137,Conveyor,True,False,False,False,1.0,50,0,0.0,0,2025-03-11 11:14:00
78.4835717878123,2.034973553603739,19.514353642204046,5.484066438146128,20.157613956812444,116.77688934460764,Conveyor,True,False,False,False,0.8267815481329328,0,0,17.321845186706724,0,2025-03-11 11:17:00
79.01784626876514,2.3214547806743115,18.83419064884649,4.742028615871081,17.742401214644442,121.03252812572916,Conveyor,True,False,False,False,0.8435071743550364,42,0,0.0,0,2025-03-11 11:18:00
81.55560958918369,1.5480397909428802,16.030732625964088,5.317304998382013,18.48805664762954,120.44614143437374,Conveyor,False,True,False,False,0.6709518673862483,0,0,32.90481326137517,0,2025-03-11 11:19:00
79.00770786826024,1.4103332325570483,19.142282484076148,4.697815679442847,23.081143374385466,120.31508829449616,Conveyor,False,False,False,True,0.6786337523315795,0,0,32.13662476684205,0,2025-03-11 11:20:00
81.04877490909891,1.823865418813956,16.5530267551604,5.893246366852871,20.689212588453515,122.61842370689584,Conveyor,True,False,False,False,0.7452712897257622,0,0,25.47287102742378,0,2025-03-11 11:21:00
82.27674015431477,1.8725505957423083,16.057875941784534,5.410434976384002,20.62732261739929,122.05680138784854,Conveyor,False,True,False,False,0.7322934364807882,0,0,26.77065635192119,0,2025-03-11 11:23:00
74.53670571312377,1.571952026965597,16.02495407514601,4.731782735433327,19.809265955814904,124.78704922616096,Conveyor,False,False,True,False,0.6414199392731778,0,0,35.85800607268223,0,2025-03-11 11:26:00
79.20978988905397,2.020801148514604,19.48263963381583,4.939441003223436,21.464746554159333,113.87800113389486,Conveyor,False,False,False,True,0.809323004359946,0,0,19.06769956400541,0,2025-03-11 11:27:00
75.9088954818674,2.246069719491796,14.440249783583663,5.139846132411354,20.245807102604683,117.4286551421468,Conveyor,False,False,True,False,0.778295821474108,0,0,22.1704178525892,0,2025-03-11 11:30:00
75.15835091800707,2.245191861121498,20.12834140468209,5.053399767624549,20.49445029921169,124.4991474806648,Conveyor,False,True,False,False,0.8989194779935997,0,0,10.108052200640032,0,2025-03-11 11:31:00
84.73340326964461,2.2862255306469885,23.010897810713782,3.810677531482977,18.63232656849704,116.39805820599764,Conveyor,False,True,False,False,0.9517884215961856,0,0,4.821157840381446,0,2025-03-11 11:32:00
76.28420451033642,2.0005930534267438,20.096407935350552,5.254098214641583,18.504409508955103,129.87852550615037,Conveyor,True,False,False,False,0.8253676348859675,41,0,0.0,0,2025-03-11 11:38:00
80.19381854513807,2.306010952070627,19.169245904973483,4.927183827565738,21.5609636641995,119.91599342011128,Conveyor,False,False,True,False,0.8644053186508814,43,0,0.0,0,2025-03-11 11:43:00
82.16525563639985,2.10236475274761,17.135397628380918,4.612665654698576,18.100191756582543,116.09978420925025,Conveyor,False,False,False,True,0.7718708842588115,0,0,22.812911574118857,0,2025-03-11 11:46:00
76.03722458781556,1.918120003932346,15.88935168281508,5.078064818856727,22.016650862124507,115.96361114994816,Conveyor,False,False,True,False,0.7151024393137672,0,0,28.48975606862328,0,2025-03-11 11:57:00
74.36729413883056,2.260156223848321,20.02075862656653,5.24992712922155,20.21538473821924,125.93795909009006,Conveyor,False,False,False,True,0.8861786358052849,44,0,0.0,0,2025-03-11 12:00:00
78.5221717004798,2.172935403536727,16.236078471465653,4.961061612442907,21.23316627092422,115.1617178585574,Conveyor,True,False,False,False,0.7893408851901694,0,0,21.06591148098306,0,2025-03-11 12:02:00
75.47487812259351,1.6164942113593028,19.2770866345352,5.130100670341737,18.71138402545212,112.0490433837285,Conveyor,True,False,False,False,0.7279354493446911,0,0,27.20645506553089,0,2025-03-11 12:08:00
81.12233115198555,2.324564567211362,19.292259352048344,4.886081777341027,19.92042201211234,116.75792595520592,Conveyor,False,True,False,False,0.8744569393079056,0,0,12.554306069209446,0,2025-03-11 12:11:00
84.14185737394676,1.9714665056897704,18.121570745002607,5.433791009942915,20.390984232057804,125.9091414697102,Conveyor,True,False,False,False,0.7577540477048683,37,0,5.72459522951317,0,2025-03-11 12:16:00
85.32171209138069,7.024493490625006,24.599395971549843,4.813352412729742,20.860485444915074,115.1875058254034,Conveyor,True,False,False,False,1.0,50,1,0.0,0,2025-03-11 12:18:00
76.56045796849861,1.9878998269357868,17.37664822846953,4.968563681612472,20.678744684154022,116.95588418788316,Conveyor,False,True,False,False,0.7459614016833453,37,0,6.903859831665471,0,2025-03-11 12:21:00
77.75691313718774,1.9511888895292724,19.053962782727503,4.946548908109292,17.669815799505102,117.97965274873764,Conveyor,False,False,True,False,0.7821962192538023,0,0,21.78037807461976,0,2025-03-11 12:24:00
79.58517317907241,2.0262421261042216,22.29659372757392,4.701028298700318,18.505716131606004,122.00529153846816,Conveyor,False,True,False,False,0.8645181561843468,0,0,13.54818438156532,0,2025-03-11 12:29:00
76.99029379857855,1.8236431085276,17.197581586910644,5.221855483252723,23.165513978144567,117.85698881525644,Conveyor,True,False,False,False,0.754371404883496,0,0,24.5628595116504,0,2025-03-11 12:32:00
79.26927339883252,2.70134832361649,20.460920095519956,5.086687856849153,20.848607756680927,125.80024214453204,Conveyor,False,True,False,False,0.994079206014586,0,0,0.5920793985413866,0,2025-03-11 12:38:00
78.95764717719177,1.9379046232704893,17.710266489707813,4.648751318557819,20.419732393916416,122.58637713680652,Conveyor,False,False,False,True,0.7571691550844057,37,0,5.783084491559421,0,2025-03-11 12:46:00
90.32192345572768,8.604658484510775,25.21515329630945,5.868477144424999,22.50169689950677,124.99995502529804,Conveyor,False,True,False,False,1.0,0,1,0.0,0,2025-03-11 13:01:00
81.1610697675762,1.835777743169938,14.72719396158703,4.331038189675059,19.29033887995921,114.6597643081688,Conveyor,False,False,True,False,0.6761511310769031,33,0,15.884886892309694,0,2025-03-11 13:03:00
75.11709903815864,2.5605809657489007,21.87172205136121,5.154859326424362,17.39490977335334,121.46017860865454,Conveyor,False,True,False,False,0.9992223366454824,49,0,0.0,0,2025-03-11 13:04:00
78.7708793090933,1.6558521466964866,17.60388047356219,4.702008493005978,17.72732759562578,120.30894135114823,Conveyor,True,False,False,False,0.7104874649605005,35,0,11.451253503949944,0,2025-03-11 13:07:00
78.10559474242994,1.828644807774744,20.09623351853831,4.729571713882557,19.25271211894784,120.20540432047378,Conveyor,False,False,True,False,0.8051288078848021,0,0,19.487119211519783,0,2025-03-11 13:09:00
80.37984119189409,2.324564567211362,19.22653108932229,5.508412039772456,18.912628769351755,116.53151753767798,Conveyor,True,False,False,False,0.8659641548157593,0,0,13.403584518424069,0,2025-03-11 13:16:00
79.37098311064847,1.8884662965429533,21.504583818244065,5.181288760913159,20.93766581937342,113.88887140204024,Conveyor,False,False,True,False,0.836735778518641,0,0,16.326422148135904,0,2025-03-11 13:19:00
82.96297427061876,2.26145731582638,19.38563042060185,5.692207180731184,20.60214448905119,120.19654599371732,Conveyor,False,False,False,True,0.8563465025024901,0,0,14.36534974975099,0,2025-03-11 13:33:00
75.85819462382895,1.6246402590098967,17.432586543270535,5.215980360302041,19.03419198333747,115.4383724296682,Conveyor,False,False,True,False,0.6934157384949293,34,0,13.658426150507069,0,2025-03-11 13:34:00
76.09842861654934,1.540244516951101,20.380949970386965,4.828003436554065,21.66671782280669,117.68750423400016,Conveyor,False,False,False,True,0.7250975527227096,0,0,27.490244727729035,0,2025-03-11 13:35:00
78.19009889811116,2.473831367508458,20.04392555335628,5.529336368995975,20.585288915908105,121.71426732890824,Conveyor,False,True,False,False,0.9301970118156296,0,0,6.980298818437035,0,2025-03-11 13:36:00
74.31569558455546,1.734800342976068,15.344402653041138,5.196401578383101,21.185523513038437,127.57698374631796,Conveyor,False,False,False,True,0.69562855692895,0,0,30.437144307105,0,2025-03-11 13:42:00
78.32271327056792,2.263014255915835,16.767857569327354,4.920532346470838,20.75809006433069,124.97205140608816,Conveyor,False,True,False,False,0.7928562750689929,39,0,1.2143724931007114,0,2025-03-11 13:51:00
83.75530880169393,1.9083665892674957,18.586657318471552,4.6034662431063,20.255601491093017,132.3765690046805,Conveyor,False,False,True,False,0.7486767855080336,0,0,25.13232144919664,0,2025-03-11 13:53:00
76.7857865959436,1.98167074759824,18.50438970846857,5.271419861848421,18.977972590347186,115.92146975950328,Conveyor,False,False,True,False,0.7863572000176643,39,0,1.8642799982335705,0,2025-03-11 13:56:00
80.40213710901733,1.775360061193984,14.059382837297198,4.250053737799315,19.011410464228188,115.1255784768048,Conveyor,False,True,False,False,0.6405683189670899,0,0,35.943168103291015,0,2025-03-11 13:57:00
77.56860958185011,1.910353973291239,18.136644259879635,5.437183644358667,17.240543191156547,116.4858359353228,Conveyor,False,True,False,False,0.7526383465484661,37,0,6.236165345153395,0,2025-03-11 14:10:00
74.63824988012094,1.892526686627748,18.252625029174,5.388185054762666,18.102666733845936,119.52878078237624,Conveyor,True,False,False,False,0.7612311975638826,0,0,23.876880243611737,0,2025-03-11 14:11:00
76.54038253185912,1.8343216243662173,22.61189317193548,5.165348811652159,20.0828120134885,120.94823977437449,Conveyor,False,False,True,False,0.8266338296263126,41,0,0.0,0,2025-03-11 14:12:00
80.25029762476083,1.6708569051113558,15.201315668302458,5.021844713164028,18.605228077411024,125.1626944915056,Conveyor,True,False,False,False,0.677963046038876,0,0,32.203695396112394,0,2025-03-11 14:13:00
74.28032828870492,1.8020754076238104,19.59713334622118,5.390455476026768,20.307285950326538,112.41025442526649,Conveyor,False,False,True,False,0.7666433127407881,0,0,23.33566872592118,0,2025-03-11 14:21:00
76.94697501176695,2.295155703081844,20.24187302481249,4.369476401291502,18.61912516124528,126.42489857381084,Conveyor,False,False,False,True,0.9074062187625463,0,0,9.259378123745364,0,2025-03-11 14:22:00
79.69411171473959,2.0377659591729973,18.586657318471552,5.1579029556431975,22.27443267583402,119.22036951258546,Conveyor,False,False,False,True,0.8748049835493847,43,0,0.0,0,2025-03-11 14:23:00
84.8452195803743,1.6410003223146812,18.89135581416385,4.52720179124087,21.100022010767272,123.70039182852643,Conveyor,True,False,False,False,0.7391173982803342,36,0,8.088260171966581,0,2025-03-11 14:29:00
79.41050945750118,2.1562268361076136,19.743111932576284,5.474065212575736,21.36314521718654,125.45513954595738,Conveyor,False,True,False,False,0.8520293899462384,0,0,14.79706100537615,0,2025-03-11 14:36:00
78.78809799085587,1.9016580620370431,18.65434110575558,5.359321019875615,21.19353053018358,121.2507385801768,Conveyor,False,False,False,True,0.7637420194993287,38,0,4.625798050067132,0,2025-03-11 14:37:00
77.08462911050891,1.8105045426459068,18.294153654891947,5.3643628140135,17.96737090133749,122.92244394323733,Conveyor,False,True,False,False,0.7693848909040668,0,0,23.061510909593324,0,2025-03-11 14:41:00
93.71337256817372,6.736685226902542,28.518378228981835,4.970406087385492,20.10350525110559,115.29511369358642,Conveyor,False,False,False,True,1.0,0,1,0.0,0,2025-03-11 14:42:00
80.1702188451993,2.2908107907224164,19.81143520099473,5.445119278245163,20.20418695111377,123.91233010937336,Conveyor,False,False,False,True,0.8922333037620924,0,0,10.776669623790752,0,2025-03-11 14:47:00
73.26419041581862,1.8105792333300328,22.69124832379288,4.838866628610078,20.542861754541484,123.34537627248184,Conveyor,True,False,False,False,0.8244877595486431,0,0,17.551224045135697,0,2025-03-11 14:48:00
77.78770314571949,1.718227537795398,16.824524061360204,4.611065998473524,20.501413199114783,115.16372631009467,Conveyor,True,False,False,False,0.6924179792693381,34,0,13.758202073066188,0,2025-03-11 14:53:00
77.12426937770903,2.1493364928253333,19.327195737121524,5.075381438571713,22.081948375960053,126.40634822700672,Conveyor,True,False,False,False,0.8311121668671844,0,0,16.888783313281564,0,2025-03-11 14:57:00
79.7270334843319,2.1612236008461143,18.409595754563835,4.491804701767271,19.05078860116673,120.5676074823897,Conveyor,False,False,True,False,0.8083416274461791,0,0,19.165837255382087,0,2025-03-11 14:58:00
79.56175551212513,2.79136452567806,15.66426938541658,4.525674035594022,21.744923199191312,116.64309778177524,Conveyor,False,False,False,True,0.9111037965224676,45,0,0.0,0,2025-03-11 15:04:00
79.43660539472477,1.5964370987574192,18.29295122330664,5.373369181790346,17.774291217450013,132.38464566861705,Conveyor,False,True,False,False,0.6923393845657816,0,0,30.76606154342184,0,2025-03-11 15:09:00
80.35743550330736,2.041896106869605,17.24515319773934,4.583418819290072,19.289175695321426,131.1060169713598,Conveyor,False,True,False,False,0.7574445243971378,37,0,5.755547560286217,0,2025-03-11 15:17:00
78.92276670376073,2.022001023433441,24.315542566088595,5.401346357091658,20.03310155140529,120.33137368672118,Conveyor,False,False,False,True,0.9379202328177442,0,0,6.207976718225581,0,2025-03-11 15:18:00
79.1258700159709,1.6754256893860602,14.239128911873838,4.7535889825128175,19.653933541272764,119.4517257544127,Conveyor,False,True,False,False,0.666975919180514,33,0,16.8024080819486,0,2025-03-11 15:25:00
82.37241279254214,1.815156962585317,16.612391164196353,4.981401367549377,19.226847702977924,120.0860979136528,Conveyor,False,False,True,False,0.712491222736938,0,0,28.7508777263062,0,2025-03-11 15:37:00
82.40903236794048,2.4346460325013144,18.586657318471552,5.194736827586996,20.04925371365196,127.17532706001056,Conveyor,False,False,False,True,0.7725104966609101,0,0,22.748950333908997,0,2025-03-11 15:40:00
82.59258713670842,1.7212590978470723,17.00536570728466,5.441791081534987,19.46931390328653,117.2017290958742,Conveyor,False,True,False,False,0.7200034911677451,0,0,27.999650883225485,0,2025-03-11 15:48:00
78.0189326772398,1.8959685269699864,18.32666936135508,5.256751624591107,22.114151636076365,122.463577097307,Conveyor,False,False,False,True,0.7599060941405523,0,0,24.00939058594477,0,2025-03-11 15:50:00
78.45420386960286,1.9794660522000755,18.104914773778887,4.895596510331075,18.99635485979343,117.10347345710478,Conveyor,False,False,True,False,0.7744546997399036,0,0,22.554530026009644,0,2025-03-11 16:00:00
80.39109061043658,2.363638761270046,21.13703797094511,4.764335844804423,18.96702513704485,125.76663881698444,Conveyor,False,False,True,False,0.9338761365530492,0,0,6.612386344695082,0,2025-03-11 16:03:00
80.69637387411619,1.8413159711825904,20.28441478577112,5.015827889653459,21.3676251859584,123.56331016063504,Conveyor,False,False,True,False,0.7761878461152099,0,0,22.38121538847902,0,2025-03-11 16:09:00
78.34022178908788,1.9681728093975737,17.657008799223522,5.051539848542366,20.651810145881434,116.5696923672816,Conveyor,False,False,False,True,0.7908355955562958,0,0,20.916440444370423,0,2025-03-11 16:11:00
77.57257807377229,2.3700218229058008,16.530657812646282,4.913667697825538,18.971668142774742,118.23909775940206,Conveyor,True,False,False,False,0.8126715059088715,0,0,18.732849409112845,0,2025-03-11 16:12:00
76.56244401923789,1.997693301283589,19.911871644661524,5.455143110387748,17.766616615894137,119.64740223636292,Conveyor,False,False,True,False,0.8184961255367648,40,0,0.0,0,2025-03-11 16:13:00
76.7532080589118,1.576182272329833,18.4505133639672,4.968249543991875,21.728320494603004,106.08141888100953,Conveyor,False,True,False,False,0.7340566242245953,36,0,8.594337577540472,0,2025-03-11 16:17:00
79.36435466313715,2.4176116254761277,19.3585876399647,5.494947917425439,18.23495272134364,128.4441109615134,Conveyor,False,False,True,False,0.908593827783303,45,0,0.0,0,2025-03-11 16:20:00
82.24399142490904,2.324564567211362,20.563699572990544,5.513341830915282,19.065904128494378,114.51178318210694,Conveyor,False,True,False,False,1.0,0,1,0.0,0,2025-03-11 16:22:00
79.69200725278377,1.866557948548853,19.795311543299487,5.002082104757979,21.23136278175366,128.6299900104717,Conveyor,False,False,True,False,0.8036332070606125,0,0,19.636679293938755,0,2025-03-11 16:29:00
74.36692475383975,2.0417086060859377,20.512394878827365,4.816157880497008,20.00818676642197,122.89749368800322,Conveyor,False,False,False,True,0.8671470627321505,43,0,0.0,0,2025-03-11 16:30:00
78.37821782623472,1.9864631329027844,20.37542676827691,4.5746965253874885,17.708628587966363,118.67895357502816,Conveyor,False,False,True,False,0.813330309711035,40,0,0.0,0,2025-03-11 16:31:00
79.49773516291229,1.9658999932755692,15.692587352739272,4.770518742282939,19.00060492045881,122.52932179058078,Conveyor,False,False,False,True,0.727373534076038,0,0,27.262646592396194,0,2025-03-11 16:33:00
80.58813259028399,2.022702062184016,13.971873451524472,5.546485914082315,21.11331494363975,117.4664791189488,Conveyor,False,False,True,False,0.6996043625137108,0,0,30.03956374862892,0,2025-03-11 16:37:00
79.41450621203622,1.649155811239095,18.974436389260852,5.437824981845518,20.423000813831766,119.96660713473663,Conveyor,False,True,False,False,0.726186915534041,0,0,27.38130844659589,0,2025-03-11 16:40:00
82.00448880624789,1.929417827008268,18.131475320094573,5.310270119846276,21.233513448031328,115.74204083749198,Conveyor,False,False,False,True,0.7918379669701253,39,0,1.316203302987475,0,2025-03-11 16:47:00
82.99825647368621,1.9260994156460456,15.837173238521428,4.79051828684419,16.433645255109347,127.06048187338794,Conveyor,False,False,True,False,0.7448581357633955,0,0,25.514186423660448,0,2025-03-11 16:58:00
80.78373944367287,1.753736323277094,19.03279333557316,4.685872831894705,23.330482787007323,128.31456827493722,Conveyor,True,False,False,False,0.7327183810470443,36,0,8.728161895295571,0,2025-03-11 17:00:00
74.5411790401376,1.948497903822565,19.413010927094504,4.291430979422462,19.94448785889015,114.33696354739374,Conveyor,False,True,False,False,0.7982620459305375,39,0,0.6737954069462546,0,2025-03-11 17:06:00
79.72516458334154,1.5684766499616325,19.439198995249782,5.014118156298086,20.51129689887233,119.1643195791858,Conveyor,True,False,False,False,0.7152797308048333,0,0,28.472026919516665,0,2025-03-11 17:13:00
80.4521113032701,1.5733311051481378,18.24292212839909,4.548133016275785,17.322584046212214,119.89318813779262,Conveyor,True,False,False,False,0.7143340725612485,0,0,28.566592743875148,0,2025-03-11 17:19:00
75.52858641306067,2.252754168936501,17.00109761422957,4.803677413401432,18.61553465243886,117.39455518934544,Conveyor,False,False,True,False,0.8382999378104923,0,0,16.170006218950775,0,2025-03-11 17:20:00
80.24586322245172,2.242779409472596,16.673670819747635,4.6534208920190405,19.0493170313333,112.55098467317411,Conveyor,False,False,True,False,0.8176831430584193,0,0,18.231685694158077,0,2025-03-11 17:27:00
87.41862521668153,5.951090544386137,23.70810357798728,4.972059252726543,19.044904161337914,125.64272888765592,Conveyor,False,False,True,False,1.0,50,1,0.0,0,2025-03-11 17:30:00
78.0189326772398,1.5698582528214755,14.370232341037187,4.681005801062485,20.260735287867277,120.5544025144642,Conveyor,True,False,False,False,0.6257037664145989,31,0,21.929623358540116,0,2025-03-11 17:31:00
80.38988611228086,2.091935258889002,16.30505221886987,5.270265781302791,19.203411244431987,115.84882683166356,Conveyor,False,False,False,True,0.7748761953061182,0,0,22.512380469388177,0,2025-03-11 17:39:00
80.65731037438947,2.1318458144025536,20.115921427677584,5.139745421392952,18.768741561724564,120.05604076597947,Conveyor,False,True,False,False,0.8624411338219641,0,0,13.755886617803595,0,2025-03-11 17:42:00
77.28743840179507,1.7959479570956147,17.333904758048956,4.610218980955882,20.684304978727614,118.72922734562806,Conveyor,False,False,False,True,0.7344451253225648,0,0,26.55548746774352,0,2025-03-11 17:47:00
78.84479487100917,1.6146838891782458,17.448208557119653,5.0918290564297015,19.39692604958781,114.22251978935618,Conveyor,False,True,False,False,0.6817880390180998,34,0,14.821196098190017,0,2025-03-11 17:48:00
79.73699327032281,1.902129888667592,22.09130909535431,5.568969182114329,18.437169601283948,117.96821574314788,Conveyor,False,False,True,False,0.8294810041304234,41,0,0.0,0,2025-03-11 18:07:00
72.93629844106339,1.7305918321026623,16.468777685939624,5.259659088428168,21.959925603942573,114.31199897517882,Conveyor,False,False,True,False,0.7092599856067948,0,0,29.07400143932051,0,2025-03-11 18:17:00
77.54206034990798,1.861619884850508,14.924584382939996,5.6873758462410855,19.53996767671925,117.41616216226856,Conveyor,False,False,True,False,0.71685086436838,35,0,10.814913563162008,0,2025-03-11 18:19:00
73.27036466520178,2.324564567211362,17.553948637467194,5.095150062539547,20.035077687734272,119.45706761586028,Conveyor,False,False,True,False,0.7312525498863083,0,0,26.87474501136917,0,2025-03-11 18:24:00
89.19837445941987,7.201688880169745,26.781611220170056,4.327449243313894,22.45229427674052,127.26817075437474,Conveyor,True,False,False,False,1.0,0,1,0.0,0,2025-03-11 18:27:00
80.29300508138343,2.037252705423384,19.651847166061305,5.022682659535707,20.72091682287289,123.53260386710312,Conveyor,False,False,True,False,0.8015173656436703,0,0,19.848263435632973,0,2025-03-11 18:31:00
79.30132078088542,2.0112724578007595,17.267316645724485,4.447739131955944,18.633079914645563,120.90729503471267,Conveyor,True,False,False,False,0.7490537765699398,37,0,6.594622343006023,0,2025-03-11 18:42:00
79.00435958481707,1.4510954554375752,19.253754127058045,4.666264725366935,19.77305144034544,120.87183793884152,Conveyor,False,True,False,False,0.6774722571752193,0,0,32.25277428247807,0,2025-03-11 18:46:00
77.80312693565276,2.311154421694715,16.0229419842682,5.047340080449374,18.51626822301052,121.99773420507852,Conveyor,False,False,False,True,0.8023433839475476,0,0,19.76566160524524,0,2025-03-11 18:48:00
77.69661727935902,1.92679149434866,18.95286033343425,4.984746172470144,20.168955022738466,115.25199877967498,Conveyor,False,True,False,False,0.7776337197727082,0,0,22.236628022729175,0,2025-03-11 18:50:00
78.30921584296165,2.7495291451164485,17.705614498463977,5.228441051436548,22.2745211986988,123.85925242903396,Conveyor,False,True,False,False,0.9477851333443792,0,0,5.221486665562082,0,2025-03-11 18:57:00
76.92249263868514,1.9315982819570847,17.60187489248026,4.691752819949865,21.07773544597569,124.15866569174088,Conveyor,False,True,False,False,0.7585984446658075,0,0,24.140155533419247,0,2025-03-11 18:58:00
78.48859469766492,1.5779067613688034,18.369654067243307,5.608256038406818,20.436370102388494,119.04757151097446,Conveyor,False,False,True,False,0.6967664492720624,34,0,13.32335507279376,0,2025-03-11 18:59:00
81.67844718959978,2.396298736862213,19.11965689765612,5.612074249518624,21.01065325150439,127.49479231333764,Conveyor,True,False,False,False,0.8781564249670145,43,0,0.0,0,2025-03-11 19:01:00
78.0189326772398,2.1990636855495307,16.907184761072653,5.099418042047595,19.688964846958992,121.72000053152516,Conveyor,False,False,False,True,0.7992153826855058,0,0,20.07846173144941,0,2025-03-11 19:05:00
76.85408608494205,1.6921757467413128,17.435518816153543,5.013757518123033,20.194169963821167,123.49041732458834,Conveyor,False,False,True,False,0.7207277111554689,36,0,9.927228884453116,0,2025-03-11 19:06:00
77.225738654909,1.8925761661462044,17.400245051006774,5.33665290230603,19.23125991367865,115.4630952361834,Conveyor,True,False,False,False,0.7759691576001951,38,0,3.403084239980487,0,2025-03-11 19:11:00
87.75262539116471,2.147423826906658,18.593145353388618,4.763911213477746,19.005256436286064,121.7601241439464,Conveyor,False,False,False,True,0.833432545266214,0,1,16.656745473378592,0,2025-03-11 19:19:00
83.71354999590078,2.507703971738961,18.614078474503643,4.925133780854456,21.764338560137794,115.85929931193552,Conveyor,False,False,True,False,0.894205986745271,44,0,0.0,0,2025-03-11 19:28:00
82.21699044074134,1.1889955858677927,19.25116918735,5.148482705388023,20.030041009706046,121.35791100076796,Conveyor,True,False,False,False,0.6382937802134163,0,0,36.17062197865837,0,2025-03-11 19:30:00
81.58479628557491,1.895552780954806,17.385507548676536,4.992187844213159,19.92358658140489,115.20775309372596,Conveyor,False,True,False,False,0.7547310550595023,0,0,24.52689449404977,0,2025-03-11 19:32:00
79.91528057051478,1.8982066438585523,16.643330741329013,4.844597173152459,19.80322976860274,125.08321603657942,Conveyor,False,True,False,False,0.7332356878913521,0,0,26.67643121086479,0,2025-03-11 19:38:00
74.746741340624,2.462132371933002,17.690700586878332,4.274908813970743,22.435765616403884,121.4465231793688,Conveyor,True,False,False,False,0.8476497608921342,0,0,15.23502391078658,0,2025-03-11 19:44:00
78.92681533961621,2.3766049340865427,14.373413055965685,4.586986689516236,17.07364929981593,125.70915463868116,Conveyor,False,False,False,True,0.7704098492321476,0,0,22.959015076785235,0,2025-03-11 19:45:00
79.70501714179753,2.2460895123526896,18.20326010706685,5.2438039584849765,19.40045526374601,118.90014956663484,Conveyor,True,False,False,False,0.8159241767560977,0,0,18.40758232439022,0,2025-03-11 19:47:00
78.27827913406074,1.7147139850716586,20.334435466608745,5.766915187442302,15.6322940829241,128.173027558806,Conveyor,False,True,False,False,0.7506763169567854,0,0,24.932368304321457,0,2025-03-11 19:48:00
76.31039698213475,1.5791401528376436,16.046108521236235,5.56955957489874,19.40211194162936,118.39206157787146,Conveyor,False,False,True,False,0.6465903182869542,32,0,19.34096817130458,0,2025-03-11 20:07:00
74.91576385852214,1.909134426860302,18.37726216313596,5.006049304633821,20.918235210433327,119.0902728082879,Conveyor,True,False,False,False,0.7900329689795622,39,0,1.4967031020437815,0,2025-03-11 20:12:00
73.78096582642678,1.6976396260333608,20.69388248877799,4.734466758869724,21.237002937037143,118.9911281185042,Conveyor,False,False,True,False,0.7980208192006526,39,0,0.6979180799347375,0,2025-03-11 20:29:00
77.63415734452212,1.913628176939624,18.433378194995345,5.221450963743293,18.99892391845981,120.17384624047229,Conveyor,False,True,False,False,0.7591629409648892,0,0,24.083705903511078,0,2025-03-11 20:32:00
76.18070494855074,2.0310614461847525,15.031121863613148,5.049865357363022,19.739277724295945,125.14424576804797,Conveyor,False,False,False,True,0.72382395705323,36,0,9.617604294676994,0,2025-03-11 20:37:00
84.86750486391932,1.9219891249458665,17.878300959994146,4.859335926466314,21.10434116774769,113.33877706618276,Conveyor,True,False,False,False,0.7757468690309531,38,0,3.425313096904688,0,2025-03-11 20:39:00
79.15312555625098,1.4479200845613294,14.510934222787892,4.98398511699156,20.392277895088743,112.3827897093219,Conveyor,False,False,True,False,0.6142664407979082,30,0,23.57335592020918,0,2025-03-11 20:46:00
78.3228674234126,2.3984498161872,18.586657318471552,5.613205016899673,19.503784220716597,120.9016062458865,Conveyor,False,False,False,True,0.8276600538921288,41,0,0.0,0,2025-03-11 20:47:00
79.32186858529955,1.848710595256213,17.63291935596707,4.8760620394543706,21.3207296903362,123.34281308168563,Conveyor,False,True,False,False,0.7494188566539189,0,0,25.058114334608103,0,2025-03-11 20:48:00
82.16760768525343,1.4703837238910078,15.035537152645382,5.337580560207573,19.527082718821784,118.98058265510072,Conveyor,True,False,False,False,0.6258392978480922,0,0,37.41607021519078,0,2025-03-11 20:50:00
80.64575884899443,2.273786096762132,18.801283276679676,4.51089988850473,20.60398547247074,121.76839687945524,Conveyor,False,True,False,False,0.866090901042213,0,0,13.390909895778703,0,2025-03-11 20:54:00
79.78049608586682,1.632146192656195,14.804760541663088,4.747907170541424,20.892984931839,120.7692711443675,Conveyor,False,False,False,True,0.6349636765545689,31,0,21.003632344543117,0,2025-03-11 21:04:00
78.10009809695637,2.709622331599992,15.690731322542312,5.0748030885898885,19.421661530056276,112.6648302428064,Conveyor,False,False,False,True,0.8633362442662167,0,0,13.666375573378332,0,2025-03-11 21:09:00
80.97994470919119,2.0577954597944075,21.21135591616491,5.444271073621636,19.683747922018128,124.65505927434552,Conveyor,False,False,True,False,0.8433789741918306,0,0,15.662102580816937,0,2025-03-11 21:13:00
78.73655969005044,2.109618272577542,17.716674736255513,5.110158493657283,23.353141152135443,122.46558763608004,Conveyor,True,False,False,False,0.7772749867111678,38,0,3.272501328883223,0,2025-03-11 21:14:00
78.65850209980626,2.112060105023531,22.07106291343919,5.089409505016615,19.87255010466778,120.10135946061143,Conveyor,False,False,False,True,0.8716475260083287,43,0,0.0,0,2025-03-11 21:18:00
78.81351347688091,2.436630345174597,21.98418881499491,4.406408376213033,18.001811352085028,112.33889106379844,Conveyor,True,False,False,False,0.9315290074749902,0,0,6.847099252500982,0,2025-03-11 21:19:00
82.51382654903135,1.8226944632799704,17.737777322639033,5.580770652925889,18.78564979686564,118.65129696694171,Conveyor,True,False,False,False,0.7458897991363204,37,0,6.911020086367969,0,2025-03-11 21:20:00
74.9303540703628,1.529556705973985,19.394476092780625,5.501223284097565,19.216948565237367,128.92317803474887,Conveyor,True,False,False,False,0.7275314102832977,0,0,27.246858971670235,0,2025-03-11 21:22:00
80.49394037137307,1.6063510396413447,15.540947497565227,4.194470097487569,20.6761556257794,119.60438888807744,Conveyor,True,False,False,False,0.6681373142912822,0,0,33.186268570871775,0,2025-03-11 21:29:00
80.4141430979153,1.6702882326404422,17.317814135716784,5.068474857498265,19.52140562032295,112.60943142806155,Conveyor,False,False,True,False,0.7089422837052967,35,0,11.60577162947034,0,2025-03-11 21:32:00
77.04408472809834,1.7439513559815976,19.466358634845115,4.52601922350957,18.668055595097567,120.73373736102612,Conveyor,False,False,False,True,0.7455956406678131,0,0,25.44043593321868,0,2025-03-11 21:34:00
80.66769132106757,2.539544026141435,17.313616862626574,4.998342966022339,22.426038046167584,114.4154024404392,Conveyor,False,True,False,False,0.9038280059471656,0,0,9.617199405283444,0,2025-03-11 21:37:00
77.44520031337663,1.7190223981269073,18.896156682025783,4.900833589702796,18.84123709041176,119.511025014579,Conveyor,False,False,True,False,0.7439453377722064,0,0,25.60546622277936,0,2025-03-11 21:39:00
80.78682720900032,2.324564567211362,21.696218208211103,5.397496105147183,21.67644866240593,126.9829892311159,Conveyor,False,True,False,False,0.8708078234101573,43,0,0.0,0,2025-03-11 21:42:00
70.59280041890165,1.96660434536066,17.83365645613076,5.48640261556459,21.26810983517308,122.68145031282734,Conveyor,True,False,False,False,0.7501056258519526,0,0,24.98943741480474,0,2025-03-11 21:50:00
84.54577545355643,6.328339203906895,19.566912855307017,5.184532285214169,19.11956268503557,124.66414352046098,Conveyor,False,True,False,False,1.0,0,1,0.0,0,2025-03-11 21:53:00
76.25990237102855,2.210797999549792,19.98882905641517,4.6128990641811605,18.55932956902418,120.6821345903364,Conveyor,False,False,True,False,0.880357808751143,44,0,0.0,0,2025-03-11 22:01:00
82.03769563411593,2.1107049313475503,18.48819688700477,5.933206567301076,18.78401366645199,119.60587060263272,Conveyor,False,True,False,False,0.8400274762898221,0,0,15.997252371017794,0,2025-03-11 22:04:00
79.78470541719885,2.2808168503808046,14.953655071652303,5.0050303078401255,19.883137930503025,120.05666189183869,Conveyor,False,False,True,False,0.7705061215129763,0,0,22.94938784870237,0,2025-03-11 22:06:00
82.19678754377455,2.080415128276926,17.645663769770476,5.194514921896358,18.917455318976835,131.7036130576284,Conveyor,False,False,False,True,0.7797002721236082,0,0,22.02997278763918,0,2025-03-11 22:13:00
79.64781688237422,2.2145523170384176,18.586657318471552,4.557462337169157,18.693615095194986,121.76005795545431,Conveyor,False,False,False,True,0.8185049735965184,0,0,18.14950264034816,0,2025-03-11 22:14:00
83.20206917960267,1.9846643920953868,17.217687255494315,5.040662304626411,18.882865764823418,118.93161414705892,Conveyor,False,False,False,True,0.7787709314137288,0,0,22.12290685862712,0,2025-03-11 22:15:00
85.2790846725059,1.845228406060298,17.50409158534422,4.678255399294953,21.004802056857237,115.0427885780192,Conveyor,False,False,True,False,0.7303061430977871,36,1,8.969385690221287,0,2025-03-11 22:18:00
74.17540468844646,2.3573272049438576,16.91705398698566,4.874222483880948,18.92218593983144,119.46326588774518,Conveyor,False,False,True,False,0.810306510501275,40,0,0.0,0,2025-03-11 22:32:00
81.80326448853812,1.5800955485801942,20.135995556117944,4.611524052344803,19.06996557638493,113.24226272867884,Conveyor,True,False,False,False,0.7392625197577365,0,0,26.073748024226347,0,2025-03-11 22:35:00
87.11915648195941,6.608965939201635,26.149132075211867,5.722743553658605,19.15750916461186,125.05548502793496,Conveyor,False,True,False,False,1.0,0,1,0.0,0,2025-03-11 22:41:00
89.45121683730203,7.291333974907967,27.186402205182503,3.813298772503708,19.364845125231085,116.950486465254,Conveyor,False,False,False,True,1.0,0,1,0.0,0,2025-03-11 22:55:00
81.2326122925474,2.359150408174356,17.867775212095985,5.287095482663592,23.4165333890464,120.20214469916732,Conveyor,False,True,False,False,0.8327837551908819,41,0,0.0,0,2025-03-11 22:57:00
75.69044306199496,2.0441894001167253,19.236136987860085,5.106790313251024,19.64602985169958,127.00049905913907,Conveyor,True,False,False,False,0.8188275903753428,40,0,0.0,0,2025-03-11 23:04:00
77.97898575358016,2.24351167148398,21.07479346136858,5.586334391441185,20.81548119242091,112.88683265392798,Conveyor,False,False,False,True,0.8865830587369495,0,0,11.341694126305043,0,2025-03-11 23:08:00
86.06202567950906,1.4868189936690457,21.3283841095678,4.647272600405833,15.980023271053296,120.31223488331564,Conveyor,False,False,True,False,0.735153417087456,36,1,8.484658291254405,0,2025-03-11 23:12:00
80.4023064810822,1.7233433283705115,14.590448511543912,4.698516942055302,19.615107746315715,107.2845340526261,Conveyor,False,False,True,False,0.6712578997632181,0,0,32.87421002367819,0,2025-03-11 23:17:00
78.51387073879407,1.770103242565572,16.151463194809857,5.003069277328603,21.08664226435312,126.4585780376062,Conveyor,False,False,False,True,0.7110067856005022,0,0,28.899321439949773,0,2025-03-11 23:23:00
79.18346076081473,2.1097279958278747,19.06578344045408,5.842034655733801,18.470046921848468,112.1511165764056,Conveyor,False,False,True,False,0.8033869850288703,0,0,19.661301497112973,0,2025-03-11 23:25:00
75.72827995497732,1.941358206924208,17.622810341705023,4.885311322071975,19.14999411055784,118.91603984156036,Conveyor,False,False,False,True,0.7561715903234094,0,0,24.382840967659064,0,2025-03-11 23:33:00
81.93948261168767,2.50017705252486,14.940451839781328,5.031174918623284,19.93262069276835,118.9335171218396,Conveyor,False,False,False,True,0.8460841143857772,0,0,15.391588561422282,0,2025-03-11 23:35:00
75.90912286152182,1.3628021545623097,15.011472941867522,5.47316019575501,18.021207420848302,130.18021416420055,Conveyor,False,False,True,False,0.6215941424575697,0,0,37.84058575424303,0,2025-03-11 23:36:00
79.24860017177997,2.495171888969854,14.463886561651206,4.878216791540709,21.08416516089916,119.28237665288522,Conveyor,False,True,False,False,0.8196011306713064,0,0,18.039886932869365,0,2025-03-11 23:40:00
79.97650868209543,1.990385751750886,17.89448978399847,4.771305670900267,19.72750860922129,131.15748167601234,Conveyor,False,True,False,False,0.756443676420214,37,0,5.8556323579785925,0,2025-03-11 23:42:00
74.60834333785863,2.010057410716576,19.30695796390348,5.7049892659478445,19.62891059007885,118.23760527206676,Conveyor,False,True,False,False,0.8077370089789513,0,0,19.226299102104875,0,2025-03-11 23:43:00
76.47314407402335,2.2616459317052167,19.072778437695156,4.748162307254481,22.910234947752592,121.3799292471027,Conveyor,False,False,True,False,0.8618030556447506,0,0,13.819694435524935,0,2025-03-11 23:48:00
83.24139269753216,2.09721093281196,14.657705670409303,4.5069643743324335,21.113432761367456,130.43636080896815,Conveyor,False,True,False,False,0.7552355132251893,37,0,5.9764486774810734,0,2025-03-11 23:49:00
78.8520746419149,1.950755176183468,15.574685734753372,4.417581402661426,19.12338533796764,113.8233301034826,Conveyor,False,True,False,False,0.7500547405549128,0,0,24.994525944508723,0,2025-03-11 23:51:00
83.5286811414695,2.0173592142280268,17.972993510814046,4.335518237926431,20.165052235899275,126.65401957819932,Conveyor,True,False,False,False,0.7995063239807034,39,0,0.54936760192966,0,2025-03-11 23:54:00
82.57959841865602,1.660355257785198,18.586657318471552,5.248951647389248,20.780006571201216,117.58599655657524,Conveyor,False,False,False,True,0.6956465774166117,0,0,30.43534225833882,0,2025-03-11 23:59:00
78.6766807996143,2.2062280265379512,14.648839100751813,4.960556640398129,23.12939615121212,120.34437319756884,Conveyor,False,False,False,True,0.7546505675576132,37,0,6.03494324423869,0,2025-03-12 00:01:00
81.40808884979954,2.471719463081098,15.808258378402565,4.706009959497093,17.184441268054535,115.99804447851656,Conveyor,False,False,False,True,0.8431649407845575,42,0,0.0,0,2025-03-12 00:09:00
82.98586019463023,2.501860460569559,16.467067137960424,4.479819908431234,19.08764127790319,114.5480390059628,Conveyor,False,True,False,False,0.8428073362252866,0,0,15.719266377471342,0,2025-03-12 00:15:00
73.81610465653996,2.132498769255818,20.99114347296485,4.587965578038228,22.130406627901195,125.64001313100754,Conveyor,True,False,False,False,0.8866373814058353,0,0,11.33626185941648,0,2025-03-12 00:22:00
79.1816173249266,1.7487782824053526,15.997980911034372,5.374552053846649,19.516216821339416,120.96525401479056,Conveyor,False,False,True,False,0.6785317843097158,0,0,32.14682156902842,0,2025-03-12 00:24:00
89.98016407807489,6.201770296157616,24.4719536291328,4.509786111114039,20.1511442343524,112.44453225773738,Conveyor,False,False,False,True,1.0,0,1,0.0,0,2025-03-12 00:30:00
91.78344674749464,4.996858705360344,27.516495060341818,5.053920569316081,19.718459102867357,125.27676533735522,Conveyor,False,False,False,True,1.0,0,1,0.0,0,2025-03-12 00:31:00
83.53764162714093,2.167141285521045,19.404060647334653,4.953571675951807,20.24842268764508,125.19419855991046,Conveyor,False,False,False,True,0.8500209016082357,42,0,0.0,0,2025-03-12 00:35:00
78.38040691337528,1.5513375390505388,18.856705827542896,5.167564644549115,18.24277530504352,119.85916545775224,Conveyor,False,False,True,False,0.7036164722932859,0,0,29.638352770671403,0,2025-03-12 00:38:00
80.58561661447031,1.7447347732883305,14.463169148723855,5.034137582208204,20.826883883502063,113.00958980040608,Conveyor,True,False,False,False,0.6528342697175431,0,0,34.71657302824569,0,2025-03-12 00:55:00
