temperature,vibration_level,power_consumption,pressure,material_flow_rate,cycle_time,machine_type,machine_M001,machine_M002,machine_M003,machine_M004,error_rate,downtime,maintenance_flag,efficiency_score,production_status,timestamp
73.61220201721575,2.0973020630044603,18.06428629392912,5.4312501583179085,20.868592359042005,113.74987172206198,CNC,False,False,True,False,0.8133609826593059,0,0,18.66390173406941,0,2025-03-10 08:04:00
70.50532244303739,1.5927447380474196,21.387094266827344,4.385387723847185,19.002452164544117,123.629105740194,CNC,True,False,False,False,0.7808862445040687,0,0,21.91137554959313,0,2025-03-10 08:07:00
75.77748575959555,1.729798585246256,18.302814781249555,4.886084236193842,17.853328785843118,121.74646386177103,CNC,False,False,True,False,0.7187556669933683,0,0,28.12443330066317,0,2025-03-10 08:08:00
74.95084514983567,1.884517133476976,16.388016537881168,5.429811916091973,21.667447211211577,118.68512542992148,CNC,False,False,True,False,0.7274754148813939,36,0,9.25245851186061,0,2025-03-10 08:19:00
78.41881769009609,2.162272555568297,16.946889733726596,5.090107888806019,22.4057991009018,122.43656581526658,CNC,False,True,False,False,0.7945398857701237,0,0,20.546011422987632,0,2025-03-10 08:20:00
74.88851911390311,2.26285075015737,15.35530513063341,5.242704860082563,21.01907205951786,123.96370088152888,CNC,True,False,False,False,0.8069052723920479,0,0,19.309472760795217,0,2025-03-10 08:21:00
69.7256362269369,1.7994964415459596,18.818129876668117,5.564276928168358,17.67346072702502,131.71428504143705,CNC,False,True,False,False,0.7522723663558009,37,0,6.272763364419916,0,2025-03-10 08:22:00
75.73275049594584,1.3344956719846757,14.745376544105367,5.008489060333703,17.76338011458279,120.62779261236788,CNC,True,False,False,False,0.6103570348429431,0,0,38.96429651570569,0,2025-03-10 08:31:00
76.63250107936331,2.376621082837969,16.542081499933676,5.558704070959396,19.230538634048283,122.29300226938815,CNC,False,True,False,False,0.8415835685234158,0,0,15.84164314765843,0,2025-03-10 08:34:00
76.86607073617971,1.46565247566031,20.021679470040628,5.129912637644046,18.785396798915283,119.09296982641403,CNC,False,True,False,False,0.6961581248613986,0,0,30.38418751386014,0,2025-03-10 08:42:00
75.03740768755534,1.83407305492576,16.584895429411787,4.135478445479055,20.96839711843932,127.5404142507201,CNC,False,False,False,True,0.7135026212598433,0,0,28.64973787401567,0,2025-03-10 08:46:00
76.32485755271155,2.150042909934165,15.05099462590353,5.1236187340096135,20.99346034497195,121.37624343784182,CNC,False,True,False,False,0.7624659671646267,38,0,4.753403283537338,0,2025-03-10 08:51:00
73.22964905823498,2.1655657915466464,18.84486994580288,4.988330920309376,21.084495401936486,120.79341661809364,CNC,False,False,True,False,0.8480609636420056,0,0,15.193903635799444,0,2025-03-10 08:54:00
88.30474282701144,8.821729436335424,27.00246229543061,5.534228182214703,19.99663069736432,121.30928603622864,CNC,True,False,False,False,1.0,50,1,0.0,0,2025-03-10 08:59:00
73.1975560276699,2.1442233739303957,16.280772972243092,5.390080216673907,18.77299672288738,119.02959933833452,CNC,False,False,True,False,0.798968299537879,0,0,20.1031700462121,0,2025-03-10 09:00:00
76.18854551729738,2.3802954533563923,20.137584642788585,4.676261326082048,17.83410661626166,120.33735012628613,CNC,False,False,False,True,0.9275679184963552,46,0,0.0,0,2025-03-10 09:06:00
78.3466849565109,2.086618400902951,15.428000586967013,4.589710642010157,20.028936320560916,122.15006761905676,CNC,True,False,False,False,0.7615150400754961,0,0,23.848495992450395,0,2025-03-10 09:07:00
72.49467698165641,1.600061493566658,23.12100591871137,5.488721873990681,20.515331865559904,115.61322132422552,CNC,False,True,False,False,0.8145316114865992,0,0,18.54683885134007,0,2025-03-10 09:09:00
87.36671089603603,5.899657929213271,26.43076629772936,5.41086041435726,16.575142048077442,115.67913960413016,CNC,False,False,True,False,1.0,0,1,0.0,0,2025-03-10 09:20:00
77.977411510887,2.116211444189897,15.850677921134274,5.323343819866284,19.679850954368117,120.06327232074328,CNC,False,False,False,True,0.7869012464128167,0,0,21.30987535871833,0,2025-03-10 09:21:00
70.34405485178937,2.096955644737462,16.435292154996013,4.95213643901074,20.702796885357685,120.13588583836231,CNC,True,False,False,False,0.7516374220500437,37,0,6.336257794995632,0,2025-03-10 09:22:00
72.35312518223665,2.163266105702104,17.980671157373305,4.987495434338301,20.6560590112695,118.84575516048145,CNC,False,False,True,False,0.818612416582644,0,0,18.1387583417356,0,2025-03-10 09:25:00
71.46725938233669,2.316167465688765,15.39778146721731,5.255961182860834,20.042480395516645,126.93922985172986,CNC,False,False,False,True,0.818681285722379,0,0,18.131871427762107,0,2025-03-10 09:31:00
75.36686580458507,1.6416431180701894,17.14203856525516,5.286094633556493,20.63204038146006,114.40304560127043,CNC,False,True,False,False,0.6903251881439827,34,0,13.967481185601727,0,2025-03-10 09:32:00
77.69857500343703,5.991046272011681,31.547887833146817,4.365124772128619,20.934853844958223,128.81649400149786,CNC,False,True,False,False,1.0,50,1,0.0,0,2025-03-10 09:34:00
72.28879613045146,1.7127293134954364,18.27458342291719,4.637069376251094,19.709007811150062,118.8700922732797,CNC,False,False,False,True,0.7881474661892163,39,0,1.6852533810783683,0,2025-03-10 09:43:00
73.69474393377624,2.323054443397304,21.612178235673923,5.153683688659785,19.542036269722157,117.39067241724126,CNC,False,False,True,False,0.9153718469572104,0,0,8.462815304278976,0,2025-03-10 09:49:00
69.91847379000934,1.6417431796723132,18.19431157417249,4.900042505675182,19.06460467950104,125.98075110763064,CNC,False,False,True,False,0.732598240248183,0,0,26.7401759751817,0,2025-03-10 09:51:00
73.14359545829849,1.7123664631439677,20.233362550135045,5.116859536847519,20.12501802646264,127.32100636261794,CNC,False,False,False,True,0.7871884594115304,0,0,21.281154058846965,0,2025-03-10 09:52:00
74.00192088411534,1.5942473931677834,18.464189275857077,5.112094378400998,19.499929916588503,125.9237194935334,CNC,False,True,False,False,0.7279694323161663,0,0,27.203056768383377,0,2025-03-10 09:53:00
73.65953635153986,1.5249234830637262,18.997766389536427,5.116867531282931,19.502750917550728,122.46218669577084,CNC,False,False,True,False,0.7132918200644203,0,0,28.67081799355797,0,2025-03-10 09:54:00
72.768608441975,1.9357796906816416,18.39015385084521,5.34751933532222,20.060784413475517,113.92031091012048,CNC,True,False,False,False,0.7755072409732541,38,0,3.449275902674586,0,2025-03-10 09:56:00
78.600993587984,2.113821619281533,19.074957409212857,5.009241738400292,21.14176105857746,118.77090436644473,CNC,False,True,False,False,0.8201506472786678,41,0,0.0,0,2025-03-10 09:57:00
76.44386303290989,2.1489200353201823,17.446221288462393,4.61113511282267,16.596384090571398,116.05323817048712,CNC,False,False,True,False,0.8071100622720204,0,0,19.28899377279795,0,2025-03-10 10:14:00
73.53029255095541,2.343287920567981,16.88996659691178,4.304229902307089,23.87043784803616,125.98066858545552,CNC,True,False,False,False,0.8320950408967782,41,0,0.0,0,2025-03-10 10:17:00
78.06534811807084,1.8347054589385248,17.884098916474564,5.296050265642098,19.920181345590525,114.38924719256792,CNC,True,False,False,False,0.7397893021312262,0,0,26.021069786877376,0,2025-03-10 10:21:00
78.99916077054269,2.283563460383445,19.92469033853314,5.166321090288178,18.027876709534365,116.15616585719654,CNC,False,False,False,True,0.8952674834147689,44,0,0.0,0,2025-03-10 10:23:00
74.3506834245988,1.808723737377211,17.404266390086278,4.707080180105165,20.389393470048432,123.9169236207712,CNC,False,False,True,False,0.7207733194319386,36,0,9.922668056806144,0,2025-03-10 10:27:00
76.47896424319698,2.1782952853280095,22.0974165153977,5.233534832615623,21.476889342343696,119.72872698567926,CNC,False,False,True,False,0.798141443349529,0,0,20.1858556650471,0,2025-03-10 10:52:00
73.73772712745165,1.821076577609336,15.271788012363285,5.083739542933875,21.911095375274225,121.54708092571023,CNC,False,True,False,False,0.6994953441621836,0,0,30.050465583781644,0,2025-03-10 11:02:00
85.03579698377453,6.427638404726578,26.80629423694549,4.98198235279563,16.171189771968876,117.17848527094688,CNC,False,False,True,False,1.0,0,1,0.0,0,2025-03-10 11:03:00
75.49689335375935,2.242675780817816,19.00183465817172,4.826936194641363,19.39653496587092,115.7076205441368,CNC,True,False,False,False,0.8338737733694381,0,0,16.612622663056186,0,2025-03-10 11:04:00
74.81528596799454,2.249485035854121,16.434817274903732,5.666056953017513,21.59894557959774,113.63372274096572,CNC,False,False,True,False,0.8080643929792538,0,0,19.19356070207462,0,2025-03-10 11:11:00
77.74624881326707,1.7046397848554096,18.27458342291719,5.529081287995592,20.05635028806088,115.48880898642616,CNC,False,False,True,False,0.6906576865057112,0,0,30.93423134942887,0,2025-03-10 11:13:00
74.60783015572615,2.2352008337932245,14.955331363436512,4.590099699969444,18.51497942914529,118.27616710063172,CNC,False,True,False,False,0.7938193418442349,0,0,20.618065815576514,0,2025-03-10 11:15:00
77.69857500343703,1.348528578571866,18.64931647100504,4.900137784712432,18.781745792410504,121.21993093998825,CNC,True,False,False,False,0.6823378899730154,34,0,14.76621100269847,0,2025-03-10 11:25:00
75.72850503869364,1.9167367231053345,17.459266606477662,5.739146798280841,20.30522300517843,121.2317397647425,CNC,False,True,False,False,0.7377860008130411,36,0,8.22139991869588,0,2025-03-10 11:28:00
76.16902917485605,2.3935080347817985,18.2342484322997,5.868721066958641,19.5485970605448,126.06491964274686,CNC,True,False,False,False,0.8888832979994431,0,0,11.111670200055684,0,2025-03-10 11:35:00
74.76959616411511,1.6723575219713802,18.472447292528464,4.631059468375232,20.964075728947225,117.92894609536232,CNC,False,False,False,True,0.7439189782390169,37,0,7.108102176098313,0,2025-03-10 11:36:00
75.1375720351283,2.20590606650436,21.21123966513024,5.070241419921748,23.819081803914187,120.82478437704512,CNC,False,False,True,False,0.8841613917693926,0,0,11.583860823060746,0,2025-03-10 11:40:00
80.43784685342644,1.3940218003531593,16.126409530081233,5.492931442085865,17.823344020299892,120.7499754495387,CNC,False,False,False,True,0.6271012741702339,0,0,37.28987258297661,0,2025-03-10 11:43:00
76.14960576717638,1.846287727796992,20.359884260076928,4.761211188839554,18.579525851573976,124.01363786218847,CNC,False,True,False,False,0.8086536190680543,0,0,19.134638093194567,0,2025-03-10 11:45:00
74.33801394971546,2.3438082725040243,19.601403895091156,4.680717569456738,19.89076635111449,122.3543442968769,CNC,True,False,False,False,0.8894252588428833,44,0,0.0,0,2025-03-10 11:48:00
77.14277631352958,1.9682543727506907,17.687045247753684,4.879368076883558,18.580529265878305,116.79884752265993,CNC,False,False,False,True,0.7565865806314626,37,0,5.841341936853738,0,2025-03-10 11:51:00
74.78594367603408,2.32882097224322,18.10611862586524,4.7489839989023706,19.44791257678448,110.82214761564563,CNC,False,True,False,False,0.8448082531774951,0,0,15.519174682250494,0,2025-03-10 12:00:00
75.26625022309439,1.838208495661019,21.35423174037374,5.028915338849948,21.1813149864903,118.17472483597514,CNC,True,False,False,False,0.7978017709980927,0,0,20.21982290019073,0,2025-03-10 12:03:00
72.99477462979883,1.7962308040421135,19.35027411281384,4.827828920479714,20.028498623389808,115.71413813054149,CNC,True,False,False,False,0.7718385490998454,38,0,3.816145090015453,0,2025-03-10 12:06:00
77.29636334733574,1.93118530044336,18.70754126178278,4.847722150481963,21.423894761423465,110.24128695494775,CNC,False,True,False,False,0.7959961343145092,0,0,20.40038656854908,0,2025-03-10 12:21:00
81.60973244855109,2.013669164342569,20.628149963049207,4.804234306202232,19.81354859168225,116.44987456592447,CNC,False,False,True,False,0.8367183893411323,0,0,16.328161065886775,0,2025-03-10 12:24:00
73.55695708596764,2.6464786032149425,17.133220866627692,4.6617791294581545,18.930033649579684,108.95860990059954,CNC,False,False,False,True,0.8878788991311581,0,0,11.21211008688418,0,2025-03-10 12:27:00
75.60441364538268,1.7176931898000862,17.26969477360357,5.30127597989302,16.495895592468106,131.58758115598428,CNC,False,False,True,False,0.6950535334019066,34,0,13.494646659809348,0,2025-03-10 12:29:00
77.69857500343703,1.510599466874878,17.63089711562811,4.87528577069759,21.66574979847108,118.58843979037536,CNC,False,False,True,False,0.6735432921464212,0,0,32.64567078535788,0,2025-03-10 12:43:00
78.22446970344035,2.1440781504217776,18.27458342291719,5.500938544919204,21.623805513024365,115.28147284284962,CNC,False,True,False,False,0.8188894072144864,0,0,18.111059278551352,0,2025-03-10 12:44:00
74.17141076696957,2.2468348342502007,17.21918252343906,5.041247170286882,19.74749354864421,119.18037011622242,CNC,True,False,False,False,0.8401461968236421,42,0,0.0,0,2025-03-10 12:46:00
76.3812052460932,1.711204696424307,19.03228807917276,4.8194218438700265,20.359200483170653,122.01131172332188,CNC,True,False,False,False,0.7703900820243099,0,0,22.960991797569008,0,2025-03-10 12:47:00
74.85062684245497,2.0753949944714307,20.706138320332816,4.870329255583743,20.42589183140708,124.69305539312748,CNC,False,False,True,False,0.8620500501504083,43,0,0.0,0,2025-03-10 12:51:00
73.65375156417359,1.6888801779290012,18.619453558272003,5.342863355369316,21.01014321913054,126.11789829879636,CNC,False,True,False,False,0.7367080955176005,0,0,26.32919044823994,0,2025-03-10 12:56:00
78.63457848309352,1.8551270481618447,16.52452659063032,5.199644202719576,22.22424929957886,116.88141982541804,CNC,True,False,False,False,0.7124676931041756,0,0,28.75323068958244,0,2025-03-10 13:01:00
77.98798090484902,2.0729275182982096,19.48214756136457,5.25429061057622,21.21431283237941,120.0801833150674,CNC,False,True,False,False,0.8396611751239027,0,0,16.03388248760973,0,2025-03-10 13:03:00
69.70782600111419,2.285391873289845,16.246605828761414,4.800300954202138,20.441024598959945,124.49799368989704,CNC,False,True,False,False,0.8071830259332992,40,0,0.0,0,2025-03-10 13:04:00
75.6690900453149,2.153047240674555,20.33548385105556,5.40615693147009,19.98359142205987,121.23091972147984,CNC,False,False,False,True,0.8658828061162704,0,0,13.411719388372958,0,2025-03-10 13:08:00
72.76648593050464,2.381771048878571,16.44991007396752,4.53126747981099,20.65976432970924,115.408419313358,CNC,False,True,False,False,0.8510655115638665,42,0,0.0,0,2025-03-10 13:09:00
77.69132625334265,1.859260743736877,17.193868263926557,4.740851084141392,21.089053998844,113.68064219633142,CNC,False,False,True,False,0.7558113530045647,0,0,24.418864699543533,0,2025-03-10 13:11:00
80.49417534182332,2.1732090575319987,16.51522725913853,4.509194369084586,18.79287227942129,125.91447469438964,CNC,False,False,True,False,0.7694240885263602,0,0,23.05759114736398,0,2025-03-10 13:16:00
76.75580008057112,1.9886320754849507,18.71936169537264,4.437312226976177,20.342280933441437,113.2951398200936,CNC,False,False,True,False,0.7772872176397818,0,0,22.27127823602181,0,2025-03-10 13:27:00
76.26988226064162,2.0335397474610164,16.551394931584667,4.90371027840438,20.24333482534825,118.37243293502532,CNC,True,False,False,False,0.7758867475050286,0,0,22.41132524949714,0,2025-03-10 13:31:00
76.98528682234164,2.302147160179001,18.628889181749702,4.319543810293103,17.54706459489267,126.60605563038789,CNC,False,False,False,True,0.8752782576281197,0,0,12.472174237188028,0,2025-03-10 13:32:00
76.88998877891518,2.155398432917436,17.282083229641174,5.149624835252418,18.62207531221545,111.93049272260504,CNC,False,False,True,False,0.8177678107673173,40,0,0.0,0,2025-03-10 13:33:00
70.35150849645544,2.0631802517892925,13.86939444991878,5.200760093480269,19.78952565792926,116.3870160929926,CNC,False,False,False,True,0.712607947470563,0,0,28.739205252943705,0,2025-03-10 13:38:00
76.6482600731209,1.853457175966892,22.24326261466041,4.988473359364551,23.026709673189544,122.20409899452858,CNC,False,False,False,True,0.8235127346301843,0,0,17.64872653698157,0,2025-03-10 13:39:00
73.67234709232402,1.6861636744812487,17.836211240855015,5.077144737260077,19.31574747877991,121.0215994199416,CNC,False,False,True,False,0.7419092933000624,0,0,25.80907066999376,0,2025-03-10 13:44:00
72.44180020699842,2.0872842093018456,19.494889942854112,5.168107411622625,19.506665754993787,117.55993598413956,CNC,False,False,True,False,0.8458340667632943,0,0,15.416593323670568,0,2025-03-10 13:46:00
77.7457245662343,1.7627354624916305,18.900311267893294,5.242777043354655,20.254539736956925,118.93770637482864,CNC,False,False,False,True,0.780454108647415,0,0,21.9545891352585,0,2025-03-10 13:48:00
77.71060891387039,1.5904934613720094,21.550981698480097,5.521933905327732,18.861224680748744,123.4014358285888,CNC,False,False,False,True,0.7530935054043107,0,0,24.69064945956893,0,2025-03-10 13:50:00
77.10147863659358,2.2104484345774145,15.041607963284466,5.054070496537068,18.768070423890716,114.21033150134348,CNC,True,False,False,False,0.7642240513543853,0,0,23.577594864561465,0,2025-03-10 13:51:00
70.53831791854891,2.1556613541320364,18.279303348431792,4.979218091639689,21.418245956989093,119.67801229687646,CNC,True,False,False,False,0.8234243368463102,0,0,17.65756631536898,0,2025-03-10 13:52:00
80.95277056520322,2.331180064010572,22.734828728054243,5.074842840050037,22.939525972933826,113.3219666667682,CNC,True,False,False,False,0.9504591623433584,0,0,4.954083765664166,0,2025-03-10 14:02:00
77.31378062405265,2.0884914367126464,19.12757575001383,5.593856744750603,20.651102730774767,111.015041763603,CNC,False,True,False,False,0.8021307762203835,0,0,19.786922377961645,0,2025-03-10 14:07:00
79.95510078087263,2.384281873000018,21.110397068294684,5.63577651342468,20.111410535285216,124.31195287958845,CNC,False,False,True,False,0.9183362618249596,0,0,8.166373817504038,0,2025-03-10 14:09:00
78.91224789586903,1.6190004207818371,20.21342084857464,4.840980521381689,18.265808949273453,126.6517175374486,CNC,False,True,False,False,0.7663760248680164,38,0,4.36239751319836,0,2025-03-10 14:12:00
72.76425650764602,2.2006520391638653,13.4507579375876,4.4461927922300015,18.336852656892507,129.4392949397932,CNC,False,False,False,True,0.7390906666190632,0,0,26.09093333809368,0,2025-03-10 14:13:00
85.09632744516125,2.074864456879423,15.7584646986075,5.396770523954782,21.05145848405595,130.49876273997995,CNC,True,False,False,False,0.7460942974935424,0,1,25.39057025064577,0,2025-03-10 14:17:00
77.58877430144271,1.6450831445796834,17.885205072426412,4.246806621331309,21.61001026529532,117.1225489345194,CNC,False,True,False,False,0.7054239062337185,0,0,29.45760937662814,0,2025-03-10 14:18:00
77.37618876325378,2.308823930286598,18.321299880706235,4.992746302596768,19.53318756623948,118.72396932780188,CNC,False,False,False,True,0.8714115992781911,0,0,12.858840072180882,0,2025-03-10 14:20:00
78.43767144232261,2.2390105781212224,19.32452596431924,5.117313771601941,18.363429924208887,127.55836707092716,CNC,False,True,False,False,0.86336369214326,0,0,13.663630785674002,0,2025-03-10 14:21:00
74.8147356349185,2.00455488276213,15.92177766326452,5.193893859187569,16.688678651492967,131.04023023771774,CNC,False,False,False,True,0.7558126001919111,0,0,24.41873998080889,0,2025-03-10 14:22:00
78.3057600943328,1.9927301498390924,17.48589518237387,5.049562726608428,20.159108864580254,116.88936259821806,CNC,True,False,False,False,0.768518140235504,0,0,23.1481859764496,0,2025-03-10 14:28:00
80.82664932118942,1.7064501362400182,16.713633315945938,5.002619463121816,20.0847615116439,115.95602940791784,CNC,False,False,False,True,0.6852940581193732,0,0,31.47059418806268,0,2025-03-10 14:35:00
77.8134636817023,1.908316815753859,16.74192427759278,4.67641444282968,20.99345921355245,131.22341127715129,CNC,False,True,False,False,0.7460176755275765,0,0,25.39823244724235,0,2025-03-10 14:37:00
72.5341694333958,2.219287692912865,17.76469013679567,5.623162172927342,18.964472200810565,117.80158995540776,CNC,False,False,False,True,0.8138724963333405,0,0,18.61275036666595,0,2025-03-10 14:38:00
77.93422417886707,2.152106081640607,21.96726730487204,4.870152130240824,20.00080904394332,130.22469399015512,CNC,False,True,False,False,0.8981300461194394,44,0,0.0,0,2025-03-10 14:52:00
74.68000112050288,1.874169574202435,16.331457313864068,5.155071951613139,18.63789954386005,119.84419817599262,CNC,False,True,False,False,0.7207448591387996,0,0,27.92551408612005,0,2025-03-10 15:01:00
79.03788153928912,2.226946506294829,14.564655703273209,4.489025358461863,20.67955948485809,126.23164905537472,CNC,False,True,False,False,0.7514679538356225,0,0,24.85320461643775,0,2025-03-10 15:02:00
71.76630529421459,1.7588154755817558,17.548386501847915,4.501939769615966,21.19983093455897,112.9578425481582,CNC,True,False,False,False,0.7225250034327519,0,0,27.747499656724813,0,2025-03-10 15:05:00
74.76244105074451,2.3961242029351504,15.89059109006816,5.167405823662822,19.01228960710812,121.07266459443208,CNC,True,False,False,False,0.8194692927552087,40,0,0.0,0,2025-03-10 15:08:00
71.82242834539741,1.9448438320522368,20.736188473629795,4.533919200013885,22.51817571108028,126.04765700568134,CNC,False,False,False,True,0.816648036770335,0,0,18.335196322966496,0,2025-03-10 15:13:00
75.43104479111882,2.2606317501772315,12.091502117515937,4.806148574159968,17.92111000104463,122.090457137533,CNC,True,False,False,False,0.7434156688121445,0,0,25.658433118785556,0,2025-03-10 15:22:00
80.25440374905251,2.027893773958823,17.162073108957532,5.4186850855103055,19.34997416737321,129.45420210019583,CNC,False,True,False,False,0.7953580405690228,39,0,0.9641959430977208,0,2025-03-10 15:27:00
76.69788096667831,1.8038962578087745,20.242998423699856,4.779553503983749,20.190760878791423,114.74479024856652,CNC,False,True,False,False,0.7893697964695049,39,0,1.5630203530495097,0,2025-03-10 15:31:00
76.95450313224624,2.205676923889525,17.086604769953507,5.079286931088328,21.41478995521669,124.69205711936644,CNC,True,False,False,False,0.8318082618767921,0,0,16.819173812320784,0,2025-03-10 15:34:00
75.7792157797742,1.9575054241969616,18.67798702761884,5.130103799291833,20.668921665687957,126.10238195540538,CNC,False,False,True,False,0.7693359232830781,0,0,23.06640767169219,0,2025-03-10 15:35:00
78.60593480230482,1.8314473701944904,15.89962692527666,5.281301531238379,21.4503761016132,126.01606391146144,CNC,False,True,False,False,0.692342777482416,0,0,30.765722251758405,0,2025-03-10 15:40:00
70.40084267599414,1.2125548830877664,17.099493224443457,3.4310398993526627,20.464333470150727,121.39102298010488,CNC,False,True,False,False,0.5946856779618872,0,0,40.53143220381128,0,2025-03-10 15:42:00
73.15290702902017,2.7647029126153164,16.48799196108679,5.113515211135232,20.81500939549857,120.7778973461532,CNC,True,False,False,False,0.8923021854465425,44,0,0.0,0,2025-03-10 15:43:00
73.79452707158644,1.8572613667985296,19.270658390432413,4.816929202804626,18.37004571667208,118.21761515685228,CNC,False,False,True,False,0.7799926798146225,38,0,3.000732018537746,0,2025-03-10 15:52:00
76.49223569490537,1.7521664024856374,17.764665395614294,5.428590372101824,20.154221364732603,121.81012275494231,CNC,False,False,False,True,0.7274570904887019,0,0,27.254290951129818,0,2025-03-10 15:53:00
74.32376617161437,1.7938957700901508,17.089065887500517,4.5560999488446905,20.97364007658125,120.27170147070936,CNC,False,False,True,False,0.7354993191361304,36,0,8.450068086386963,0,2025-03-10 15:54:00
75.15087444128699,1.594833210697105,18.48991418634401,5.129298875013425,21.38076436259852,123.81479128356986,CNC,False,False,False,True,0.7245090230407647,0,0,27.549097695923532,0,2025-03-10 15:55:00
79.99128962141415,1.494599726832084,19.41518364394924,5.081577543006398,24.41786943490265,128.2595716843369,CNC,False,False,False,True,0.7287477344997112,0,0,27.125226550028884,0,2025-03-10 15:57:00
72.0731961021493,2.0572749572431133,20.356505695096004,5.077195856709172,20.3757713056334,122.62572329394136,CNC,True,False,False,False,0.8301976376706612,0,0,16.980236232933876,0,2025-03-10 15:58:00
78.4631704134586,1.9891008175872973,18.81627182555671,5.670581984765866,19.00536173926192,126.79859106500447,CNC,False,False,False,True,0.7774646303925613,0,0,22.253536960743872,0,2025-03-10 15:59:00
78.41019617018483,2.0440805895160064,18.27458342291719,4.374010442623288,20.679311490192337,124.3712008461662,CNC,False,False,False,True,0.7328039982824128,0,0,26.719600171758717,0,2025-03-10 16:00:00
78.43640613175259,2.923058111054151,23.88609667053724,5.329072970629658,21.388949194778345,113.5790089454442,CNC,True,False,False,False,1.0,0,0,0.0,0,2025-03-10 16:02:00
79.04119098857443,1.817598157118803,18.483604143111496,4.7636726607634285,17.473993973305753,116.90200009948155,CNC,False,False,True,False,0.7459504864663209,0,0,25.404951353367903,0,2025-03-10 16:06:00
75.87607586060315,2.142609683207603,16.180639121375048,4.593767448139782,19.17272640484553,110.99614649038682,CNC,False,False,True,False,0.7757418359260408,0,0,22.425816407395917,0,2025-03-10 16:15:00
71.41521754926654,2.1897362649926904,17.09739427131267,5.329029168480192,17.73961655129298,118.29400133653353,CNC,False,False,True,False,0.7876969608850468,0,0,21.230303911495312,0,2025-03-10 16:16:00
75.82806704660271,2.482856199732792,15.424789432693878,5.390602635625266,20.944337549098755,121.83909784221932,CNC,False,False,False,True,0.8426414564689838,42,0,0.0,0,2025-03-10 16:19:00
85.92805644918379,7.892940099295718,28.121584358265213,4.918027010303357,18.84104466552035,122.07689811252996,CNC,True,False,False,False,1.0,50,1,0.0,0,2025-03-10 16:21:00
76.70479729194632,1.6807339979547953,20.62232459320723,4.946688513908338,20.29069807065064,120.23836447311147,CNC,False,False,False,True,0.7853006613100083,0,0,21.469933868999163,0,2025-03-10 16:26:00
74.92232608621241,1.997046557404885,19.728139964277894,5.082194571024008,21.540605450966208,111.7674430669903,CNC,False,False,True,False,0.833220011929264,0,0,16.677998807073607,0,2025-03-10 16:27:00
78.51311508081497,1.6639857732590384,18.27458342291719,5.000721402542566,20.40225042473296,115.98087675878628,CNC,False,True,False,False,0.7054409711175396,0,0,29.455902888246044,0,2025-03-10 16:29:00
72.16835221561848,1.6917789345421967,20.119131145246797,4.677396148389767,20.984174302790407,122.41464972588793,CNC,False,True,False,False,0.7816374523098261,0,0,21.836254769017387,0,2025-03-10 16:34:00
76.84170198759546,2.278473707403297,19.52842640667771,4.38635012262046,20.91019253758945,120.50663588430234,CNC,False,True,False,False,0.8608408842101948,0,0,13.915911578980529,0,2025-03-10 16:37:00
76.93594607553175,1.8510404793554092,21.45592767076353,4.324786269920929,20.368728832724585,123.4846531748138,CNC,False,False,False,True,0.8412723909806173,42,0,0.0,0,2025-03-10 16:38:00
75.35208363443127,1.653952272204565,17.06130706714658,4.759700827744573,17.87354036415889,107.9061226646529,CNC,False,True,False,False,0.6981308697990106,0,0,30.18691302009894,0,2025-03-10 16:39:00
73.70604338551003,2.0803530913599,15.42827196544057,5.209008306576956,19.501590948124868,120.55544175652416,CNC,False,False,False,True,0.7522628545002626,37,0,6.273714549973732,0,2025-03-10 16:40:00
73.31283132960344,1.8445242083416395,18.417707085068663,4.592477920963715,19.30738243798081,125.81451286272068,CNC,False,True,False,False,0.7832848467620617,39,0,2.1715153237938267,0,2025-03-10 16:42:00
84.7801892398722,5.517708824361312,24.52910590778856,4.499457527104285,20.60741203072301,117.56227721796704,CNC,False,True,False,False,1.0,0,1,0.0,0,2025-03-10 16:55:00
78.75377979118208,1.849629767662936,18.628258992901333,4.904557787314149,18.978636756296456,122.19742913997882,CNC,False,False,True,False,0.7874381057864863,0,0,21.256189421351365,0,2025-03-10 16:57:00
73.74818260969978,2.4603446305383545,15.38444686970468,5.274709628201342,18.742129010777745,124.37828181614118,CNC,True,False,False,False,0.840430592080687,42,0,0.0,0,2025-03-10 17:04:00
71.96504024503238,2.336712265610948,17.30979180636162,4.743271438422264,18.03501873240235,115.66996645508686,CNC,False,False,False,True,0.8507231607508476,0,0,14.927683924915245,0,2025-03-10 17:05:00
78.27692826365009,2.163017248361543,14.32846248764582,5.236667219877252,21.129820169624235,117.98342616339146,CNC,False,False,False,True,0.7251157577206822,0,0,27.488424227931787,0,2025-03-10 17:07:00
80.47608943201271,2.368997110531605,18.28475582502093,4.846083190558372,20.6261705516162,114.83678650938973,CNC,False,False,True,False,0.8722497568546491,0,0,12.775024314535088,0,2025-03-10 17:09:00
74.30482502043988,2.176178724039253,16.739714339715306,5.242161801905099,20.934153687841324,125.28015185782856,CNC,True,False,False,False,0.7985477725597183,0,0,20.14522274402817,0,2025-03-10 17:12:00
72.38135365632449,2.098056620183131,22.57758132176058,5.127523335851302,16.466121612601516,123.3367764222734,CNC,False,True,False,False,0.8756240110312472,43,0,0.0,0,2025-03-10 17:26:00
86.34117753889495,6.787669270554108,22.08927077924966,4.991631585046769,18.02857235328782,120.90556144444714,CNC,False,False,False,True,1.0,0,1,0.0,0,2025-03-10 17:27:00
79.06966174898369,1.6910564454374466,17.97906974189454,4.902966785484082,19.50854984403506,123.714516527168,CNC,False,True,False,False,0.714066228480682,35,0,11.093377151931804,0,2025-03-10 17:33:00
72.91575622837867,1.803293684161567,14.4117129776028,5.217783947810985,18.61926681839063,122.56837607896654,CNC,True,False,False,False,0.682434741409183,0,0,31.75652585908169,0,2025-03-10 17:36:00
77.62900607454141,2.4586243551622724,18.07942764343927,5.500778981805263,19.02852086543293,116.44654003766496,CNC,False,False,False,True,0.8545886407078149,42,0,0.0,0,2025-03-10 17:42:00
77.82723562840881,1.975686210583477,15.154246184376891,5.366329512639042,19.50498969706267,123.41809155968168,CNC,False,True,False,False,0.7111109004633772,0,0,28.88890995366228,0,2025-03-10 17:43:00
76.4532869895998,2.4135408882384515,16.454915776315527,4.822628232705986,19.25569118638774,110.692433196704,CNC,False,False,False,True,0.8221795224458105,0,0,17.782047755418944,0,2025-03-10 17:48:00
73.6474887086058,1.3338736973194625,19.26175120719231,5.378647323332174,20.223141100003545,121.61877533615748,CNC,False,False,False,True,0.7018627236176,0,0,29.81372763824,0,2025-03-10 17:51:00
75.26925234042547,1.9558384163943208,19.57640828159437,4.983403558169048,19.260672631424423,122.4095081602017,CNC,False,False,False,True,0.8131779885399603,0,0,18.682201146003976,0,2025-03-10 17:55:00
74.98010777390617,2.1782952853280095,15.888020376146311,5.2617552536243055,18.73298410506013,113.08266343772009,CNC,False,False,True,False,0.6973396729076795,0,0,30.26603270923205,0,2025-03-10 18:06:00
75.3489718188967,1.985310490742465,15.899890420353628,5.115964469615065,20.09260201469045,119.39077194344482,CNC,False,False,False,True,0.7293931144838814,0,0,27.06068855161186,0,2025-03-10 18:07:00
72.5031894729382,2.2424108568206216,16.766449276960586,4.925176993410535,20.68271957142428,121.5735497119538,CNC,True,False,False,False,0.8135090704498531,0,0,18.64909295501469,0,2025-03-10 18:10:00
72.12375587512648,2.314544795315178,17.353915262453988,4.666250555081952,19.506912780550564,123.35513005694423,CNC,False,False,True,False,0.8139034921175161,0,0,18.609650788248388,0,2025-03-10 18:18:00
70.62700195641695,2.22006434405176,17.388091136936815,4.661584130948946,23.30336491005937,111.49939565585868,CNC,False,True,False,False,0.8208504832651822,0,0,17.91495167348178,0,2025-03-10 18:23:00
77.43968433772474,1.9286950049117049,20.548880455697805,4.711061038153988,18.83693145549109,117.14903201150923,CNC,False,True,False,False,0.7977827137703326,0,0,20.221728622966737,0,2025-03-10 18:25:00
73.51286804943409,1.9442226557153688,16.882408362230084,5.808869640034952,19.69967500026252,118.3817547764542,CNC,False,True,False,False,0.7323061059509887,0,0,26.769389404901133,0,2025-03-10 18:34:00
75.07093945079912,1.6296464004732811,16.745158531147254,4.287153967206068,20.155743852549048,119.35104585397652,CNC,False,False,True,False,0.6776548300672509,0,0,32.23451699327491,0,2025-03-10 18:37:00
75.59951364596347,2.004352699778796,19.617142013780235,5.520250160422384,17.200327770854788,122.67234267534256,CNC,False,True,False,False,0.8258562560113534,41,0,0.0,0,2025-03-10 18:41:00
76.1608948922664,2.161530487164936,18.00356608220922,4.615688176702044,20.905875562225063,124.922849229786,CNC,True,False,False,False,0.8232238993306489,41,0,0.0,0,2025-03-10 18:45:00
80.71014050031587,2.6555284685108336,16.96776671625713,5.1567525048982334,19.19085530933237,124.47925440051402,CNC,False,False,False,True,0.8984527142722913,0,0,10.154728572770864,0,2025-03-10 18:48:00
88.22962128062301,6.84376112543878,18.561629455053257,5.260267051516834,21.92612041481343,119.46933996193842,CNC,False,False,True,False,1.0,0,1,0.0,0,2025-03-10 18:50:00
80.0025488595373,1.7561529228990305,18.199652630199537,4.906196985941643,21.29658724611,121.7669689872948,CNC,True,False,False,False,0.7291834717416258,0,0,27.081652825837423,0,2025-03-10 18:55:00
79.62328326060305,2.2484176444679926,16.66533323756704,5.635658920654583,19.519063285539783,122.99821820362516,CNC,False,False,True,False,0.7912964555426616,0,0,20.87035444573384,0,2025-03-10 18:56:00
76.15346856976922,1.9439963113059664,17.002025488041777,4.708643874703316,19.59030178442112,117.3511087398464,CNC,False,False,True,False,0.7587098767989949,37,0,5.6290123201005,0,2025-03-10 19:01:00
76.2216721903475,2.102498069585788,18.434415875056803,5.338109318816838,17.584967490636505,122.85641526582148,CNC,True,False,False,False,0.8067197354922141,0,0,19.328026450778594,0,2025-03-10 19:04:00
77.69857500343703,2.3140735383464417,14.828308719228303,4.798511065268219,19.029745543748565,121.33107630076454,CNC,False,True,False,False,0.7729911745163252,0,0,22.70088254836749,0,2025-03-10 19:13:00
74.5643751971133,2.009418759659833,20.031874447127112,4.851415191564926,18.811994638857133,122.55033296585532,CNC,False,True,False,False,0.8489797848418674,0,0,15.102021515813265,0,2025-03-10 19:18:00
80.20933435523105,2.0867551019356174,13.90105102866064,4.691674547754364,19.83445286106221,115.87393562227142,CNC,True,False,False,False,0.6986974607336653,34,0,13.130253926633472,0,2025-03-10 19:21:00
72.97571891389839,1.934099164294712,19.23332795294224,5.076580286382941,22.11356894961813,110.52582816208894,CNC,False,False,False,True,0.7777812862381452,0,0,22.22187137618548,0,2025-03-10 19:23:00
78.401930778883,2.0302373217934417,15.848526703116775,5.520440825209637,19.24612022914147,113.8091942783227,CNC,True,False,False,False,0.7589708844717069,0,0,24.102911552829312,0,2025-03-10 19:27:00
76.64696267574739,2.311147669597473,13.759825569759652,4.717873310433661,19.53777855582029,129.28795438324832,CNC,False,True,False,False,0.7838935715390748,0,0,21.61064284609252,0,2025-03-10 19:29:00
77.77485056724142,2.1003315544545567,16.52787269306297,5.198306229206204,17.310269746318774,119.69859625486008,CNC,False,True,False,False,0.774097190502665,0,0,22.590280949733497,0,2025-03-10 19:30:00
78.77627945618919,2.0407773701655043,17.920147073253272,4.877800214778539,23.276345902632357,108.86619237521388,CNC,False,False,False,True,0.7814687395650417,0,0,21.853126043495838,0,2025-03-10 19:33:00
74.98689726697673,1.7859245990278472,21.35949476444306,5.327437847337285,21.151263622725946,120.44411481139394,CNC,False,False,False,True,0.8206344322266662,0,0,17.93655677733338,0,2025-03-10 19:41:00
77.81899724875517,1.7882679550713905,21.834518296852245,5.340563974705062,18.430071337859747,113.32491877175988,CNC,False,False,False,True,0.80213847882408,0,0,19.78615211759201,0,2025-03-10 19:43:00
77.02335300673501,1.5824124857144806,14.948856583877832,4.473681036712744,20.47604394988304,119.57290583583466,CNC,True,False,False,False,0.6269749509909356,0,0,37.30250490090644,0,2025-03-10 19:44:00
77.36743557705904,2.5112306234177355,15.691673230440918,4.813619608771179,20.23286907808742,129.7087306102585,CNC,True,False,False,False,0.8407320216067183,42,0,0.0,0,2025-03-10 19:45:00
79.652205707213,1.8962242012858488,18.5285804203065,5.016616736225558,22.06434795595336,117.4330165961197,CNC,False,False,False,True,0.7675161411871131,0,0,23.248385881288694,0,2025-03-10 19:47:00
86.92150044253317,8.530257243975875,23.922327635165907,5.617936584967303,19.64472192631673,118.60016933596737,CNC,True,False,False,False,1.0,0,1,0.0,0,2025-03-10 19:52:00
74.10362399501503,2.060495871538776,14.55784495807906,5.59108811812083,19.796190427454302,128.5755910908939,CNC,False,False,False,True,0.7127229207282854,0,0,28.727707927171465,0,2025-03-10 19:57:00
72.24527535564016,2.013823766489945,15.550000222679898,4.897925131394286,22.030177342214177,118.34203110534229,CNC,False,False,False,True,0.7358285612451814,0,0,26.41714387548187,0,2025-03-10 19:59:00
76.51086476191388,1.6778934023246743,20.35306650757553,4.318151216729154,19.98416534767872,123.7704290251925,CNC,False,True,False,False,0.7844527610850156,0,0,21.55472389149844,0,2025-03-10 20:00:00
73.80523374279198,1.8691533675477543,19.334490294858483,4.913307284337416,18.473075830797278,119.36418601852934,CNC,False,False,False,True,0.7644087328996095,38,0,4.5591267100390525,0,2025-03-10 20:13:00
72.39716323779697,1.7949097153140836,16.354288196963136,5.048079423498422,21.75528850110584,118.99777508661388,CNC,True,False,False,False,0.7267639508130035,36,0,9.323604918699658,0,2025-03-10 20:17:00
88.56251625317711,4.875882919619118,25.01901293935539,5.18032493453272,19.992438694664703,120.08986289684154,CNC,True,False,False,False,1.0,0,1,0.0,0,2025-03-10 20:18:00
78.38360284567165,2.0293481524123766,18.339495535941325,5.173499043739414,20.828186877094765,123.22648479215522,CNC,False,True,False,False,0.809342573151955,0,0,19.065742684804505,0,2025-03-10 20:21:00
78.25685643976577,2.253151852892521,19.215895134011507,5.254748063358162,20.176276428737143,118.6859158835147,CNC,True,False,False,False,0.8526469793612176,42,0,0.0,0,2025-03-10 20:23:00
73.49121272694991,1.525333049976057,20.89388829277396,4.558219268858002,19.764145411957173,125.27527274471277,CNC,False,False,True,False,0.7580428060128644,0,0,24.19571939871355,0,2025-03-10 20:26:00
71.8285685057593,2.2186823583711357,15.89490561625978,4.327212486405836,23.160410273394778,121.82698104118096,CNC,False,True,False,False,0.8038589212155532,0,0,19.61410787844467,0,2025-03-10 20:29:00
76.81104276505837,1.7922947677298615,19.988597653375248,5.191215126076913,21.332670395537832,114.47665821948948,CNC,False,False,False,True,0.7904942045668032,0,0,20.95057954331968,0,2025-03-10 20:30:00
75.54480019524908,2.3101643164772625,18.97071981510638,5.354230832678018,18.575006444720454,112.8413515173763,CNC,False,True,False,False,0.8893801303233969,44,0,0.0,0,2025-03-10 20:34:00
77.94907971127185,1.9627142668512687,16.204681229449893,4.889465881982313,18.39320771319652,125.71652137165007,CNC,True,False,False,False,0.7516069047245952,0,0,24.83930952754048,0,2025-03-10 20:38:00
77.55912361666371,1.739213903903407,21.01012407721666,5.367107279118055,18.94526530661628,118.48038676192314,CNC,True,False,False,False,0.7906117581078123,0,0,20.938824189218774,0,2025-03-10 20:46:00
77.32580297277309,2.238380114883564,23.443824295812988,5.239635903705524,19.02380951739731,116.26391345756628,CNC,True,False,False,False,0.9371969103862404,0,0,6.280308961375965,0,2025-03-10 20:56:00
70.3001644786718,2.540429029779946,17.164433974972763,5.639649296334694,17.757203619045267,124.73121835807656,CNC,False,False,False,True,0.8556646335667456,42,0,0.0,0,2025-03-10 21:07:00
78.47880139900876,1.6095236051590007,15.804778035448546,5.269253476893187,20.012100139116704,116.5595893670984,CNC,False,False,False,True,0.665373036648174,33,0,16.9626963351826,0,2025-03-10 21:08:00
79.2600051443716,1.444094455130729,17.276743781254908,5.122034161882701,19.988437022776637,119.00698922323258,CNC,False,False,True,False,0.6604541162519689,0,0,33.95458837480311,0,2025-03-10 21:09:00
82.47288303732243,2.065597792027189,13.863248569137935,5.562259039003186,19.86866968031984,123.42052495467372,CNC,True,False,False,False,0.7371231623280918,36,0,8.287683767190813,0,2025-03-10 21:12:00
79.65699992363051,1.889318168290561,14.25398833813876,5.225164264114034,20.79998754592152,120.4708823458682,CNC,True,False,False,False,0.7093460964112754,0,0,29.065390358872463,0,2025-03-10 21:18:00
80.32336774442557,1.809377035931379,20.207440027445195,4.721415564085325,18.39476230473971,115.20133832583534,CNC,True,False,False,False,0.7794880319107174,0,0,22.051196808928268,0,2025-03-10 21:22:00
81.30949224221753,2.1782952853280095,19.519574473906157,4.698753067751768,18.13040975219125,114.34247349323918,CNC,False,False,True,False,0.7853767766743655,0,0,21.46232233256346,0,2025-03-10 21:30:00
69.07053082832417,2.714514059519764,19.786376694414503,4.88815491203813,18.951133903656388,120.9690450416556,CNC,True,False,False,False,0.9657536372700102,0,0,3.424636272998981,0,2025-03-10 21:36:00
76.0559641328936,2.0186994048857367,17.91748069469988,4.540103417852843,20.758083517598205,121.97063255217074,CNC,False,False,False,True,0.7633138004070795,0,0,23.668619959292045,0,2025-03-10 21:41:00
81.93783823768742,2.032150974577879,19.49949095087669,5.12973828447797,18.255495713324837,119.39345664305208,CNC,False,True,False,False,0.8046205403319839,0,0,19.5379459668016,0,2025-03-10 21:42:00
75.27806112916441,1.947411641028796,18.66865410910701,4.657806921629767,18.765698592503032,115.20074848891852,CNC,False,False,False,True,0.7917595729061372,39,0,1.3240427093862763,0,2025-03-10 21:44:00
78.58033336429617,2.5354325117555283,19.065566418645247,4.928527644956807,21.878238555449165,127.93057065710656,CNC,False,False,True,False,0.9109255687893992,45,0,0.0,0,2025-03-10 21:52:00
74.28083067953975,2.004035109385788,16.388946634978957,5.301156432597514,19.815546580048444,120.19042252859748,CNC,False,False,False,True,0.7524196710191731,0,0,24.75803289808269,0,2025-03-10 21:53:00
78.070200776277,2.124751050885818,19.086064558579302,4.939940867193024,21.192851373885773,123.8738669503718,CNC,True,False,False,False,0.8348771271220118,41,0,0.0,0,2025-03-10 21:59:00
76.09449978787951,2.542282552330779,18.819370687493095,5.01368187381523,20.32785333331057,112.029118373662,CNC,True,False,False,False,0.9290671568969762,46,0,0.0,0,2025-03-10 22:02:00
72.07232322459623,1.9229164624634656,17.679739720804125,4.43670929267702,22.335779948565136,128.07990839958964,CNC,True,False,False,False,0.754061087281633,0,0,24.593891271836696,0,2025-03-10 22:05:00
75.86761833485642,2.6204678124517478,20.911200958514595,5.42227769955326,20.733484295990067,116.16760113545716,CNC,False,True,False,False,0.9665129475672564,0,0,3.348705243274381,0,2025-03-10 22:07:00
75.95573890436827,1.580658356472711,20.063307549150352,4.561142452091815,22.513878181414064,111.51451928355272,CNC,False,False,True,False,0.7340817483281633,36,0,8.591825167183671,0,2025-03-10 22:08:00
78.16870275677954,2.2513491605688443,19.70143878892129,5.484836287729094,20.36343677870348,118.29697961128116,CNC,False,True,False,False,0.8499382362135338,0,0,15.006176378646614,0,2025-03-10 22:11:00
79.3559627718079,1.9694015850092204,19.783726044321497,4.402724075116428,19.27478279750844,118.87846586028176,CNC,True,False,False,False,0.7973608422971087,0,0,20.26391577028913,0,2025-03-10 22:12:00
74.7851492157545,1.747270210962102,15.773410331770735,4.93248610503362,19.95726631323441,119.6527243107449,CNC,False,False,True,False,0.7140310115743808,0,0,28.596898842561927,0,2025-03-10 22:13:00
75.69012277605458,1.5118985237399754,17.400969924905045,5.603567557706762,20.819598427500907,123.41930556965995,CNC,True,False,False,False,0.6789080883454574,33,0,15.609191165454265,0,2025-03-10 22:30:00
73.76701473733083,2.1252395269463884,18.02504372865957,5.247544132057854,21.57319165950686,112.41463481547184,CNC,False,False,True,False,0.8338803133571904,41,0,0.0,0,2025-03-10 22:35:00
74.28814374441049,1.8356284087379195,14.768307058066336,4.56672462133358,19.315256585743857,118.71822178573429,CNC,True,False,False,False,0.691900819906637,34,0,13.8099180093363,0,2025-03-10 22:39:00
75.97709524251722,1.8076756200384931,19.41882196117321,5.116693090151324,19.39991384917621,114.84952461755256,CNC,True,False,False,False,0.7943748209724102,0,0,20.562517902758984,0,2025-03-10 22:52:00
76.67112056832514,2.3080683854773745,16.7375177275186,5.195652222659716,18.646524268108188,122.96260504880436,CNC,False,False,False,True,0.836260596184851,41,0,0.0,0,2025-03-10 22:54:00
76.11206034329017,2.3968233400655405,18.108103325692003,4.234663866110878,17.622130983905215,121.79368071998309,CNC,False,True,False,False,0.8802073328868567,0,0,11.979266711314324,0,2025-03-10 23:06:00
82.5586887439122,2.02387206048265,16.08788289663321,5.358599868080066,20.971408973850608,117.31296810548092,CNC,False,False,True,False,0.7489464946141764,0,0,25.10535053858236,0,2025-03-10 23:08:00
81.72618906816834,2.227647324849083,22.63527357734776,3.9038294311860273,20.74030594130565,123.87312817637576,CNC,False,True,False,False,0.9143571781066908,0,0,8.564282189330925,0,2025-03-10 23:09:00
76.37524338465995,2.0836399437156383,15.403792192625684,5.208491996257816,20.302294408673752,126.47998835319896,CNC,True,False,False,False,0.7644687463883658,0,0,23.553125361163424,0,2025-03-10 23:11:00
73.35717374961222,2.166070859320338,19.214578030203384,5.1721450566026,17.634155545801818,121.55630849833751,CNC,False,True,False,False,0.8348580239305294,41,0,0.0,0,2025-03-10 23:15:00
75.04705335583347,1.772308790328997,19.387646907718203,4.786865492488031,21.7584124394121,127.53853849656684,CNC,True,False,False,False,0.7571186499083232,0,0,24.288135009167675,0,2025-03-10 23:20:00
73.56422414622928,1.7584714456908477,18.27458342291719,4.642473427767355,19.47031972999633,113.55308955448304,CNC,True,False,False,False,0.7415095278197747,37,0,7.34904721802252,0,2025-03-10 23:24:00
80.53675667611147,1.802993196311776,19.63150897330414,4.403900990680381,18.97492844521981,114.52653977986314,CNC,True,False,False,False,0.7992721163825957,39,0,0.5727883617404359,0,2025-03-10 23:26:00
75.34532347254358,1.9219072876185688,19.20494687256473,5.058565716737041,21.663011629933585,120.10813315296782,CNC,False,False,False,True,0.7847721231044966,39,0,2.0227876895503414,0,2025-03-10 23:27:00
74.73318924072994,1.5469876364044244,20.080115781586777,5.46460121939279,22.13489738159849,118.29239792497349,CNC,False,True,False,False,0.716251246151627,0,0,28.374875384837296,0,2025-03-10 23:28:00
77.47536884649976,2.1620863832107085,16.11996813575249,5.335977815896811,19.214235244529903,121.9543495390098,CNC,False,False,False,True,0.7773383950266943,38,0,3.26616049733056,0,2025-03-10 23:31:00
73.59226954479735,2.325259473213063,18.215967841450457,4.808578293312912,18.487980165243982,101.82399886229948,CNC,False,False,False,True,0.8450224416194131,42,0,0.0,0,2025-03-10 23:34:00
75.98182062155692,1.9972452939844585,18.119383761159472,4.792066341709909,21.408363248059334,116.16326257030916,CNC,True,False,False,False,0.778880703035443,0,0,22.111929696455704,0,2025-03-10 23:37:00
70.65839840739022,2.0768511817082835,16.14983075904273,5.211214401819186,19.813315055428365,114.33026832016098,CNC,True,False,False,False,0.7602903082872576,0,0,23.970969171274238,0,2025-03-10 23:44:00
74.92630752823466,1.7595417229686374,17.360347444222487,4.895106572246858,17.828927999805366,122.533182274545,CNC,True,False,False,False,0.7044729166051356,35,0,12.052708339486443,0,2025-03-10 23:49:00
75.11921739851469,1.4894293309944993,16.408059252299005,5.236436212530089,18.55779227973424,118.0434844802977,CNC,False,False,True,False,0.6647050387342628,33,0,17.02949612657372,0,2025-03-10 23:54:00
70.56641361466542,2.112636757288176,17.64395341987232,4.843836325431346,20.85587705017979,109.0941238116716,CNC,False,False,True,False,0.7793697287392403,38,0,3.06302712607598,0,2025-03-11 00:03:00
88.74495956095191,2.268473166808048,18.30281479214404,5.228376397576879,19.722687234208117,117.3257283860665,CNC,False,True,False,False,0.8251442429203197,0,1,17.485575707968025,0,2025-03-11 00:07:00
76.83987644018411,1.9861216348200967,19.19799268336853,5.138248137860578,17.67619633227824,124.79754028511664,CNC,True,False,False,False,0.8192229762983174,40,0,0.0,0,2025-03-11 00:12:00
72.43302547362872,1.9429277466760355,19.925005183906595,5.048591431731623,20.46004541304476,121.88162978823289,CNC,False,False,False,True,0.7966905115179992,0,0,20.33094884820008,0,2025-03-11 00:16:00
73.60043858718963,1.9089121781306,17.558136550120775,5.003690797198187,18.805564716511864,122.26381293924032,CNC,False,True,False,False,0.736721912665969,36,0,8.327808733403103,0,2025-03-11 00:19:00
80.76616094867637,2.476682098533225,15.700585054205188,4.699533112150449,19.357782003510792,119.6190716502404,CNC,False,False,False,True,0.8317431368693464,41,0,0.0,0,2025-03-11 00:21:00
75.39074138392897,1.6273260399352312,17.612780977928985,4.600571845407024,17.85043939307322,124.68168690414666,CNC,False,False,False,True,0.71964913461752,0,0,28.035086538247995,0,2025-03-11 00:22:00
80.90266211256748,1.8328608282283307,17.276552327813228,5.178303940486852,19.59643836216788,124.40403426742112,CNC,False,False,False,True,0.7572803918286913,0,0,24.27196081713086,0,2025-03-11 00:31:00
77.30047095476846,2.2526891981041706,21.185928192054764,5.095495170116543,20.27518133970835,121.54064168268252,CNC,True,False,False,False,0.9094142479235406,45,0,0.0,0,2025-03-11 00:36:00
77.69857500343703,2.0069587935672124,20.93042100696276,4.490465069946318,20.92902394315205,119.61409861943152,CNC,False,False,False,True,0.821317801103739,0,0,17.868219889626104,0,2025-03-11 00:37:00
79.9917292927139,1.3466096803415937,17.346704873622777,5.285550977636055,20.172859800458028,119.6253121413814,CNC,False,False,True,False,0.6368485231573904,0,0,36.31514768426096,0,2025-03-11 00:41:00
76.36300104489904,2.1782952853280095,16.228058532204447,4.332514455061548,21.903211484475435,120.80352275639233,CNC,False,False,False,True,0.8135699597139228,0,0,18.64300402860772,0,2025-03-11 00:49:00
78.98325313102744,2.160309469590915,15.167462281318786,5.414802129747663,20.59966987642528,122.96051491601246,CNC,True,False,False,False,0.7758843028898583,0,0,22.411569711014167,0,2025-03-11 00:54:00
80.69606407017724,1.8420404938711872,21.05362532715453,4.690079128745788,20.673414077289497,121.78735092924362,CNC,False,True,False,False,0.8324546314103142,0,0,16.754536858968578,0,2025-03-11 01:02:00
79.41233592571932,1.842927203478025,21.80511641045912,4.786957297330601,22.622203358786425,121.67063123669118,CNC,False,True,False,False,0.8262837891566249,41,0,0.0,0,2025-03-11 01:03:00
81.64719924268188,2.262852179507923,16.196014701113604,4.939868650494516,19.48663230477981,121.43648286374544,CNC,False,True,False,False,0.7773589337181038,38,0,3.264106628189623,0,2025-03-11 01:05:00
73.7775001053027,1.6462675356911456,18.79808828129305,4.549085790517228,22.41052851237392,112.34536183743676,CNC,False,False,False,True,0.7549876226438393,0,0,24.501237735616076,0,2025-03-11 01:11:00
73.93484110181278,1.972677241894092,17.88587741713769,4.612748560859069,20.143411316168866,115.37644059799416,CNC,False,True,False,False,0.7862804792400775,39,0,1.8719520759922543,0,2025-03-11 01:15:00
77.92688618660168,1.4678091151663613,17.463721721516475,4.913844684455969,20.33407409390145,115.44900646886045,CNC,False,True,False,False,0.6519008298230312,0,0,34.80991701769688,0,2025-03-11 01:21:00
71.38198253205707,1.794185072889446,18.33327579062368,5.056445798682237,22.14427948778899,119.0500928825146,CNC,False,False,True,False,0.7574902295814759,0,0,24.25097704185241,0,2025-03-11 01:22:00
76.91487866694897,1.8148363260056115,20.119900339524754,4.390006023942377,19.54536092046241,120.17377239145924,CNC,True,False,False,False,0.7691762204110465,38,0,4.08237795889535,0,2025-03-11 01:23:00
73.01786903559592,2.032117235897689,15.611626697176312,4.9464882509915045,20.255664498082044,120.5206669401067,CNC,False,True,False,False,0.7504129179648074,37,0,6.458708203519265,0,2025-03-11 01:24:00
77.44617556657573,1.816105018618793,16.901682116472447,6.02910095569779,19.07836471332824,105.31899528110942,CNC,True,False,False,False,0.7048138672659662,0,0,29.51861327340339,0,2025-03-11 01:27:00
80.92206757261427,1.9828876499441173,20.660864688757638,5.199928654389524,20.14456568467105,113.43579863453635,CNC,True,False,False,False,0.8444061301846216,0,0,15.55938698153784,0,2025-03-11 01:28:00
74.59403295414204,2.3551962329590665,17.75882562305306,4.203543940418133,20.82130973025358,109.06309542511978,CNC,True,False,False,False,0.8431821965613034,0,0,15.68178034386966,0,2025-03-11 01:29:00
77.73647888147335,1.9819887374934304,17.028642510849906,5.048996370149782,21.895308516194763,121.2024382473388,CNC,True,False,False,False,0.7714296856628463,0,0,22.857031433715363,0,2025-03-11 01:31:00
77.93114117120719,1.819416667419447,15.024276593018756,5.0349429701041055,22.14738335782117,121.4161247930536,CNC,False,False,True,False,0.7128481887897042,35,0,11.215181121029572,0,2025-03-11 01:32:00
78.0113519563482,1.83769794026513,15.652253347387942,4.502999665232245,20.963417385006547,123.58131248234264,CNC,True,False,False,False,0.7106101911219922,0,0,28.93898088780078,0,2025-03-11 01:35:00
74.26910877581268,1.9334335186123195,17.857759418339327,5.258319056641485,20.722420768532142,112.66980899275563,CNC,False,False,True,False,0.7845025563733908,0,0,21.54974436266092,0,2025-03-11 01:37:00
84.39241107594225,1.5779169798460493,19.56631977555402,5.705930353516695,18.34978637559345,122.81702180224026,CNC,True,False,False,False,0.7246391261023104,36,0,9.536087389768966,0,2025-03-11 01:41:00
76.52888752705945,1.6675662625223393,19.084406013818096,4.773860018999562,22.05841837016986,116.16246481663094,CNC,False,False,True,False,0.7318745942037875,0,0,26.81254057962124,0,2025-03-11 01:45:00
78.85754062614296,1.4098024807322016,17.363682996764144,4.865942744488723,23.235823831171608,122.8135993004104,CNC,False,True,False,False,0.6642327745753994,0,0,33.57672254246006,0,2025-03-11 01:56:00
73.18346989213099,1.9936265662171275,19.201466030291183,4.945866306430756,20.054905484844618,115.10962868668224,CNC,True,False,False,False,0.7919915209337731,0,0,20.800847906622693,0,2025-03-11 01:57:00
72.55206932639352,2.0748253063055127,18.28395982774801,4.835230706245619,18.24442460284349,123.97387019230167,CNC,True,False,False,False,0.8236027054717204,0,0,17.63972945282795,0,2025-03-11 01:59:00
76.91917276765804,2.454633442505674,19.21653433268838,4.003535436739416,21.7836946721802,119.88677934931812,CNC,True,False,False,False,0.9089788769166296,0,0,9.102112308337029,0,2025-03-11 02:02:00
77.69857500343703,1.887989472499075,17.650704108636745,5.4358518091636645,18.82673081907105,127.28550913113702,CNC,False,True,False,False,0.776544154661835,0,0,22.34558453381649,0,2025-03-11 02:04:00
73.01482681920352,1.8499406548712007,20.720336261656023,4.856285878277434,19.309150955360664,114.38049437538558,CNC,True,False,False,False,0.8125704604131744,0,0,18.742953958682563,0,2025-03-11 02:05:00
75.45741674239346,1.949044292696681,17.620613013095184,5.286905417513286,18.24652863468125,116.89420378277386,CNC,True,False,False,False,0.759985751641516,37,0,5.501424835848397,0,2025-03-11 02:06:00
72.6542431887789,1.9450097871421408,18.27458342291719,4.811897713493457,21.077617546664943,127.55143325636573,CNC,False,False,False,True,0.6839320764113725,0,0,31.606792358862748,0,2025-03-11 02:08:00
75.8628715337604,1.8553059287191087,20.990916490485915,4.8913079840521165,20.01573197401081,117.80795555981646,CNC,False,False,False,True,0.8220615290420896,41,0,0.0,0,2025-03-11 02:10:00
78.87360385560913,2.1782952853280095,17.430748991492642,4.252107335218003,17.89991519425493,119.73758658844643,CNC,False,False,True,False,0.8509066092540088,0,0,14.909339074599115,0,2025-03-11 02:11:00
80.82120005198183,2.5879511764234024,14.055821946712364,4.974678710887465,22.45993502274299,123.18117914215162,CNC,False,False,False,True,0.8382947118339469,0,0,16.170528816605312,0,2025-03-11 02:12:00
71.619323091235,1.2847079633642764,18.823131438328563,4.831367075423882,19.714212215569944,117.6737728541546,CNC,False,True,False,False,0.6818067912304698,0,0,31.81932087695301,0,2025-03-11 02:16:00
76.06501921166121,2.223545259285445,16.11719366199595,5.418022458092483,20.437061684357875,117.19321631238026,CNC,False,True,False,False,0.787793781334951,0,0,21.2206218665049,0,2025-03-11 02:17:00
78.6053411030965,1.886372049019072,17.459257201728416,4.571732651433361,20.34750902629259,127.57972573147116,CNC,False,True,False,False,0.7644019500144101,0,0,23.559804998558988,0,2025-03-11 02:24:00
77.73403397033923,2.159962195369794,21.27416481598549,5.159011102629262,16.800321173422834,116.54332569418612,CNC,False,False,True,False,0.8950649081155521,44,0,0.0,0,2025-03-11 02:33:00
77.93983099408425,1.5853947293922688,19.470538619949973,4.994686764416392,20.25562312638967,127.556613996016,CNC,False,False,True,False,0.7268772620078202,0,0,27.312273799217976,0,2025-03-11 02:35:00
76.26655095272457,1.240469205124756,17.239926307421293,4.799203215927518,20.01747756152787,124.62049064420394,CNC,False,True,False,False,0.6194534963674734,0,0,38.05465036325266,0,2025-03-11 02:39:00
80.87112263348143,1.9574727337917384,20.26560939434961,4.499913589642079,19.041402000751976,111.77243877437328,CNC,False,False,True,False,0.8299214303586386,0,0,17.00785696413614,0,2025-03-11 02:41:00
76.41983581558557,2.1912817436693626,16.690460448752102,5.126209176368102,18.00402637546906,117.41645445285056,CNC,False,True,False,False,0.8117948147599459,0,0,18.820518524005408,0,2025-03-11 02:44:00
82.49435832450106,2.3586594164260126,18.159830527480075,5.100401417260058,19.477300712957028,123.60006765918126,CNC,False,False,False,True,0.8444204493585479,0,0,15.55795506414522,0,2025-03-11 02:46:00
75.626974952308,2.1513745443432173,16.024268179720455,4.393334981485632,19.93659800234781,115.88069344688456,CNC,False,True,False,False,0.7986037132729153,0,0,20.13962867270847,0,2025-03-11 02:48:00
73.69123340631829,1.6281313141759282,18.1710266592792,5.6466086618055,18.127004862856055,116.15427360096692,CNC,False,True,False,False,0.692189915233937,34,0,13.781008476606305,0,2025-03-11 02:50:00
76.30520081206598,1.8015375672454124,16.991742652696672,4.783351694676325,19.849958211588,120.3473905811054,CNC,False,False,True,False,0.7236578072896369,36,0,9.634219271036317,0,2025-03-11 02:53:00
77.02565479540264,2.2260258390507293,17.85428462231789,4.965193910672745,22.2202746153228,117.15647146701474,CNC,False,False,True,False,0.8303060313605644,0,0,16.969396863943558,0,2025-03-11 02:54:00
77.3711869988977,2.003913012313085,17.295824505092238,4.579623533524416,18.18088907768779,115.30195241451077,CNC,True,False,False,False,0.7879106799850498,0,0,21.20893200149501,0,2025-03-11 02:59:00
77.993807805179,1.9462246923929265,18.649516479067085,4.863863806846839,20.972820121449494,118.81733373951938,CNC,False,True,False,False,0.8070168050041464,0,0,19.29831949958536,0,2025-03-11 03:00:00
73.51409065757422,2.387618100297957,20.41846129444788,5.182258764035438,20.2480771535358,113.2578624360951,CNC,False,False,False,True,0.9015741243538412,45,0,0.0,0,2025-03-11 03:02:00
77.18485023073829,2.6107620605545376,18.20344641694354,4.672263362906171,22.02000950210172,112.25708483189304,CNC,False,False,False,True,0.8968277868088615,44,0,0.0,0,2025-03-11 03:18:00
90.49309367445284,6.776287723718607,31.48458507526223,5.463388798589331,20.559683595636518,123.97510729634588,CNC,False,False,False,True,1.0,0,1,0.0,0,2025-03-11 03:19:00
79.12062106288012,2.232534536476726,19.955695129308666,5.157318055266592,21.98392676189116,116.42087043062624,CNC,False,False,True,False,0.891555356215678,0,0,10.844464378432193,0,2025-03-11 03:31:00
75.20240853201739,2.009447468678599,11.72297066753192,5.227715729308025,18.221221506141696,121.54337647027808,CNC,False,False,True,False,0.680693561742336,0,0,31.9306438257664,0,2025-03-11 03:36:00
78.4775012401479,2.207022102900984,17.726020844612115,5.028667421552098,21.24813802756092,122.33227986484708,CNC,False,False,False,True,0.8457701582076788,42,0,0.0,0,2025-03-11 03:37:00
73.91806449103639,1.9991641667999296,17.170167443759347,4.596757397295828,20.980838915406537,119.96035706273317,CNC,False,False,False,True,0.7481315982501477,0,0,25.18684017498522,0,2025-03-11 03:42:00
78.16800358403991,1.4127984232598032,21.970760790520583,4.895756667066417,18.507842423102456,126.08264116274768,CNC,True,False,False,False,0.7503066152834643,37,0,6.469338471653572,0,2025-03-11 03:47:00
76.8328087081718,1.79955708550167,14.893929444320358,4.405050221438409,19.07151679572848,115.8312637964044,CNC,False,False,True,False,0.6763780620478826,0,0,32.36219379521174,0,2025-03-11 03:48:00
75.15027495052125,2.058013835577248,15.192882740872674,5.034881996814907,21.18313106582817,118.37510277869336,CNC,False,False,False,True,0.760084682060784,0,0,23.99153179392161,0,2025-03-11 03:49:00
86.96308024701678,7.270062676545896,27.583115218536395,5.009000155298176,17.814713557627943,120.84688734971354,CNC,False,True,False,False,1.0,0,1,0.0,0,2025-03-11 03:56:00
77.33340437250361,1.9238144880808292,15.645166989501424,5.000089579198315,21.24860080788584,122.93257578809,CNC,False,True,False,False,0.7074080135358083,0,0,29.259198646419165,0,2025-03-11 04:03:00
72.25454574399626,1.7738413658927117,17.15261856617865,4.961950048978612,19.65745881101354,116.15520043662605,CNC,True,False,False,False,0.7343809236293901,36,0,8.561907637060983,0,2025-03-11 04:04:00
75.66205450275791,2.2910948605364845,19.99138750874073,4.975145573412276,21.185926578259966,122.18508811036708,CNC,True,False,False,False,0.8955795904056969,44,0,0.0,0,2025-03-11 04:15:00
75.34212826513759,1.8864260770360537,19.85135351542774,4.621374192588874,17.810319992123002,110.05482901914353,CNC,False,False,True,False,0.8211260055992388,0,0,17.887399440076123,0,2025-03-11 04:19:00
77.1486870988827,2.269600748101752,18.068666777137672,5.452210647814924,19.306056085110665,124.67986579632807,CNC,True,False,False,False,0.8209168069611721,41,0,0.0,0,2025-03-11 04:20:00
74.37725182335664,1.8467032489412816,13.855289636608004,4.350810015198574,21.855307840277337,124.24910182659453,CNC,False,False,True,False,0.6804159084517516,0,0,31.958409154824835,0,2025-03-11 04:26:00
75.68557320257524,1.9038844821689616,16.605271544167657,4.442472940850318,20.017604554582903,112.25869165884582,CNC,True,False,False,False,0.7314030249686159,0,0,26.85969750313842,0,2025-03-11 04:32:00
72.2597636814122,1.970742384876313,18.470270598732377,5.179365299791644,18.67000244797344,127.66489123765544,CNC,False,False,False,True,0.7939258428140249,0,0,20.607415718597508,0,2025-03-11 04:37:00
77.9934772652057,2.1782952853280095,17.46572502811649,5.361408273521401,19.475206005385346,116.9646140431215,CNC,False,False,True,False,0.8102981508102541,0,0,18.97018491897458,0,2025-03-11 04:39:00
74.52689916688799,1.765220420774423,18.083791842308557,5.403834387156477,19.013062808501733,115.60491865524774,CNC,False,True,False,False,0.75619508470307,0,0,24.380491529693003,0,2025-03-11 04:46:00
73.13726134559909,2.6254138763693047,20.30700569956309,5.109615536259721,17.386919087342253,120.08310490681208,CNC,False,True,False,False,0.9790458921189186,0,0,2.09541078810814,0,2025-03-11 04:48:00
79.09060122344492,2.0694822422504275,18.332970545154293,5.54544291807988,19.6194353974004,111.57253803565712,CNC,False,True,False,False,0.8245936900903346,0,0,17.540630990966548,0,2025-03-11 04:51:00
80.48101664108614,2.235921863598745,13.207835423339167,4.824629053113891,19.76119743262004,118.40909641236658,CNC,False,False,False,True,0.749724179007323,0,0,25.027582099267704,0,2025-03-11 04:52:00
74.23880751318887,1.150090912957178,17.038851173595052,5.0150253405524445,19.73070524903612,112.99665072556726,CNC,True,False,False,False,0.6001424632790525,0,0,39.985753672094745,0,2025-03-11 04:54:00
71.93086657793893,1.9866915633465316,18.67795178733652,4.808258422937566,19.05593868319032,121.83582702521522,CNC,False,True,False,False,0.7742689847215819,0,0,22.57310152784181,0,2025-03-11 05:09:00
78.14194385327136,1.9835664918983524,20.28050110534241,4.564546062776385,18.65550000054201,119.56726919659698,CNC,False,False,True,False,0.8328668675848496,0,0,16.71331324151504,0,2025-03-11 05:12:00
78.86478518222312,1.723276104546814,15.63953653159926,6.120549195853991,19.271614831932485,125.45489513809731,CNC,False,False,True,False,0.6770561970825246,33,0,15.794380291747544,0,2025-03-11 05:13:00
74.73760148812114,1.8537099737135112,17.33302743806061,4.663160524111444,17.988304951016435,114.6681846230759,CNC,True,False,False,False,0.7285621914899236,0,0,27.143780851007637,0,2025-03-11 05:16:00
75.56559856185092,1.5691238405215646,19.77051264173192,4.493089324650908,22.291972360459265,119.66520554842376,CNC,False,False,True,False,0.7313211454997978,0,0,26.867885450020225,0,2025-03-11 05:17:00
72.64908116997196,2.053886681789577,16.182994976975618,5.199823563299681,19.44041199850413,117.61512070022972,CNC,False,False,False,True,0.7663253718997897,0,0,23.36746281002104,0,2025-03-11 05:28:00
79.78948880494426,1.8504098312634647,18.69262542044977,5.143539229071568,20.62599395249066,120.95721023672304,CNC,True,False,False,False,0.7830223441704446,39,0,2.1977655829555403,0,2025-03-11 05:31:00
74.47666196175476,1.714644688883613,16.73990313730332,5.475522496477263,20.786345269928045,120.03462360521856,CNC,False,False,False,True,0.7007475875240667,0,0,29.92524124759332,0,2025-03-11 05:32:00
79.90160297546264,1.8974534539261596,16.531676267757973,4.733981632798756,23.255678268416837,115.38285397139305,CNC,True,False,False,False,0.7598077484863855,0,0,24.01922515136144,0,2025-03-11 05:33:00
79.98139796738904,1.6195589585074062,18.52751116964515,5.453855879928423,18.511011476822627,115.54507279023284,CNC,False,False,True,False,0.7111321417044549,0,0,28.886785829554512,0,2025-03-11 05:40:00
83.38777495153711,1.6858527293929206,14.96021440076203,4.727939053699272,20.690296521845063,112.6219362680853,CNC,False,False,True,False,0.6464037613535748,0,0,35.359623864642515,0,2025-03-11 05:45:00
78.22602384755913,2.1571881536230206,17.227994848701123,5.117767591073619,19.045702338196808,129.73652114444835,CNC,False,False,False,True,0.7849570441762024,39,0,2.0042955823797683,0,2025-03-11 05:47:00
72.66602003548417,2.0175110872453685,19.58151862446506,5.1828899247797375,19.23760228087502,120.49412022508216,CNC,False,True,False,False,0.8434056936905852,0,0,15.659430630941486,0,2025-03-11 05:54:00
77.15747929370731,2.1782952853280095,14.463737934586565,5.479290157280515,19.812070065845845,116.08079130457658,CNC,False,True,False,False,0.6810871136394152,34,0,14.891288636058476,0,2025-03-11 05:56:00
79.0038726547724,2.2921178692557103,21.491717940546277,5.5199484974122415,21.812412110978208,119.33162042672596,CNC,False,True,False,False,0.9268147462220911,0,0,7.318525377790891,0,2025-03-11 05:58:00
78.1425195810703,1.8722733186045228,20.24237628513981,4.553913108811632,20.955678560616843,114.70329656362588,CNC,True,False,False,False,0.788060876479646,39,0,1.6939123520353974,0,2025-03-11 06:07:00
75.56565572450629,1.921472512933672,21.05666312697249,4.523701679705331,18.98116709417285,125.77866356060446,CNC,True,False,False,False,0.843943811827818,42,0,0.0,0,2025-03-11 06:09:00
79.71280191475164,1.8656115984650077,18.107794694066413,4.684911026693793,20.537501106795386,129.62419181039934,CNC,False,False,True,False,0.7585674922333284,0,0,24.14325077666716,0,2025-03-11 06:16:00
75.08564890591504,1.3375157671315243,19.11481711370237,5.785421133417526,17.22261974856412,115.75488283958984,CNC,False,True,False,False,0.6915269406960931,34,0,13.84730593039069,0,2025-03-11 06:18:00
76.58862778728857,1.930824080442916,19.2644326280637,5.134064226614047,21.22782307466,127.3268971374926,CNC,False,True,False,False,0.7828848315823059,39,0,2.2115168417694093,0,2025-03-11 06:19:00
81.25154773393385,2.1738040279270328,18.27458342291719,5.573600401492184,22.61674332403983,120.39038856947997,CNC,False,False,False,True,0.8630133189941236,0,0,13.69866810058764,0,2025-03-11 06:28:00
79.4092249603587,2.029680136108665,18.15929916522785,4.528570886091931,20.724273118622165,116.9570409721536,CNC,False,False,False,True,0.8062475871832644,0,0,19.375241281673567,0,2025-03-11 06:31:00
77.84121277828118,1.7022265979813531,20.473664932254533,5.098094339157695,18.423017278641154,121.3679728663084,CNC,False,True,False,False,0.7742550206498444,0,0,22.57449793501556,0,2025-03-11 06:33:00
71.29600105385038,2.0061251501638755,16.919247322025893,5.379856599446613,18.616671084297927,120.55274559776063,CNC,False,True,False,False,0.7556643644386697,0,0,24.43356355613304,0,2025-03-11 06:34:00
81.60438131483228,2.41729170740042,16.425927442133403,4.650886018588943,20.656928394469634,116.67429850357794,CNC,False,False,False,True,0.8233348689047031,0,0,17.66651310952969,0,2025-03-11 06:44:00
82.81079762574824,2.1711263520082387,20.9709547385451,5.441076818429751,19.379703111786004,122.02204077035708,CNC,True,False,False,False,0.8872342600013529,0,0,11.27657399986471,0,2025-03-11 06:48:00
81.10034951450328,2.03216238861204,19.84205167946199,4.3691086516322,19.1005257328236,116.2908967914912,CNC,False,False,False,True,0.8263536721502138,41,0,0.0,0,2025-03-11 06:56:00
79.39797060947924,2.187930401736183,17.134724967332943,4.344701736362186,20.524741869020133,121.22299034824609,CNC,False,True,False,False,0.7979007446039428,0,0,20.20992553960572,0,2025-03-11 06:58:00
74.26446302430693,2.566531081884277,18.01276308192663,4.79572642472174,21.188206098718204,116.41220680399974,CNC,False,False,True,False,0.8846995113983204,0,0,11.530048860167966,0,2025-03-11 07:02:00
77.660570934886,2.1356203514779013,19.82815432844807,5.551189733570165,18.102181946002705,118.0650758056092,CNC,False,False,True,False,0.8267363227232387,0,0,17.32636772767613,0,2025-03-11 07:08:00
74.87740808766024,1.8932077746842504,16.02590764212737,5.85948251757482,22.82868277472829,124.4520400259342,CNC,True,False,False,False,0.7086788635656378,0,0,29.132113643436213,0,2025-03-11 07:09:00
84.78850768862192,2.209392209039029,16.07021339962723,4.16626735146288,21.72837597780912,118.20586814528224,CNC,False,True,False,False,0.7884697825637184,0,0,21.15302174362816,0,2025-03-11 07:11:00
78.61044685378961,2.629466442364024,20.677184276591213,5.508879421700039,20.94785050873672,120.1478114343605,CNC,False,True,False,False,0.95779926591711,0,0,4.220073408288997,0,2025-03-11 07:15:00
76.07683734231406,2.58267367842689,17.20034653142695,4.642466711744364,17.4389855695256,122.93425769392434,CNC,True,False,False,False,0.8785067263771739,43,0,0.0,0,2025-03-11 07:19:00
85.97004741077107,6.52794526089127,21.758259923626017,5.255582725685098,19.35181843530587,122.32692038409589,CNC,True,False,False,False,1.0,0,1,0.0,0,2025-03-11 07:36:00
76.33323016065012,2.3309652716160976,15.046685552963892,4.371869674298793,18.70218641922163,120.13170644373716,CNC,False,False,True,False,0.7672404463627537,0,0,23.275955363724638,0,2025-03-11 07:42:00
77.40469177962052,2.2052489625826865,18.756092520855766,3.7069738269950263,17.776285226954535,120.24334021581376,CNC,False,False,True,False,0.8231166852480594,41,0,0.0,0,2025-03-11 07:47:00
72.85175305057516,2.0805780743132893,20.74896996285512,5.05737157481493,22.191020498193705,116.70683959522484,CNC,False,False,False,True,0.8739312738374828,0,0,12.60687261625172,0,2025-03-11 07:53:00
83.7816968920429,2.1782952853280095,19.88877044567078,4.970812227247489,18.018186152215808,124.50395587014152,CNC,True,False,False,False,0.7289291320219013,0,0,27.10708679780987,0,2025-03-11 07:57:00
78.45923649204525,2.010312592707938,15.9524881045843,4.623447405544294,20.04284864416638,109.46996899308434,CNC,False,False,True,False,0.750291305572283,0,0,24.9708694427717,0,2025-03-11 07:59:00
74.34823826999934,1.9641141126893689,22.42137945203153,5.439833785731068,20.057117029094687,121.18323456336424,CNC,False,False,True,False,0.8714318136959789,0,0,12.856818630402117,0,2025-03-11 08:03:00
75.05270625740037,2.4333236585165263,18.75452651868445,4.951324525725092,21.83174862500613,115.20542954997006,CNC,False,False,False,True,0.8627443708800887,0,0,13.725562911991132,0,2025-03-11 08:09:00
84.44758788621769,2.107503353322801,20.90768047424377,5.373656576893477,21.58509564616352,116.14886508444928,CNC,False,False,False,True,0.8619285697621251,0,0,13.80714302378749,0,2025-03-11 08:12:00
81.52609881271765,1.6410326214149942,17.04007071457558,5.173380976679792,22.154134019273023,122.71762166275012,CNC,False,False,True,False,0.694841682671687,34,0,13.515831732831302,0,2025-03-11 08:13:00
78.59420846847249,1.551947066524057,16.556861835319943,4.872067094348768,21.347366859284342,123.4083032569872,CNC,True,False,False,False,0.6772671916765259,0,0,32.27328083234741,0,2025-03-11 08:14:00
79.50172095852918,1.332927749618841,17.624545952840233,4.371107782368748,16.755981484228204,119.3110706940386,CNC,False,False,False,True,0.6211696291271802,0,0,37.88303708728198,0,2025-03-11 08:28:00
76.77786100413661,1.810568891755045,17.014163450101496,5.029955033748623,20.38391656561752,114.90981164038593,CNC,False,True,False,False,0.7460708100294027,0,0,25.392918997059738,0,2025-03-11 08:31:00
79.46737497873808,2.3730217391561483,13.979566690867872,4.501375213536229,17.404666810781773,121.59079663704942,CNC,True,False,False,False,0.7974293705778248,39,0,0.7570629422175159,0,2025-03-11 08:32:00
78.5835985090153,1.8995591037666493,21.61526161134137,4.703534932546068,18.2497658456989,115.25689049395515,CNC,False,False,False,True,0.813167000258767,0,0,18.6832999741233,0,2025-03-11 08:34:00
80.05149517209924,1.8028595113165824,17.67985102678339,5.422970914845655,23.93795837040337,114.30608531511892,CNC,False,True,False,False,0.7492000360349567,0,0,25.079996396504328,0,2025-03-11 08:38:00
77.3419287053545,1.8039611312825576,18.113021296931112,4.303167016917614,21.94062973379894,113.8788749582221,CNC,False,False,True,False,0.7571794909635974,0,0,24.28205090364027,0,2025-03-11 08:40:00
83.99214668985942,2.108110614771458,18.300271307912407,5.021877946149851,18.637769077088493,120.70146712850271,CNC,False,False,True,False,0.8267039357747332,0,0,17.32960642252668,0,2025-03-11 08:44:00
76.37120762821355,2.38131959780211,20.062761050554663,5.341206075297399,19.67307364063469,124.53805905523384,CNC,False,False,True,False,0.899776604641407,44,0,0.0,0,2025-03-11 08:46:00
80.54782361718978,1.5146598158553988,16.05945734818352,4.238496237742162,22.78267785955302,123.96819647165051,CNC,True,False,False,False,0.6671643082431936,33,0,16.78356917568064,0,2025-03-11 08:48:00
74.1518108231223,1.754777559675698,18.29756126961461,5.017484158796793,20.719265844411957,116.77746149062165,CNC,True,False,False,False,0.7568075790899607,37,0,5.819242091003929,0,2025-03-11 08:50:00
81.23574325548452,2.5016797712292584,18.664753667039214,4.735663521298967,21.689357282654576,115.75359519044954,CNC,False,False,False,True,0.8923184996739578,44,0,0.0,0,2025-03-11 08:57:00
78.80366017768081,1.7787860289506123,17.24715489082361,4.769925420142593,19.639402286467384,126.85481380064648,CNC,False,False,True,False,0.722704475833466,36,0,9.729552416653403,0,2025-03-11 08:58:00
79.38261531534091,1.3201843717552153,19.167766044568,4.74394139796252,19.7081230054405,116.10630242315425,CNC,False,False,True,False,0.6918021237880563,34,0,13.819787621194363,0,2025-03-11 09:00:00
79.45372296159724,1.931684115549274,14.985548359232125,4.714723078253547,19.289714927668705,105.78028167614116,CNC,False,True,False,False,0.704881547669284,0,0,29.5118452330716,0,2025-03-11 09:02:00
82.09479764274407,2.2146479290308454,16.886564204285673,5.0905216830980535,19.72753229164065,113.01885434881903,CNC,False,False,True,False,0.7808855322333286,39,0,2.411446776667148,0,2025-03-11 09:03:00
84.87952457614341,2.135288790432943,22.38689910057677,4.816103441974784,20.20292376282848,127.86568011021453,CNC,False,False,False,True,0.912648649739996,0,0,8.735135026000407,0,2025-03-11 09:06:00
80.16876130734344,1.7318761942748857,19.755095106902843,4.553901385449274,19.401947326275216,115.53767516142172,CNC,False,False,True,False,0.7492382123829932,37,0,6.576178761700689,0,2025-03-11 09:16:00
77.75209409604169,1.9471599489347065,19.13728923202554,4.85117426986747,21.77644914673509,127.41222014377318,CNC,False,False,False,True,0.780766053933226,0,0,21.923394606677405,0,2025-03-11 09:18:00
76.85187362124852,1.7295872960308476,18.47208612764874,4.761877720922407,20.598507138865777,117.20387101022396,CNC,True,False,False,False,0.7433666477565949,37,0,7.163335224340514,0,2025-03-11 09:21:00
84.26383677297632,1.731945472244216,17.588320280157312,4.905934048699561,21.61344019102649,115.69998762438848,CNC,True,False,False,False,0.7407368219065937,0,0,25.92631780934063,0,2025-03-11 09:27:00
74.59809104507457,2.1782952853280095,18.461423498149927,4.762200911029311,17.74660212148958,124.46673631304073,CNC,False,True,False,False,0.7162344441192512,35,0,10.87655558807488,0,2025-03-11 09:31:00
83.80898686512454,2.0483898627988086,18.612695067864045,4.550319961221208,20.103021064475808,118.50531301490084,CNC,True,False,False,False,0.8118246377203834,0,0,18.817536227961668,0,2025-03-11 09:33:00
70.3483764551029,2.23142053847113,20.329981765127847,4.465208816743778,18.761346356797763,119.59131661984252,CNC,False,False,False,True,0.8981381985227754,44,0,0.0,0,2025-03-11 09:53:00
77.69857500343703,2.000332983406188,19.250636668043008,4.995053624703054,22.056648220867885,117.9786087789396,CNC,False,False,False,True,0.8142283401569235,0,0,18.57716598430765,0,2025-03-11 09:54:00
76.62026592471597,2.2500809614512045,13.270289254416976,5.588683559344756,22.27137139997133,118.56849298552906,CNC,False,False,True,False,0.7284901787877129,0,0,27.150982121228708,0,2025-03-11 09:57:00
82.75854004961974,1.819662034199346,22.10414662284387,5.071079218316096,16.462303786688803,112.81674103910376,CNC,False,False,True,False,0.8099180371970168,0,0,19.00819628029832,0,2025-03-11 09:58:00
79.71871995422711,2.159268294264785,16.84357580356049,5.567625765343008,21.50496996922235,118.48068285259434,CNC,True,False,False,False,0.7916093861953557,0,0,20.83906138046443,0,2025-03-11 10:06:00
83.9917166952112,2.257441721280205,18.590281958674836,4.220163930909587,21.89828438212781,118.91172439430942,CNC,False,False,False,True,0.8701537297854703,0,0,12.984627021452964,0,2025-03-11 10:07:00
77.64290320253755,1.8663049090910016,16.90015033507131,4.46451051754577,18.82879257263151,116.23640379048466,CNC,False,True,False,False,0.7294972638056271,0,0,27.05027361943729,0,2025-03-11 10:10:00
72.97994528954733,1.3538808278625616,19.4820339026729,5.209833873219046,21.40785660058991,117.98621355046792,CNC,False,True,False,False,0.6662839789461548,0,0,33.371602105384525,0,2025-03-11 10:25:00
79.74532266972743,1.7004677441369846,16.408689732348385,4.629394698088101,19.73793344310504,119.31417544562942,CNC,False,False,False,True,0.7045309036324159,0,0,29.54690963675841,0,2025-03-11 10:32:00
70.75930913315374,2.486977007158416,20.798835853307764,4.786582549670768,18.13048955956869,123.9363684740811,CNC,False,False,False,True,0.9259847210431986,46,0,0.0,0,2025-03-11 10:33:00
94.01021166548756,7.718880927465477,25.184209712500213,5.21948019055796,18.699539815351173,113.09018607506498,CNC,False,False,False,True,1.0,0,1,0.0,0,2025-03-11 10:35:00
74.72561508847296,1.82925554039824,16.29763903510503,4.317916956889594,21.60120177660603,112.2061887343093,CNC,True,False,False,False,0.7388281327167054,0,0,26.117186728329457,0,2025-03-11 10:37:00
75.10145863433776,1.881803995627064,18.66474466644797,4.7212234159447615,19.765709149854207,118.45871685123306,CNC,False,False,True,False,0.7919600355429904,39,0,1.3039964457009603,0,2025-03-11 10:41:00
83.83256209364696,2.091916844622024,18.907810458882693,5.137439014071287,19.058808250286447,127.1603930195228,CNC,True,False,False,False,0.8441896080170374,0,0,15.581039198296269,0,2025-03-11 10:43:00
84.55308560912817,2.259058472756456,15.797427020320344,4.67988268735705,19.96275452881003,117.91382582380842,CNC,False,True,False,False,0.7936273456394783,0,0,20.63726543605216,0,2025-03-11 10:46:00
83.05091562583726,2.051440795277117,19.46430245210947,4.992828812700081,20.618962042164448,126.85395916902888,CNC,True,False,False,False,0.8210939476914921,0,0,17.89060523085078,0,2025-03-11 10:47:00
78.1266004687425,2.1403851266395555,16.27114658932856,4.590536101547714,22.070184934378094,123.68967463131078,CNC,True,False,False,False,0.7634875269911298,0,0,23.65124730088702,0,2025-03-11 10:50:00
77.7946415950111,1.6489157880809675,21.17904607220773,4.885725380763095,20.839033114573155,116.7759553180326,CNC,False,True,False,False,0.7894261428099909,0,0,21.057385719000905,0,2025-03-11 10:51:00
88.81704814712866,7.255533225064188,25.418636427445,5.650132123630078,21.2404190914142,120.2553815223254,CNC,False,False,False,True,1.0,50,1,0.0,0,2025-03-11 10:52:00
82.63279284631756,1.810720749878663,13.67593540014512,4.455329987814547,21.839156878001106,115.7339094092906,CNC,True,False,False,False,0.6855876083359986,34,0,14.441239166400138,0,2025-03-11 10:53:00
75.05172699474723,1.8356012543776588,15.790450652716968,4.896111531569387,21.392583018704254,142.39542125512878,CNC,False,False,True,False,0.6881387441210595,0,0,31.18612558789405,0,2025-03-11 10:55:00
82.69161119109323,1.5243122879691222,20.80300069310432,4.798836139984792,22.516526136349714,127.8479203314054,CNC,True,False,False,False,0.7380883111999661,0,0,26.19116888000339,0,2025-03-11 10:59:00
73.59654372471697,2.1339609520822136,21.075102638068685,5.740312456974293,20.25152200017386,112.6045535595124,CNC,False,False,False,True,0.8749081739280711,0,0,12.509182607192898,0,2025-03-11 11:03:00
79.34228528051707,2.0598831255208347,16.683234564119108,4.533610325727816,20.681497149728344,114.45080255365046,CNC,False,True,False,False,0.7568185041667131,0,0,24.31814958332869,0,2025-03-11 11:04:00
72.78598880796302,2.143700943017828,18.956281151111614,5.09913851276073,20.540024697857337,115.28029678333782,CNC,True,False,False,False,0.8089483759020747,40,0,0.0,0,2025-03-11 11:06:00
78.21141355522084,1.7416071260908677,16.84554254857886,4.571871780539265,19.657772976067648,121.61726182130197,CNC,True,False,False,False,0.7227195694620163,0,0,27.728043053798373,0,2025-03-11 11:07:00
79.01678235163465,2.074835283779022,17.356494592019583,4.553223646359054,18.42267866248976,129.77663108074896,CNC,False,False,False,True,0.8085993817782725,0,0,19.140061822172758,0,2025-03-11 11:12:00
81.90829882502229,1.917463571523486,15.35030843813452,4.86113540703262,18.84216443722107,109.9539232798722,CNC,False,False,True,False,0.7340370811234951,0,0,26.59629188765049,0,2025-03-11 11:15:00
81.20171296989619,1.9046717317947808,21.967408270957502,5.3671088602206005,18.672457051605804,118.91015807519636,CNC,True,False,False,False,0.8295978704838737,0,0,17.04021295161263,0,2025-03-11 11:16:00
77.4463089890824,1.509823112282214,20.533322506396825,4.7228171981875136,18.88015497159513,113.9373902645816,CNC,True,False,False,False,0.7587315536088681,0,0,24.126844639113187,0,2025-03-11 11:22:00
79.30517946327996,2.150749908838787,17.773683011087833,5.33751601035263,20.850995715479943,117.80191923491498,CNC,True,False,False,False,0.8104657740580886,0,0,18.95342259419114,0,2025-03-11 11:24:00
78.9270114631885,1.732775340934321,16.889453823973657,5.126435128843574,21.49162163013536,120.99991099931844,CNC,False,False,True,False,0.7226736002593825,36,0,9.73263997406174,0,2025-03-11 11:25:00
76.43814084034132,1.491507968445016,20.418020397802,5.089768015352901,18.41553780428637,119.40732882985569,CNC,False,True,False,False,0.7389132337255301,0,0,26.108676627447,0,2025-03-11 11:29:00
88.19347933918513,7.36329110435693,24.477704399608367,5.115735562257194,21.53716070099752,117.53777943793892,CNC,False,True,False,False,1.0,0,1,0.0,0,2025-03-11 11:36:00
77.71529387162413,2.17942974651424,20.25769497509878,5.152813482286405,19.35139821908306,114.78039509875508,CNC,True,False,False,False,0.8499981925467593,0,0,15.00018074532406,0,2025-03-11 11:51:00
78.4079044959127,2.7163903116574195,15.96800913766394,5.214871925816694,20.50929318110633,123.35629833038678,CNC,True,False,False,False,0.8666977808747138,0,0,13.330221912528614,0,2025-03-11 11:55:00
80.50679012227246,2.5121989428677667,20.532660535912576,4.475004523865475,18.725873795425542,121.00462853282625,CNC,False,False,False,True,0.9153916186518288,0,0,8.460838134817124,0,2025-03-11 12:06:00
79.4968959840985,2.0960649733846486,15.275913258290483,5.173140161007989,20.304914331586197,117.24774063655394,CNC,False,False,True,False,0.7512149338883661,0,0,24.878506611163388,0,2025-03-11 12:13:00
72.50981388180644,2.366388483705544,16.632302199000847,5.444301268965857,21.04577393118928,126.91068997423338,CNC,True,False,False,False,0.8482492542403561,0,0,15.175074575964388,0,2025-03-11 12:14:00
80.74674570909434,1.5356595331072906,20.357686888051287,4.705239459107281,20.086631220000843,120.41014964694058,CNC,False,False,False,True,0.7406721160446172,0,0,25.93278839553828,0,2025-03-11 12:19:00
80.25007981778796,2.223608217223363,15.341984725553104,5.082671051415646,21.13040166373972,114.1213277666652,CNC,False,False,True,False,0.7734483078866164,38,0,3.655169211338361,0,2025-03-11 12:22:00
77.45558964856646,1.6569983026748418,18.27458342291719,4.930222426285887,19.47192551595156,113.7035222405998,CNC,False,False,False,True,0.7111132590789939,0,0,28.88867409210061,0,2025-03-11 12:28:00
76.05622067060187,1.73139368790224,13.291034154606796,5.049750448920372,19.008467177685933,122.74439257760169,CNC,False,False,False,True,0.6199882205622061,0,0,38.00117794377938,0,2025-03-11 12:36:00
77.20601328720801,1.7819774285353942,14.555486132084962,5.097958920685092,19.104519453431703,129.29401317790257,CNC,False,False,True,False,0.6938890163080849,34,0,13.61109836919151,0,2025-03-11 12:41:00
85.15731658301483,1.8967705915213,18.862019384260154,4.702936333691048,19.696020105766777,116.65610880609438,CNC,False,False,True,False,0.7811559310951884,0,1,21.88440689048116,0,2025-03-11 12:51:00
76.3395588650351,2.0443267722200384,16.76364991579966,4.546783061049015,20.354813290422296,122.90686529669462,CNC,False,False,False,True,0.7829674758122445,0,0,21.70325241877555,0,2025-03-11 12:53:00
86.8434019320382,2.1782952853280095,23.975501817349617,4.910128039348052,21.150594034234555,112.1332652519713,CNC,True,False,False,False,1.0,0,1,0.0,0,2025-03-11 12:54:00
74.7583190784303,1.7665715642501858,19.113749444736293,5.343765701903782,22.026490858591277,126.0933260539446,CNC,False,False,True,False,0.7608840920020233,0,0,23.911590799797665,0,2025-03-11 12:57:00
77.38386752847146,1.986221351377952,16.475733102971805,4.750954440016272,18.687835663618447,117.91604174430827,CNC,False,False,True,False,0.7348463468422392,36,0,8.51536531577608,0,2025-03-11 13:13:00
82.40486273860054,1.5567162779241666,12.98208564300985,5.589792802951302,22.67209957490129,121.37256993746642,CNC,False,False,False,True,0.5734771009494166,0,0,42.65228990505834,0,2025-03-11 13:20:00
80.18283495249781,2.5676575282499203,17.0819366536422,4.720983223009954,20.95684747438989,113.7816344290558,CNC,False,False,True,False,0.8794739257411232,0,0,12.052607425887686,0,2025-03-11 13:22:00
81.2074816061563,2.217377533616937,17.97600531074455,4.737868990719682,20.659504583409536,118.54333996937528,CNC,False,True,False,False,0.8255895657734619,0,0,17.441043422653806,0,2025-03-11 13:26:00
77.93289523805245,1.5306133617992588,21.16898875031412,5.624941803749292,19.44946637205256,122.826001085423,CNC,False,False,True,False,0.766611348438423,38,0,4.338865156157695,0,2025-03-11 13:31:00
82.67393215209553,1.9538007004406504,19.921864357216524,4.982870248369792,21.55757905573945,124.023937217637,CNC,False,False,False,True,0.8026656757268176,0,0,19.73343242731825,0,2025-03-11 13:39:00
72.23173731836347,1.6038519669784903,20.29297431746608,5.065371128154452,21.141788559052262,117.13762488094204,CNC,False,False,False,True,0.7406512564979336,0,0,25.93487435020664,0,2025-03-11 13:45:00
78.15912935748896,1.921007657936625,15.66448516820016,5.246631740922909,19.37336731261877,120.70939021314248,CNC,False,False,False,True,0.6994593320384347,0,0,30.054066796156533,0,2025-03-11 13:47:00
85.56140633623224,1.6369517169757526,15.72872819048434,5.074427372988219,18.944515434027377,115.9052377751314,CNC,False,True,False,False,0.6809762854081661,0,1,31.902371459183385,0,2025-03-11 13:49:00
78.09534372353033,2.477420110328841,19.01859064728401,5.224629388228442,20.963067637840343,123.51746761355588,CNC,True,False,False,False,0.9093558906702724,0,0,9.064410932972764,0,2025-03-11 13:50:00
81.63050216705693,2.289246765251593,21.234089849043364,5.14834711698841,20.07637054330321,120.08927650741089,CNC,False,False,True,False,0.9323982168076008,0,0,6.7601783192399125,0,2025-03-11 13:52:00
76.1815356219339,1.6770856437793826,19.122945259652266,5.386450130212125,18.36824367842957,114.10501913521551,CNC,False,False,False,True,0.7261086300661621,0,0,27.389136993383783,0,2025-03-11 14:03:00
72.61269419455267,1.797862968302157,19.12570896091426,5.013145349592086,20.118804393034463,116.63890563723795,CNC,True,False,False,False,0.7597849657258278,37,0,5.52150342741723,0,2025-03-11 14:04:00
81.05175154615257,1.186216230856869,19.56040344237215,4.953404658947586,20.156813368323824,117.18466900102447,CNC,False,False,False,True,0.6658333607979533,0,0,33.41666392020467,0,2025-03-11 14:06:00
77.30274601672703,1.5707506395125983,17.288130165826058,5.176197798465335,22.50806265956348,122.3730196151738,CNC,False,False,False,True,0.672497571176849,33,0,16.250242882315092,0,2025-03-11 14:08:00
89.34818066804164,6.743595408148444,26.18993625214141,5.262928438047815,15.547447354646222,115.57132199683124,CNC,False,False,False,True,1.0,0,1,0.0,0,2025-03-11 14:14:00
75.70711250482618,1.651380253923115,17.350284147002906,5.424320028722379,21.08033602535811,120.22411565966142,CNC,False,True,False,False,0.7118400702137189,0,0,28.81599297862812,0,2025-03-11 14:16:00
72.16542950483573,1.880160352858144,16.03596100557819,4.592698439432908,19.089015431793623,115.45767831238612,CNC,False,True,False,False,0.7449808711715727,0,0,25.50191288284273,0,2025-03-11 14:18:00
79.23408798270944,2.038756241999513,16.626535208865295,4.5656147317033176,20.64151515651489,113.41715103556392,CNC,False,False,True,False,0.7820830984142474,0,0,21.791690158575264,0,2025-03-11 14:19:00
72.80815533891686,1.5075859653193708,19.804182623176537,4.462716243766439,19.265799506987012,117.33649456222513,CNC,False,False,False,True,0.7402149804905422,37,0,7.47850195094577,0,2025-03-11 14:27:00
78.69384883565318,1.9903169317692144,18.205082879635047,5.588264796260916,20.08344518564868,127.0742006822963,CNC,False,False,True,False,0.7762903390102661,0,0,22.370966098973383,0,2025-03-11 14:33:00
76.29011507760757,1.973874582157055,14.625441840717665,4.469887451219024,22.72518985499356,128.4253217266659,CNC,False,False,False,True,0.6919284920168096,34,0,13.807150798319045,0,2025-03-11 14:34:00
76.40348118574464,1.9447902802402992,19.0607383779976,4.510502061337492,18.41746886693422,113.40799308763266,CNC,False,True,False,False,0.804028820565732,0,0,19.597117943426795,0,2025-03-11 14:44:00
75.07432690392535,2.015757910464595,15.199857531196525,4.932268457153981,18.166455789493615,117.89533217708116,CNC,False,True,False,False,0.7352686325935894,0,0,26.473136740641053,0,2025-03-11 14:49:00
72.53492771737602,1.7732147879924238,17.792375031194066,5.262221743315381,17.234370561811055,119.64763213061272,CNC,False,False,True,False,0.752959271991789,0,0,24.70407280082109,0,2025-03-11 14:50:00
75.64209204815583,2.3997654402995385,15.113598412428413,4.222971771425037,20.89789263716659,121.95242146937169,CNC,False,False,False,True,0.7969613911448599,0,0,20.303860885514013,0,2025-03-11 14:54:00
79.32521344181467,1.4917232312014763,20.82968132565111,4.956806525594956,20.66345323420301,111.5028524019624,CNC,False,True,False,False,0.749689999330684,37,0,6.531000066931597,0,2025-03-11 15:00:00
88.85706585686879,7.559441717583184,23.367058139885888,4.870103225967211,19.9628968687964,128.35046950291544,CNC,False,True,False,False,1.0,0,1,0.0,0,2025-03-11 15:05:00
78.81786584891948,1.8841032573658476,20.215442191964897,5.264461171464538,16.65748634007533,123.67467987127158,CNC,False,True,False,False,0.8279582995161541,41,0,0.0,0,2025-03-11 15:06:00
74.00764540954702,2.231971995999728,18.384008473937357,4.820139922462874,19.40086282852097,123.53448145459257,CNC,False,True,False,False,0.8186279350214811,0,0,18.13720649785189,0,2025-03-11 15:13:00
79.29091293724849,2.092487619091646,18.640375709843745,4.843842213153143,18.043176650623835,118.06881455644316,CNC,False,False,False,True,0.8269265246494515,41,0,0.0,0,2025-03-11 15:15:00
75.04139701174998,1.8790136624267184,14.861220809250632,4.861558291287994,20.709430347069908,127.66811422866462,CNC,False,True,False,False,0.6946404424102522,0,0,30.53595575897478,0,2025-03-11 15:26:00
78.46980543445731,1.944941548352854,17.5214537056963,5.710917907212181,21.7235220440786,117.41986734139137,CNC,True,False,False,False,0.771249610078974,0,0,22.875038992102603,0,2025-03-11 15:29:00
75.33077238561829,1.687940386713358,17.801371324415936,5.180021868474059,22.63456698144199,126.66819280929914,CNC,False,False,False,True,0.726939438385645,0,0,27.30605616143549,0,2025-03-11 15:38:00
77.28456798973859,2.440034767069693,19.08117908362448,4.9674176048888485,20.111610007889222,114.20603466787698,CNC,True,False,False,False,0.8885871326340052,44,0,0.0,0,2025-03-11 15:43:00
74.60460104772046,2.1308707114403167,17.248982038721,5.2310067818428845,19.952988270995416,109.56575735342032,CNC,False,True,False,False,0.803625704191409,0,0,19.637429580859106,0,2025-03-11 15:45:00
86.21665245083173,7.018012670832771,22.04031607876884,5.202635068678911,19.67821857449613,114.58167083285952,CNC,True,False,False,False,1.0,50,1,0.0,0,2025-03-11 15:46:00
77.68491922080828,2.2036184207838256,20.53851134379724,5.444781344344164,21.298808882876514,120.34411828852323,CNC,True,False,False,False,0.863861071360654,0,0,13.613892863934597,0,2025-03-11 15:47:00
76.76042562191671,1.5677055096425243,15.409482758665758,4.892202497718405,20.5509790817738,119.73383166218284,CNC,False,True,False,False,0.6332305698295824,0,0,36.676943017041765,0,2025-03-11 15:53:00
74.77862990460476,2.338305888354929,19.157819636138267,4.335367604328804,21.29790673594182,118.64606751510468,CNC,False,True,False,False,0.8906937778405162,44,0,0.0,0,2025-03-11 15:55:00
82.1725443448733,1.7568414110535122,20.03125576798894,6.085926775794529,21.361298451189047,128.85478776673872,CNC,False,False,True,False,0.76046982014095,38,0,4.953017985905007,0,2025-03-11 15:58:00
77.33410549941773,1.9444707051736343,17.24978201011287,5.121188749434913,22.95267693404044,119.73722919039903,CNC,False,False,False,True,0.77476230928919,0,0,22.52376907108101,0,2025-03-11 16:02:00
78.2876974944708,2.391821661161489,15.67067330297521,5.090930362729276,18.87364945106627,123.82821553241348,CNC,False,False,False,True,0.8095798838269532,0,0,19.04201161730468,0,2025-03-11 16:15:00
74.52408491646895,1.9134274648537697,17.448320080207086,5.271749268229648,19.11961609183236,116.10271899373885,CNC,False,False,False,True,0.7487549017943294,0,0,25.12450982056707,0,2025-03-11 16:25:00
88.97755930970725,6.826999021408272,25.22801466537809,4.8781328664977375,19.526054072970958,122.54750691412202,CNC,True,False,False,False,1.0,0,1,0.0,0,2025-03-11 16:26:00
76.30423962389484,1.950475830499086,19.27020002319585,4.453069415486017,23.46806608453929,116.22012354342496,CNC,True,False,False,False,0.8015327922838323,40,0,0.0,0,2025-03-11 16:35:00
81.06799934888961,2.8339890872670668,18.28850704456408,5.748055477128522,20.40791088641081,122.43543279557797,CNC,False,True,False,False,0.9426235117374484,0,0,5.737648826255153,0,2025-03-11 16:42:00
73.27152022547432,2.2203430235003654,19.37123874843697,5.313386259329894,18.031009158801083,118.15141657620352,CNC,True,False,False,False,0.8435419564140684,0,0,15.645804358593168,0,2025-03-11 16:45:00
94.55252496383812,6.298434659276288,28.03442035571697,5.004547963519397,21.675469141460194,117.3182698652174,CNC,True,False,False,False,1.0,50,1,0.0,0,2025-03-11 16:49:00
78.62161253129521,2.337433015995744,20.68544372270237,4.865382031516355,18.51320867356317,122.27984199940296,CNC,False,False,False,True,0.9145078911733608,45,0,0.0,0,2025-03-11 16:53:00
76.81774977922504,1.8719587415194228,15.50989755299201,5.779585244579048,20.909355790244437,115.64678604516666,CNC,False,False,False,True,0.714108968026256,0,0,28.5891031973744,0,2025-03-11 17:01:00
74.78429195818433,1.922318361026483,17.2343650380265,5.294262057456548,19.695614065198654,127.15015194460683,CNC,False,False,False,True,0.7644751723729456,0,0,23.55248276270544,0,2025-03-11 17:02:00
76.50136925884334,2.1782952853280095,19.88719555254589,5.733653825744956,20.13506237580044,129.50882854350772,CNC,False,True,False,False,0.9200022716492604,46,0,0.0,0,2025-03-11 17:05:00
78.76472597539693,2.3295454628155454,17.961755640292584,4.508046753885384,18.73842735440256,126.3788591037916,CNC,False,False,False,True,0.8699692647676585,43,0,0.0,0,2025-03-11 17:07:00
77.69857500343703,2.019351791858772,15.30070065955972,4.812108081404161,17.769268646435343,114.76407822375886,CNC,True,False,False,False,0.7274581321383379,0,0,27.254186786166212,0,2025-03-11 17:09:00
84.61693694722948,2.6173433531293284,16.586661791853718,5.087723565252822,22.851247722598615,120.1650793846743,CNC,False,False,True,False,0.9016010017346192,45,0,0.0,0,2025-03-11 17:12:00
74.22182496620515,1.962044330913815,17.425780990275314,4.129780489204972,19.62843920234825,122.95644794646736,CNC,True,False,False,False,0.790118366959124,39,0,1.4881633040876068,0,2025-03-11 17:15:00
78.05143290105818,2.380388146130927,16.51700350017455,4.78030453867497,18.2858139575054,125.47083417807563,CNC,True,False,False,False,0.8312704914007583,0,0,16.872950859924174,0,2025-03-11 17:17:00
79.5854902840806,2.2264876298425893,19.338170420535047,4.547605044605765,20.140859722490674,123.06768064592596,CNC,False,False,False,True,0.8503920558668374,0,0,14.960794413316265,0,2025-03-11 17:21:00
82.83147525518882,2.0350490522516558,18.415721002134163,5.362713706670172,19.38175828242768,120.24358339696904,CNC,True,False,False,False,0.8249724568216379,0,0,17.502754317836207,0,2025-03-11 17:28:00
75.08666170752038,1.6143226997731916,18.2651953440522,5.16234010667716,19.18885496753417,125.70948268484004,CNC,True,False,False,False,0.7336448172069552,0,0,26.63551827930448,0,2025-03-11 17:29:00
80.22855329680463,2.0990341371412837,18.59186648069219,5.152208122126521,23.461532341603174,130.04454709548065,CNC,False,True,False,False,0.8230620185335289,41,0,0.0,0,2025-03-11 17:32:00
80.71618373080977,1.975323890098564,18.555964880437845,5.053426166214392,16.443671940040343,127.81980668429853,CNC,True,False,False,False,0.7817038686426956,0,0,21.82961313573044,0,2025-03-11 17:38:00
78.26738081011467,1.8686788032787027,18.089104331142305,4.68128750693233,21.227470604479944,122.31126164646524,CNC,False,False,True,False,0.7538185649220706,0,0,24.61814350779295,0,2025-03-11 17:40:00
78.40715507167367,2.442763745151189,15.551195585905456,4.710254547278616,21.11778032284074,107.14926225709824,CNC,False,False,False,True,0.821571002691574,0,0,17.842899730842603,0,2025-03-11 17:49:00
79.68897604074901,1.9312756907234871,16.703061599961725,5.206287847668055,16.091634866467203,119.98125733099074,CNC,True,False,False,False,0.7362427303684306,0,0,26.375726963156936,0,2025-03-11 17:51:00
76.93686566168027,1.6588901350557537,13.687109245989934,4.968667660427937,20.16660120979345,127.98837498352492,CNC,False,False,True,False,0.6112117448013227,0,0,38.87882551986773,0,2025-03-11 17:52:00
81.44437994697948,2.041298582260414,17.226141106800107,5.012056264526071,19.297813199305715,119.58409669947795,CNC,False,True,False,False,0.7868562875715643,39,0,1.8143712428435637,0,2025-03-11 17:55:00
80.07729093316931,1.755680543766103,18.67751632456073,4.89073910139204,18.79537312892141,121.61335315371004,CNC,False,True,False,False,0.7465668903555003,0,0,25.34331096444997,0,2025-03-11 17:58:00
73.47704643034025,2.4502529090841136,17.743203468164783,5.537713830093838,18.61692042923386,125.52796572644742,CNC,False,False,True,False,0.8671607646475585,0,0,13.283923535244142,0,2025-03-11 17:59:00
85.1938529848996,2.4058401604690176,17.86342758447142,5.553801985060414,22.378518759651136,118.51665631662765,CNC,True,False,False,False,0.8700633797159466,0,1,12.99366202840534,0,2025-03-11 18:00:00
83.0219943831743,1.860027778639167,17.473152729760994,5.100813591973951,21.433907090267468,115.01428226607158,CNC,False,False,True,False,0.7381890067629316,0,0,26.18109932370683,0,2025-03-11 18:01:00
77.96050839885768,1.811398925890742,17.395461215834946,4.463496109105305,22.915376131066346,119.67595373219434,CNC,True,False,False,False,0.7311174672742863,0,0,26.888253272571376,0,2025-03-11 18:02:00
75.84731847281705,1.2145600403923162,19.0617343241343,5.215401262655617,20.083180002736547,121.02592445368091,CNC,False,False,True,False,0.624746256762562,31,0,22.0253743237438,0,2025-03-11 18:03:00
80.22723458054125,2.040557102296216,15.753609898249245,5.293770341123867,19.569376695327485,122.23693148236714,CNC,False,True,False,False,0.7339784084389793,0,0,26.60215915610206,0,2025-03-11 18:06:00
80.87267073779341,2.1516011442942045,15.884970659413137,4.727689773469928,20.662863383246304,127.60300450881606,CNC,False,True,False,False,0.7510007638710089,37,0,6.399923612899116,0,2025-03-11 18:10:00
83.2601163743228,1.4300989157423356,17.766857307093343,5.53181369758821,20.431523065513584,113.81323154980416,CNC,False,True,False,False,0.6495748513586115,0,0,35.04251486413885,0,2025-03-11 18:12:00
74.12521217117344,1.9181466360979609,16.240712648897517,4.694060308676759,20.74837160144662,116.56559882605936,CNC,False,False,True,False,0.7193827987489106,35,0,10.561720125108934,0,2025-03-11 18:22:00
73.0056455338622,1.5480424225882654,17.69429001637155,4.556156252838788,18.188337766363404,112.76558516619647,CNC,False,False,False,True,0.6877759245961744,34,0,14.222407540382562,0,2025-03-11 18:26:00
78.24610129968816,2.2987921036539336,16.984566461700574,5.390334756649527,19.89404903052204,116.32839998843312,CNC,False,False,True,False,0.8137506351063134,0,0,18.624936489368665,0,2025-03-11 18:29:00
79.12151763403675,1.619160420196156,18.785536726102247,4.989114347048857,20.15241157803501,120.85352741377254,CNC,False,True,False,False,0.7335771452567214,0,0,26.642285474327863,0,2025-03-11 18:33:00
79.27121206387632,1.9495098730485072,15.824502649292665,4.428110302787852,20.21604635296884,115.49594129494318,CNC,False,False,True,False,0.7404817870416862,0,0,25.95182129583138,0,2025-03-11 18:34:00
76.28251553918174,2.038810402011145,18.04470110993273,5.210067725304867,22.22665105766034,110.01476281691012,CNC,True,False,False,False,0.8006846911343868,0,0,19.93153088656132,0,2025-03-11 18:44:00
74.98474712798182,1.3916968184987453,21.68363121877321,4.7134422825197015,22.31218579224838,113.76835261125788,CNC,False,True,False,False,0.7357237529661437,0,0,26.427624703385632,0,2025-03-11 18:53:00
73.7023001907986,1.734187925906487,17.70930115537223,4.744405978373329,18.715872691998637,120.18981864105318,CNC,False,False,True,False,0.7148104309431323,0,0,28.518956905686764,0,2025-03-11 18:54:00
84.06564280314547,2.120680423160389,18.66552095727402,4.8741594210231804,20.999813797973943,118.59565377101173,CNC,False,False,True,False,0.8126610967033002,0,0,18.733890329669972,0,2025-03-11 19:00:00
81.86076569629533,2.0324042362938504,18.47528531259992,4.743149130467359,18.608428561573447,124.6641944618112,CNC,True,False,False,False,0.8013147527448873,0,0,19.86852472551128,0,2025-03-11 19:02:00
75.02744734014544,1.7280054364537123,15.578514746741671,4.1893688893602254,20.289198188759404,120.36180194954191,CNC,False,True,False,False,0.674865497788766,0,0,32.51345022112339,0,2025-03-11 19:03:00
79.90870527672955,2.368182146624379,18.92083129968565,5.073686891812037,18.268044576672903,119.2590535479818,CNC,False,True,False,False,0.8608055620402616,0,0,13.919443795973834,0,2025-03-11 19:12:00
81.594096814855,1.6369518491057344,17.720915914144193,5.243980554932791,18.679090310327528,126.95995788090666,CNC,True,False,False,False,0.724200599067715,36,0,9.5799400932285,0,2025-03-11 19:13:00
74.45083496107073,2.131573787276301,18.513566514649447,4.907252597349684,21.146281424203345,117.76800750592244,CNC,True,False,False,False,0.84018513387538,0,0,15.981486612462009,0,2025-03-11 19:14:00
80.19947173370318,1.5889920117906713,17.543054912380917,4.86319306167809,22.95878715957036,124.82786779396592,CNC,False,True,False,False,0.7007677089358711,0,0,29.92322910641289,0,2025-03-11 19:15:00
82.0998666299441,2.3196128816778807,19.334130945456707,4.538606987644543,22.07365001135815,115.96834390560196,CNC,True,False,False,False,0.8759244341338448,43,0,0.0,0,2025-03-11 19:16:00
77.10059084742981,2.4653735799283187,17.217950666268848,4.892528848990017,21.059100424783143,107.1620744103312,CNC,False,False,True,False,0.841896502671787,42,0,0.0,0,2025-03-11 19:22:00
79.90538915989134,1.9081958136927768,20.65729282308929,4.97726525911722,19.878393888487963,109.78230823051882,CNC,False,True,False,False,0.8355016885606896,41,0,0.0,0,2025-03-11 19:25:00
76.26380952684333,2.043628165221728,19.634934253396743,4.328198882834639,20.69639561485369,117.34709822176396,CNC,True,False,False,False,0.8484034416907367,0,0,15.15965583092634,0,2025-03-11 19:26:00
79.94401414683524,1.78888688020057,16.173082840735553,4.516678593736267,20.851991809286364,119.72829579481676,CNC,False,False,True,False,0.7109787614241129,0,0,28.90212385758872,0,2025-03-11 19:27:00
80.67490282018042,2.043297941517811,17.897528328935618,5.5105055951494215,18.073442036736203,116.54219298653112,CNC,False,False,False,True,0.8155946600518265,40,0,0.0,0,2025-03-11 19:29:00
78.62202631037692,2.101806743826866,17.55345682313338,5.007292398854847,18.397963436163234,125.04647477889904,CNC,True,False,False,False,0.8093011991734871,40,0,0.0,0,2025-03-11 19:31:00
77.4466214770943,2.084915948677596,21.33332651845505,5.237221620113209,16.858343709927645,124.67358872914248,CNC,False,False,False,True,0.8528092401522934,42,0,0.0,0,2025-03-11 19:37:00
75.78366494718422,2.0058798849732886,21.049034362231808,5.384437382892833,18.986093502794255,113.74150975739929,CNC,False,False,False,True,0.8579028205603502,0,0,14.20971794396499,0,2025-03-11 19:40:00
82.51535300285322,1.759270988040549,17.110107218209496,4.330766394997704,21.98382269424749,120.10802773795842,CNC,False,True,False,False,0.6966934684676267,34,0,13.330653153237336,0,2025-03-11 19:41:00
81.07144787109499,2.1736785945713706,21.202148612328784,4.767367694709113,18.710842719807037,124.14636843283232,CNC,False,True,False,False,0.8919877322509677,0,0,10.801226774903228,0,2025-03-11 19:42:00
73.3472918821814,2.208779630282255,21.176894352480225,5.331639376007335,17.83303812039738,119.01594438451188,CNC,False,False,True,False,0.8711917886734332,0,0,12.880821132656678,0,2025-03-11 19:49:00
78.20665499640194,1.845015740371968,16.630025641712503,4.70326273559661,21.16240416066271,113.66331517016714,CNC,True,False,False,False,0.7490897104441722,0,0,25.091028955582782,0,2025-03-11 19:50:00
81.27674557940554,2.0840136028092213,19.5308043120267,5.235374472096123,21.354017214048877,115.3091007438938,CNC,True,False,False,False,0.8117421055573609,0,0,18.825789444263904,0,2025-03-11 19:52:00
77.2831968281392,1.1976298615537575,20.14682540482089,5.175002481389215,20.485448708769468,121.78581292850636,CNC,True,False,False,False,0.6576631395829975,0,0,34.23368604170025,0,2025-03-11 19:53:00
84.41585321897902,1.4747073276784315,18.99737982427109,4.769063193716667,19.968001427553368,115.5202649820561,CNC,False,False,False,True,0.7222536839734714,0,0,27.77463160265286,0,2025-03-11 19:54:00
73.64694089379503,1.946752434867715,14.11500461807646,4.396002731768317,22.52399437197217,121.35517126430622,CNC,False,False,False,True,0.6765349630078973,0,0,32.346503699210274,0,2025-03-11 19:55:00
78.71297232689395,1.8892043689525435,15.688584850166167,4.9435401310628775,19.11973598071372,109.38310730800886,CNC,False,False,True,False,0.6959127656805686,0,0,30.408723431943145,0,2025-03-11 19:57:00
76.10023469843972,1.995133064721217,18.68350784142708,5.514778914446568,20.27486286568808,116.10227762320312,CNC,False,False,True,False,0.8209588452183618,0,0,17.904115478163817,0,2025-03-11 20:02:00
79.0597207301047,2.1192191070377704,12.95830598685453,4.534915824268896,18.8702166308173,127.59509786265492,CNC,False,True,False,False,0.7129287105593933,0,0,28.70712894406067,0,2025-03-11 20:04:00
79.01585468215188,2.2055870254132905,17.61101703027045,4.488505658072297,21.81248492892085,124.5420711954308,CNC,False,False,True,False,0.7982333569722742,0,0,20.17666430277258,0,2025-03-11 20:10:00
77.08195166129062,2.4038299383542774,21.216134494345457,5.134529187728512,18.651689283684007,122.9852804986927,CNC,False,True,False,False,0.9243319123808732,46,0,0.0,0,2025-03-11 20:13:00
83.47371481388032,1.942008732065609,15.928791887909211,4.850150872269578,15.569264771899064,124.46880898693917,CNC,True,False,False,False,0.70842126670477,0,0,29.157873329523,0,2025-03-11 20:14:00
80.13025584126831,2.386659027561891,16.6411100301645,5.483001277980768,20.85315454300917,123.54514887659153,CNC,True,False,False,False,0.8266314003775773,41,0,0.0,0,2025-03-11 20:21:00
82.87485334417894,1.960099050820981,17.975951942173623,4.6744745432284285,19.055170643640928,126.76945929661711,CNC,False,False,True,False,0.7988832231214114,0,0,20.111677687858855,0,2025-03-11 20:22:00
77.10668180410401,1.6037323152481515,17.5208882821258,5.072187256732483,20.521874117181326,119.5242474397161,CNC,False,True,False,False,0.6962998340952127,0,0,30.370016590478727,0,2025-03-11 20:23:00
74.85147872318956,1.859070660698859,15.640446501250985,5.519166602264304,22.744343894481855,111.20356489979712,CNC,False,False,True,False,0.7000835387807093,0,0,29.991646121929065,0,2025-03-11 20:25:00
78.32890289434172,2.3468020008353383,18.790614505298663,4.976998812482034,20.37977554354895,116.00739803907986,CNC,False,True,False,False,0.8708104294770366,0,0,12.91895705229635,0,2025-03-11 20:27:00
78.72086674961078,1.8174518288806396,18.066046614386067,4.809806103524223,17.856099680493283,110.46389000155598,CNC,False,True,False,False,0.740144537829599,0,0,25.985546217040092,0,2025-03-11 20:28:00
79.04719683016488,2.073511599294622,18.591331102964,5.168123926994082,20.540196426916346,125.59270704667976,CNC,True,False,False,False,0.8201464782332222,0,0,17.98535217667778,0,2025-03-11 20:33:00
80.08600647551135,1.536964717044276,14.348684008670784,5.503713484574467,20.12171574777443,124.54222582822888,CNC,False,True,False,False,0.6168664129407679,0,0,38.31335870592321,0,2025-03-11 20:35:00
77.26776005146463,1.7359964054927708,17.613318100640754,5.474002793433206,18.525345279283776,113.91250336892068,CNC,True,False,False,False,0.7480355924898674,0,0,25.196440751013256,0,2025-03-11 20:40:00
89.15135697611686,6.643494008129716,22.672152523180515,5.03762793647661,21.10525568615777,127.3846101110735,CNC,False,False,True,False,1.0,0,1,0.0,0,2025-03-11 20:43:00
79.50841954851559,2.5222824459790973,20.30333116609495,4.886525511629131,20.34727815806969,123.57958570242782,CNC,False,False,True,False,0.9329022371654206,0,0,6.709776283457941,0,2025-03-11 20:51:00
80.43882192710339,2.126515079900929,16.423847492192657,4.633747081456616,19.894309489301005,123.58363823858672,CNC,False,True,False,False,0.7668749526040426,0,0,23.312504739595735,0,2025-03-11 20:55:00
80.24665405298197,2.06100783799963,19.449658746971664,4.61995817234174,18.005892345012377,125.43803492599476,CNC,False,False,True,False,0.8422523152346711,0,0,15.774768476532884,0,2025-03-11 21:01:00
79.3368855997212,2.2045230226445427,19.845955130280863,4.512729573277072,18.062816653269557,123.810319369313,CNC,False,True,False,False,0.8467987773990758,42,0,0.0,0,2025-03-11 21:02:00
78.8768702969182,1.9994857538992807,21.085613547539364,5.558040762600919,20.927433954966062,122.07831686269304,CNC,True,False,False,False,0.8426131649834583,0,0,15.738683501654164,0,2025-03-11 21:07:00
79.78890159986982,1.932421207252594,14.632534864771902,5.547947289344764,20.16071799460635,128.04770828519185,CNC,True,False,False,False,0.7157574552914037,0,0,28.42425447085964,0,2025-03-11 21:11:00
92.34551819774,8.532728348942916,27.62099009518176,4.743433683990626,19.66363856667772,118.7989556449874,CNC,False,True,False,False,1.0,0,1,0.0,0,2025-03-11 21:12:00
81.93005239207805,1.3851456451435025,17.1918093763352,5.518502683899201,19.25455530061925,115.9729916496721,CNC,False,False,True,False,0.6395432714427346,0,0,36.045672855726544,0,2025-03-11 21:17:00
79.07890371340399,2.137163919107754,17.304950114962285,4.963902847423872,22.87892195021669,122.01359094634913,CNC,False,True,False,False,0.7917887045337328,39,0,1.3211295466267217,0,2025-03-11 21:23:00
78.11030856512325,1.881985310676603,15.686889565865329,5.4704043940790825,18.134956608980165,123.12614235436553,CNC,False,False,False,True,0.7151774021145015,35,0,10.98225978854984,0,2025-03-11 21:24:00
78.54842726241962,1.987558466600256,17.000257930989935,4.553574329571242,19.80002629022284,124.81868938586554,CNC,False,False,True,False,0.7717833448627159,38,0,3.821665513728405,0,2025-03-11 21:31:00
78.05349045307287,2.5389995605025053,20.043926310120007,4.542822981446713,18.628019397011407,121.55239638502968,CNC,False,True,False,False,0.910887277114984,0,0,8.911272288501607,0,2025-03-11 21:33:00
78.34548805224674,2.3318694676579907,21.064760765175244,5.227950550391809,21.109638936045904,125.9249222380016,CNC,True,False,False,False,0.933671551656905,0,0,6.632844834309509,0,2025-03-11 21:40:00
79.40802827664837,2.060209608286664,18.84107341180814,4.729578253380478,22.22782487622068,129.08655409862803,CNC,False,False,False,True,0.8286126993743683,41,0,0.0,0,2025-03-11 21:41:00
72.44677443983998,1.8364738310013229,18.028574423767974,4.763541268029756,19.21725418776778,121.049630262065,CNC,False,False,False,True,0.7674029965401599,38,0,4.259700345984015,0,2025-03-11 21:46:00
82.90353130683609,1.619212668427069,21.22595634118611,4.78505496427464,21.83695809682276,122.88602826263975,CNC,True,False,False,False,0.7621493849780401,0,0,23.785061502195987,0,2025-03-11 21:48:00
81.33126900352953,2.089725720206332,20.75467005905668,4.71227132527673,20.80378541373296,125.12567302278792,CNC,True,False,False,False,0.8449023591415877,42,0,0.0,0,2025-03-11 21:51:00
80.35073580286901,2.24994732998883,13.616042687440238,4.947769817081931,18.70653959575448,115.47704393143464,CNC,True,False,False,False,0.7246382996877806,0,0,27.536170031221943,0,2025-03-11 21:52:00
76.66721202337604,2.259274515409591,19.36326844733678,4.825657058007438,21.940726536222087,116.52177274939902,CNC,False,False,False,True,0.865739228904529,0,0,13.426077109547094,0,2025-03-11 21:54:00
77.75098503765675,1.7227811577976804,18.128815044863885,5.433304710517722,18.826188070510334,126.07936781099492,CNC,False,True,False,False,0.7187695398263553,0,0,28.123046017364477,0,2025-03-11 21:57:00
77.06547531148931,2.1157249904545083,19.14097217215938,4.876969044174502,18.825700234553764,121.55076913050752,CNC,False,True,False,False,0.8288850676868621,41,0,0.0,0,2025-03-11 22:00:00
78.02798767206924,1.800291960531936,22.0271085892974,4.535299479929435,18.73289388681324,113.78689927527545,CNC,False,False,False,True,0.8180250010382375,0,0,18.197499896176254,0,2025-03-11 22:03:00
78.2090331155931,1.730824098151623,20.10063910455271,6.009349332559824,18.911122871009333,122.81489590952428,CNC,True,False,False,False,0.7889982494593071,0,0,21.100175054069297,0,2025-03-11 22:09:00
74.24680934496439,1.83506319210859,19.592680039497665,4.9518010344402565,18.492942708939808,129.11679481018234,CNC,False,False,False,True,0.7943228419895507,39,0,1.067715801044926,0,2025-03-11 22:11:00
72.4845624566014,1.9054200998251232,17.99675656607324,4.257626685124626,21.625322784991805,120.40356863363225,CNC,False,False,True,False,0.7770318334600803,38,0,3.296816653991968,0,2025-03-11 22:12:00
81.20031434824624,2.139929386223695,19.15112385166073,4.633095343129085,20.404405541094867,130.39578349233403,CNC,True,False,False,False,0.8343850954168587,0,0,16.561490458314125,0,2025-03-11 22:25:00
77.93548774783119,1.3340666157644447,19.34203560983554,4.933405766287382,20.517162458888443,121.12920917018654,CNC,False,False,True,False,0.696142809667711,0,0,30.38571903322889,0,2025-03-11 22:34:00
80.20618238476564,1.875972868809068,15.491954695142969,4.704504509878029,22.05912449937331,116.8943260060188,CNC,False,False,True,False,0.6953066031461912,34,0,13.469339685380874,0,2025-03-11 22:38:00
80.35410086077619,2.4302929008056227,19.262448713943567,5.97047120153671,17.763158252914305,112.3744717949282,CNC,False,False,True,False,0.8727231278092573,0,0,12.72768721907427,0,2025-03-11 22:44:00
82.83792845990557,2.13824745962116,17.24493770288035,5.0718781524424825,19.05785324738033,121.82300901852416,CNC,False,False,True,False,0.8012413327745183,0,0,19.87586672254818,0,2025-03-11 22:47:00
84.00915236817355,1.9756798683693748,16.9330951084482,4.899288530429448,21.37911264313047,111.33116454995876,CNC,False,True,False,False,0.7694991865721842,0,0,23.05008134278158,0,2025-03-11 22:49:00
79.4625801788863,2.5233751610225745,15.946749034231642,4.916144002632335,19.88241995040591,124.29847525648884,CNC,False,False,False,True,0.8573044384951044,0,0,14.269556150489564,0,2025-03-11 22:50:00
82.02437630133592,2.1000109553782638,17.567997156853774,5.603809597079541,21.50723253763687,115.93014102054744,CNC,True,False,False,False,0.7864132980087424,39,0,1.8586701991257684,0,2025-03-11 22:54:00
73.7048358816595,2.184483391709413,15.983133958937708,4.150389169648459,16.17496056272548,112.55870893588484,CNC,False,False,True,False,0.7685006027936803,0,0,23.149939720631977,0,2025-03-11 23:06:00
79.46842299232974,2.1529049231726987,14.940502089991815,4.723994960074166,20.57903692806284,121.00047029564196,CNC,False,True,False,False,0.7647247208803312,0,0,23.527527911966885,0,2025-03-11 23:07:00
77.69857500343703,2.8806218619165405,13.025086482587742,5.208978084370678,18.817536102837558,127.27749146039471,CNC,False,False,False,True,0.8684669608397417,0,0,13.153303916025834,0,2025-03-11 23:10:00
78.42173221620025,1.713614569414982,20.105094621469497,5.337109612039611,20.220488426432837,116.04644690255716,CNC,False,True,False,False,0.7787788003358939,0,0,22.122119966410608,0,2025-03-11 23:18:00
81.61755070277397,1.946145627538256,19.7731589855153,4.32664714678287,17.031020307720958,129.07838727540158,CNC,False,True,False,False,0.7853682812231512,0,0,21.46317187768489,0,2025-03-11 23:21:00
81.32859047146934,2.2682698323502803,15.097547402197684,4.354652705518024,21.04054693251972,112.98535463793444,CNC,False,False,True,False,0.7708852774222809,0,0,22.91147225777192,0,2025-03-11 23:22:00
75.35466205077397,1.9206362303885836,20.42635837678318,4.469937137920895,22.038937136504764,124.75692491750384,CNC,False,False,False,True,0.8420191848266444,0,0,15.79808151733556,0,2025-03-11 23:24:00
77.69857500343703,2.0474284627600428,17.17310259305641,4.616828864201893,20.52044044532672,116.5703274802519,CNC,False,False,False,True,0.7531620994839834,0,0,24.68379005160166,0,2025-03-11 23:31:00
80.99983742442647,1.64954665164494,17.734791843519005,4.812347713549015,19.264106387144853,120.79917675954049,CNC,False,True,False,False,0.7295231181453612,0,0,27.047688185463883,0,2025-03-11 23:45:00
82.87137255938275,2.246619823409758,15.3750653931029,4.594557663058213,19.47735807456261,111.601273367405,CNC,False,False,False,True,0.7759234260018727,0,0,22.40765739981273,0,2025-03-11 23:47:00
80.32318006144618,2.2472308690567115,16.323276239998386,5.1715244721732025,21.86833522202544,120.64364340369823,CNC,False,True,False,False,0.8025114205733774,40,0,0.0,0,2025-03-11 23:50:00
79.80414485233345,2.1782952853280095,19.56388507090384,5.241493206476089,21.58720416885113,116.90801573519674,CNC,False,False,False,True,0.9033462084898436,45,0,0.0,0,2025-03-11 23:52:00
79.54400480789454,2.0026365327896216,17.869179532809213,5.2512314787601,19.531133861907964,121.03441264878396,CNC,False,False,True,False,0.8055654908630397,0,0,19.443450913696022,0,2025-03-11 23:53:00
77.58434142855451,2.2053351432909283,17.400613008134222,5.205443717766089,18.43583741486537,124.13325898716216,CNC,False,False,False,True,0.8306294784397625,0,0,16.937052156023753,0,2025-03-11 23:56:00
77.69857500343703,1.8638325751540612,21.354401019932197,5.017625853965175,22.188328082948704,121.39039797786764,CNC,True,False,False,False,0.8405165020215148,0,0,15.948349797848522,0,2025-03-12 00:03:00
82.15236581530957,2.2670173197426378,17.129722504075932,5.45631432018099,21.822598408387456,125.54603991293364,CNC,False,False,True,False,0.8029370545640596,0,0,19.70629454359404,0,2025-03-12 00:04:00
80.48847122595542,1.8178215757741747,15.370242671191177,5.117203522903462,22.85133318440553,116.94889653731072,CNC,True,False,False,False,0.695354658621519,0,0,30.464534137848105,0,2025-03-12 00:05:00
81.31134746136473,1.9399396237098887,18.43814312507534,5.234208613142747,17.61765935193827,123.44142554244117,CNC,False,True,False,False,0.7807424073797412,39,0,2.4257592620258777,0,2025-03-12 00:06:00
78.95034787260138,2.369210871495341,17.496896199631728,5.697641273786392,19.26753831993276,122.74834906744024,CNC,False,False,True,False,0.8271184088330407,0,0,17.288159116695937,0,2025-03-12 00:11:00
82.7279782954779,1.7153141516693966,14.148865279334244,4.914491900775061,20.2879906829334,120.3989421571616,CNC,False,True,False,False,0.6457576445661107,0,0,35.42423554338893,0,2025-03-12 00:12:00
79.9965395702172,1.962040226075882,19.346945592316462,4.721727702333394,20.7043947249416,124.46771102944555,CNC,False,True,False,False,0.8230032015466214,41,0,0.0,0,2025-03-12 00:17:00
79.77452066991854,1.7269026974215147,17.50616334502109,5.211719973577468,20.661859733255408,126.79474975633558,CNC,True,False,False,False,0.7228274894496972,0,0,27.717251055030275,0,2025-03-12 00:18:00
75.17213583440245,2.208549574499042,14.148044363109795,5.54244268568413,19.733020688072983,117.35834555444788,CNC,False,False,False,True,0.7527562639743347,0,0,24.72437360256653,0,2025-03-12 00:19:00
77.09950272187675,1.887309901784798,21.574479929209332,4.799938927514108,17.067370829122776,122.08261772357584,CNC,True,False,False,False,0.809294726970529,0,0,19.0705273029471,0,2025-03-12 00:20:00
78.24045009727921,1.6085549328701152,17.132019075568085,5.212808972909114,18.6235760163405,120.98684231117346,CNC,False,False,True,False,0.7134010971295404,0,0,28.659890287045968,0,2025-03-12 00:21:00
80.06927991675168,1.5698809925569317,20.55686991593143,5.978307827645474,20.2806034069649,125.80124065914808,CNC,True,False,False,False,0.7269500648072463,0,0,27.30499351927537,0,2025-03-12 00:23:00
74.91218450183999,1.3679332656121757,20.066379728726297,4.922957424495678,21.677252822560963,112.41024434078376,CNC,False,False,True,False,0.7159658092118323,35,0,10.903419078816768,0,2025-03-12 00:25:00
77.47329622958226,2.5501689638073124,18.212987960580183,4.953035879862052,20.272216822818585,118.8958275398146,CNC,False,False,True,False,0.9108158635651762,45,0,0.0,0,2025-03-12 00:33:00
78.16334584571828,2.224784767063835,18.27458342291719,5.34922642653284,22.061203736225163,120.53272338217188,CNC,False,True,False,False,0.8275334998980183,0,0,17.246650010198167,0,2025-03-12 00:36:00
86.24908438583975,1.820756342592679,12.956790397075912,5.243593778596974,19.57846520408592,123.17481436806275,CNC,False,False,True,False,0.6353948769357911,0,1,36.46051230642089,0,2025-03-12 00:37:00
80.63321226375915,1.8692706509088144,19.78340116213915,4.337744255931967,20.891763503947203,119.05471039573813,CNC,False,True,False,False,0.7851075490226732,0,0,21.48924509773268,0,2025-03-12 00:41:00
81.91361839867591,1.647006516829984,16.010287295064916,5.4941727103027205,19.41014538625573,118.38323165280644,CNC,False,False,True,False,0.6640273958647519,0,0,33.59726041352481,0,2025-03-12 00:47:00
77.65423580340916,1.9225974391407168,15.873927454292565,5.096980072254328,22.14948241506437,120.02571570270923,CNC,False,False,False,True,0.7233153199822944,36,0,9.668468001770565,0,2025-03-12 00:51:00
80.5163693861742,1.8304818579346425,19.69367989093833,5.327196839702935,21.382904901928036,119.0972485455713,CNC,False,False,True,False,0.761560182261672,0,0,23.843981773832795,0,2025-03-12 00:53:00
89.12014315385161,7.5411781800298545,23.51448710643169,4.584506226334932,19.649180595029947,122.58500151256968,CNC,False,True,False,False,1.0,0,1,0.0,0,2025-03-12 00:59:00
